sale_id,sale_date,sale_time,store_id,store_name,region,country,product_id,product_name,category,quantity,unit_price,discount_pct,total_amount,channel,payment_method,customer_id
23e021f0-9815-4788-9638-786498f2eef6,2024-01-01,11:08:47,ST001,Paris Centre,Europe,FR,SKU001,Running Shoes,Footwear,3,129.99,0,389.97,in_store,credit_card,CUST001210
5e8551b4-45a6-4406-a2db-dec9abef883a,2024-01-01,11:14:32,ST004,Berlin Mitte,Europe,DE,SKU001,Running Shoes,Footwear,1,129.99,0,129.99,mobile_app,credit_card,CUST001150
774f5fb4-3df4-4fc8-b699-492cbf7db58c,2024-01-01,15:37:17,ST002,Casablanca Mall,Africa,MA,SKU009,Swim Goggles,Accessories,4,19.99,0,79.96,in_store,debit_card,CUST001430
28c713c7-6d01-4cbf-b6aa-071abb6cf4ce,2024-01-01,11:48:21,ST004,Berlin Mitte,Europe,DE,SKU006,Gym Bag,Accessories,3,59.99,0,179.97,in_store,credit_card,CUST000779
f82bb33b-ba62-49f5-bf6f-bb03e61922c8,2024-01-01,12:51:02,ST001,Paris Centre,Europe,FR,SKU006,Gym Bag,Accessories,3,50.99,0.15,152.97,mobile_app,mobile_pay,CUST001099
7cc201f0-ee3a-4056-8c57-efccff88a912,2024-01-01,12:53:40,ST001,Paris Centre,Europe,FR,SKU007,Tennis Racket,Equipment,1,169.99,0.15,169.99,mobile_app,cash,CUST001183
66061fbc-e7c0-49ae-9cf2-99c06f4835ec,2024-01-01,11:49:18,ST002,Casablanca Mall,Africa,MA,SKU002,Sport Jacket,Apparel,1,71.99,0.2,71.99,in_store,debit_card,CUST001775
8b0d6f1f-4c34-4efc-83cc-c7bb32b70c49,2024-01-01,18:53:23,ST001,Paris Centre,Europe,FR,SKU007,Tennis Racket,Equipment,3,179.99,0.1,539.97,in_store,cash,CUST000728
4876aa7f-4ca7-4d72-8d82-9fd5214a20bb,2024-01-01,18:10:34,ST002,Casablanca Mall,Africa,MA,SKU005,Training Shorts,Apparel,1,42.49,0.15,42.49,mobile_app,debit_card,CUST000335
679503c8-3a1f-40c4-a6fc-1105ca2c1311,2024-01-01,19:35:14,ST004,Berlin Mitte,Europe,DE,SKU007,Tennis Racket,Equipment,3,159.99,0.2,479.97,mobile_app,cash,CUST001727
c86a877e-1b3d-4853-95e3-63206562db7a,2024-01-01,13:25:17,ST001,Paris Centre,Europe,FR,SKU004,Water Bottle,Accessories,1,18.74,0.25,18.74,in_store,debit_card,CUST001871
8775a06d-caba-4c60-995c-506e8f5aadfb,2024-01-01,15:25:56,ST005,New York SoHo,Americas,US,SKU006,Gym Bag,Accessories,2,47.99,0.2,95.98,mobile_app,mobile_pay,CUST000293
be0f28ac-8146-4a2b-950f-2d885fb216f4,2024-01-01,16:34:16,ST003,London Oxford,Europe,UK,SKU003,Yoga Mat,Accessories,2,31.99,0.2,63.98,mobile_app,mobile_pay,CUST001839
121f9ffe-b18e-40cb-a75d-da93c46a8415,2024-01-01,10:32:31,ST005,New York SoHo,Americas,US,SKU007,Tennis Racket,Equipment,3,199.99,0,599.97,in_store,credit_card,CUST001764
f5ca6d7b-3171-4e5e-92c0-b049a096eebb,2024-01-01,18:27:38,ST001,Paris Centre,Europe,FR,SKU003,Yoga Mat,Accessories,2,29.99,0.25,59.98,in_store,mobile_pay,CUST000782
52dcd750-cc75-4717-875d-74ccd4fd6801,2024-01-01,21:00:43,ST005,New York SoHo,Americas,US,SKU008,Hiking Boots,Footwear,3,135.99,0.15,407.97,mobile_app,credit_card,CUST001397
f00acece-3424-4735-8e6b-8a1aa335d875,2024-01-01,12:27:10,ST005,New York SoHo,Americas,US,SKU005,Training Shorts,Apparel,3,49.99,0,149.97,online,credit_card,CUST001954
3b7d7ced-129d-4040-9044-efcdb106bb22,2024-01-01,09:55:40,ST003,London Oxford,Europe,UK,SKU009,Swim Goggles,Accessories,2,16.99,0.15,33.98,online,debit_card,CUST000314
5f368578-1639-4748-aaa1-76d32b584874,2024-01-01,13:31:01,ST003,London Oxford,Europe,UK,SKU003,Yoga Mat,Accessories,1,33.99,0.15,33.99,in_store,cash,CUST001800
5f3c855e-0d68-48fa-ad3b-a1d12bbcf83c,2024-01-01,17:05:05,ST003,London Oxford,Europe,UK,SKU004,Water Bottle,Accessories,1,24.99,0,24.99,mobile_app,mobile_pay,CUST001672
53cc47b2-f1ab-4e53-8ad8-adccdedb83a2,2024-01-01,18:30:35,ST001,Paris Centre,Europe,FR,SKU009,Swim Goggles,Accessories,2,19.99,0,39.98,in_store,cash,CUST001081
37197d80-2eac-420e-be8a-a339b8701701,2024-01-01,20:46:44,ST005,New York SoHo,Americas,US,SKU007,Tennis Racket,Equipment,2,169.99,0.15,339.98,in_store,cash,CUST000818
ae5c18cf-5896-49f6-b10e-fa124c0d9f5e,2024-01-01,11:14:04,ST003,London Oxford,Europe,UK,SKU008,Hiking Boots,Footwear,4,159.99,0,639.96,online,credit_card,CUST001205
85b5cd90-6f2d-4d2d-819d-d971d1898e6b,2024-01-01,09:45:40,ST005,New York SoHo,Americas,US,SKU004,Water Bottle,Accessories,2,24.99,0,49.98,in_store,debit_card,CUST000139
33463975-96d0-48e9-b7d1-3f0d7d008d6a,2024-01-01,11:17:42,ST001,Paris Centre,Europe,FR,SKU006,Gym Bag,Accessories,1,50.99,0.15,50.99,online,debit_card,CUST001105
314b6efd-059d-46b1-868e-ee5b66625e4a,2024-01-01,20:30:51,ST002,Casablanca Mall,Africa,MA,SKU010,Cycling Jersey,Apparel,4,74.99,0,299.96,online,debit_card,CUST000194
19d04406-4d41-4f96-b847-c3e2267b77b1,2024-01-01,14:29:55,ST001,Paris Centre,Europe,FR,SKU007,Tennis Racket,Equipment,3,179.99,0.1,539.97,mobile_app,credit_card,CUST001380
4571c933-3f95-471c-a603-24b647f8da45,2024-01-01,13:51:55,ST001,Paris Centre,Europe,FR,SKU001,Running Shoes,Footwear,4,103.99,0.2,415.96,in_store,debit_card,CUST000393
07e568dc-851e-4c4a-ac82-633979b7a623,2024-01-01,14:11:17,ST002,Casablanca Mall,Africa,MA,SKU009,Swim Goggles,Accessories,4,19.99,0,79.96,online,debit_card,CUST001791
a6de1f13-ccdd-4c60-bdc6-c635634a2df7,2024-01-01,18:34:53,ST001,Paris Centre,Europe,FR,SKU008,Hiking Boots,Footwear,1,159.99,0,159.99,in_store,credit_card,CUST001898
06a3b4a4-079d-4b77-82dc-cc7fd1e759fd,2024-01-01,15:13:55,ST002,Casablanca Mall,Africa,MA,SKU003,Yoga Mat,Accessories,4,35.99,0.1,143.96,online,credit_card,CUST000338
02b9ca1b-e013-4754-a2eb-5251010737ec,2024-01-01,20:50:29,ST004,Berlin Mitte,Europe,DE,SKU001,Running Shoes,Footwear,4,129.99,0,519.96,online,mobile_pay,CUST001427
02c1f302-e304-42aa-809f-295add951e6c,2024-01-01,12:13:03,ST005,New York SoHo,Americas,US,SKU008,Hiking Boots,Footwear,2,159.99,0,319.98,mobile_app,credit_card,CUST001532
95b01e01-9d59-463d-ad4d-22ebf5275155,2024-01-01,15:32:58,ST003,London Oxford,Europe,UK,SKU001,Running Shoes,Footwear,1,110.49,0.15,110.49,mobile_app,debit_card,CUST000117
77f76a08-4f9d-4646-9bd2-139d249c636c,2024-01-01,17:04:43,ST005,New York SoHo,Americas,US,SKU002,Sport Jacket,Apparel,2,89.99,0,179.98,in_store,mobile_pay,CUST000246
05dd9244-bd94-4efa-a11b-406dadd16451,2024-01-01,09:26:42,ST005,New York SoHo,Americas,US,SKU004,Water Bottle,Accessories,1,21.24,0.15,21.24,mobile_app,cash,CUST001915
e6dd3770-b469-4d46-8f8b-329261d92051,2024-01-01,12:25:08,ST003,London Oxford,Europe,UK,SKU004,Water Bottle,Accessories,3,24.99,0,74.97,mobile_app,cash,CUST000937
026221a1-0bab-4e5b-bc77-50354c9a449d,2024-01-01,17:36:06,ST003,London Oxford,Europe,UK,SKU002,Sport Jacket,Apparel,1,80.99,0.1,80.99,in_store,debit_card,CUST001037
cd1a8253-b20e-4e69-96bd-be0cc75abd51,2024-01-01,11:23:18,ST003,London Oxford,Europe,UK,SKU003,Yoga Mat,Accessories,3,39.99,0,119.97,in_store,mobile_pay,CUST001708
6f1df54c-e356-4c70-af5e-2bcc3b9dc920,2024-01-01,21:35:19,ST005,New York SoHo,Americas,US,SKU005,Training Shorts,Apparel,1,39.99,0.2,39.99,mobile_app,credit_card,CUST001923
467a6e8a-2f58-4d14-90ab-a65d289e9318,2024-01-01,19:35:09,ST002,Casablanca Mall,Africa,MA,SKU005,Training Shorts,Apparel,1,49.99,0,49.99,online,cash,CUST001239
5e5b5f8e-a161-46dc-84cc-c56fc34efba2,2024-01-01,18:54:16,ST002,Casablanca Mall,Africa,MA,SKU006,Gym Bag,Accessories,2,47.99,0.2,95.98,mobile_app,mobile_pay,CUST000515
54394ab4-6c80-47a0-a22f-37f6eab7c3f8,2024-01-01,12:02:00,ST001,Paris Centre,Europe,FR,SKU002,Sport Jacket,Apparel,4,67.49,0.25,269.96,online,debit_card,CUST001305
2541b9f9-38cb-44f7-8f03-ece2a899111c,2024-01-01,19:27:35,ST003,London Oxford,Europe,UK,SKU003,Yoga Mat,Accessories,4,33.99,0.15,135.96,in_store,credit_card,CUST000155
646f9be0-e78e-46cc-8f80-bc26a44f8ac3,2024-01-01,13:37:35,ST002,Casablanca Mall,Africa,MA,SKU009,Swim Goggles,Accessories,1,14.99,0.25,14.99,in_store,mobile_pay,CUST000262
b80a6879-570e-4bcf-b9dd-23e8c1600b6e,2024-01-01,21:02:57,ST001,Paris Centre,Europe,FR,SKU005,Training Shorts,Apparel,3,37.49,0.25,112.47,online,debit_card,CUST001397
06a98786-3fa7-423a-bb1e-1cf29a72a30c,2024-01-01,16:56:55,ST002,Casablanca Mall,Africa,MA,SKU002,Sport Jacket,Apparel,3,67.49,0.25,202.47,online,debit_card,CUST001896
42ac0c83-cb37-4514-a6ae-01de85f8344a,2024-01-01,08:11:47,ST002,Casablanca Mall,Africa,MA,SKU003,Yoga Mat,Accessories,2,35.99,0.1,71.98,online,mobile_pay,CUST001643
a481b954-1aa5-404b-9432-9629c0ffd9df,2024-01-01,19:06:24,ST002,Casablanca Mall,Africa,MA,SKU005,Training Shorts,Apparel,2,37.49,0.25,74.98,in_store,mobile_pay,CUST000456
e3227f06-87a5-48ab-be88-3e6ce6ca5632,2024-01-01,21:50:55,ST002,Casablanca Mall,Africa,MA,SKU008,Hiking Boots,Footwear,3,159.99,0,479.97,in_store,debit_card,CUST000049
6cef0d35-610f-4107-a59c-f1463c0ed2ef,2024-01-01,21:04:49,ST002,Casablanca Mall,Africa,MA,SKU007,Tennis Racket,Equipment,3,199.99,0,599.97,online,cash,CUST001314
03f9c8d6-4684-453d-814d-452fa14ed912,2024-01-01,09:56:16,ST005,New York SoHo,Americas,US,SKU007,Tennis Racket,Equipment,3,199.99,0,599.97,in_store,cash,CUST000079
8b0b03e3-bcb7-4f3d-954b-784a0b40f80e,2024-01-01,19:50:20,ST001,Paris Centre,Europe,FR,SKU010,Cycling Jersey,Apparel,4,74.99,0,299.96,online,credit_card,CUST000789
30e51c3f-9afc-46f3-ad1a-f14d5d6a9039,2024-01-01,19:27:00,ST005,New York SoHo,Americas,US,SKU004,Water Bottle,Accessories,3,24.99,0,74.97,mobile_app,debit_card,CUST000746
0bebb3b1-1fb5-46f9-ad6c-c153c01f3fe7,2024-01-01,13:42:54,ST004,Berlin Mitte,Europe,DE,SKU002,Sport Jacket,Apparel,3,76.49,0.15,229.47,in_store,cash,CUST001039
fc4bc4f7-d7f0-469c-9fc3-e25f59b56da1,2024-01-01,19:18:35,ST003,London Oxford,Europe,UK,SKU007,Tennis Racket,Equipment,3,179.99,0.1,539.97,in_store,debit_card,CUST000862
7e3cba79-ed48-4fa6-ad02-0955b27fb004,2024-01-01,16:53:00,ST004,Berlin Mitte,Europe,DE,SKU003,Yoga Mat,Accessories,3,35.99,0.1,107.97,online,cash,CUST000431
d6ffb7b7-a104-4cf8-80ac-ff7f0d11ed56,2024-01-01,15:28:43,ST004,Berlin Mitte,Europe,DE,SKU010,Cycling Jersey,Apparel,3,67.49,0.1,202.47,in_store,mobile_pay,CUST001626
bf4c52f6-a6e9-4827-96b4-05cbc16da267,2024-01-01,18:40:39,ST002,Casablanca Mall,Africa,MA,SKU002,Sport Jacket,Apparel,3,76.49,0.15,229.47,online,credit_card,CUST001677
eef78af0-b27a-486a-91ed-70e94ee54e27,2024-01-01,11:09:01,ST002,Casablanca Mall,Africa,MA,SKU005,Training Shorts,Apparel,2,37.49,0.25,74.98,in_store,debit_card,CUST000974
fa524e20-3761-431a-8500-c2f9e63c06ba,2024-01-01,18:36:12,ST005,New York SoHo,Americas,US,SKU002,Sport Jacket,Apparel,4,80.99,0.1,323.96,mobile_app,mobile_pay,CUST001013
cb0a0e56-284b-4b57-9317-d3d3c3f841ea,2024-01-01,19:00:57,ST004,Berlin Mitte,Europe,DE,SKU004,Water Bottle,Accessories,2,19.99,0.2,39.98,in_store,mobile_pay,CUST000449
caed384a-6e3b-477f-83a3-620c1fb53217,2024-01-01,16:15:58,ST002,Casablanca Mall,Africa,MA,SKU009,Swim Goggles,Accessories,4,19.99,0,79.96,in_store,mobile_pay,CUST000274
e236ef25-ecb4-4071-9879-957225b0220b,2024-01-01,15:39:52,ST004,Berlin Mitte,Europe,DE,SKU009,Swim Goggles,Accessories,3,14.99,0.25,44.97,mobile_app,mobile_pay,CUST001702
ad5ec2ea-d74e-4909-9387-122c52fca447,2024-01-01,21:30:28,ST005,New York SoHo,Americas,US,SKU008,Hiking Boots,Footwear,2,127.99,0.2,255.98,online,debit_card,CUST001721
f263d95b-6206-49e1-b701-6877842466a0,2024-01-01,11:17:28,ST003,London Oxford,Europe,UK,SKU009,Swim Goggles,Accessories,4,15.99,0.2,63.96,in_store,cash,CUST000481
88bc1974-648d-4455-8b22-f47a03f80f4d,2024-01-01,09:08:09,ST003,London Oxford,Europe,UK,SKU006,Gym Bag,Accessories,3,50.99,0.15,152.97,in_store,mobile_pay,CUST001422
bbd47f01-c52b-46d5-9c6d-164abfb38fdd,2024-01-01,14:21:34,ST002,Casablanca Mall,Africa,MA,SKU004,Water Bottle,Accessories,1,22.49,0.1,22.49,online,mobile_pay,CUST000128
98ea5164-0e4c-4b86-a5bf-2e536b80e1ee,2024-01-01,17:44:01,ST002,Casablanca Mall,Africa,MA,SKU007,Tennis Racket,Equipment,4,149.99,0.25,599.96,mobile_app,mobile_pay,CUST000977
6f5fef92-c95c-4160-9720-26f43ad536c1,2024-01-01,14:54:57,ST001,Paris Centre,Europe,FR,SKU006,Gym Bag,Accessories,3,44.99,0.25,134.97,online,debit_card,CUST001000
340149de-c1bc-4e54-99c9-2cd08cdf3e23,2024-01-01,08:24:21,ST002,Casablanca Mall,Africa,MA,SKU005,Training Shorts,Apparel,4,44.99,0.1,179.96,mobile_app,mobile_pay,CUST001484
f86b2885-2f0c-4824-82be-59487a535412,2024-01-01,16:01:58,ST002,Casablanca Mall,Africa,MA,SKU008,Hiking Boots,Footwear,2,135.99,0.15,271.98,online,credit_card,CUST000172
c22f4367-2e31-4932-afb4-c248c7674200,2024-01-01,08:16:24,ST004,Berlin Mitte,Europe,DE,SKU003,Yoga Mat,Accessories,4,39.99,0,159.96,online,debit_card,CUST000932
f2523b2a-2037-4fce-911e-be86a5e9425f,2024-01-01,20:53:26,ST003,London Oxford,Europe,UK,SKU006,Gym Bag,Accessories,4,59.99,0,239.96,online,credit_card,CUST000964
b5111517-6de6-4acd-b107-d9c03ff4d791,2024-01-01,11:41:04,ST001,Paris Centre,Europe,FR,SKU009,Swim Goggles,Accessories,1,19.99,0,19.99,mobile_app,credit_card,CUST001545
20b22781-9c5b-4c4d-b7d0-d96fbd042e1e,2024-01-01,08:39:09,ST001,Paris Centre,Europe,FR,SKU004,Water Bottle,Accessories,2,18.74,0.25,37.48,in_store,debit_card,CUST000970
45bb5330-4412-43dd-b9f7-1335b482130e,2024-01-01,19:16:49,ST001,Paris Centre,Europe,FR,SKU010,Cycling Jersey,Apparel,2,67.49,0.1,134.98,online,debit_card,CUST001241
e1eca2fc-0c24-482f-b39a-f6f71cf56ed5,2024-01-01,09:37:01,ST005,New York SoHo,Americas,US,SKU002,Sport Jacket,Apparel,2,89.99,0,179.98,online,mobile_pay,CUST000813
32e60210-ae14-48a9-8bfc-b2152a3de5cb,2024-01-01,19:49:19,ST002,Casablanca Mall,Africa,MA,SKU002,Sport Jacket,Apparel,2,89.99,0,179.98,mobile_app,credit_card,CUST001631
e102cce9-28e0-477d-a823-9112aa2cc987,2024-01-01,14:42:23,ST005,New York SoHo,Americas,US,SKU001,Running Shoes,Footwear,3,110.49,0.15,331.47,in_store,cash,CUST000026
b3d9abaa-13f3-40c9-ad18-18f37e02f17d,2024-01-01,13:40:57,ST004,Berlin Mitte,Europe,DE,SKU008,Hiking Boots,Footwear,1,143.99,0.1,143.99,online,debit_card,CUST000892
8c00921e-a934-4971-888d-319320a9850f,2024-01-01,20:58:34,ST002,Casablanca Mall,Africa,MA,SKU009,Swim Goggles,Accessories,3,16.99,0.15,50.97,online,mobile_pay,CUST000893
f61786fa-33dc-4f1a-b858-6cbee01fe188,2024-01-01,11:53:59,ST005,New York SoHo,Americas,US,SKU005,Training Shorts,Apparel,3,37.49,0.25,112.47,in_store,cash,CUST001806
53cbcaad-e98a-4679-8a1c-13209b2e70f0,2024-01-01,17:42:24,ST004,Berlin Mitte,Europe,DE,SKU004,Water Bottle,Accessories,4,21.24,0.15,84.96,online,credit_card,CUST001013
d3402634-be9a-4062-97f1-6ad705626d55,2024-01-01,13:51:16,ST003,London Oxford,Europe,UK,SKU003,Yoga Mat,Accessories,4,39.99,0,159.96,online,cash,CUST001803
7dd07d0f-a87b-4d0c-bdd4-b6ab2b970449,2024-01-01,11:05:15,ST005,New York SoHo,Americas,US,SKU005,Training Shorts,Apparel,1,42.49,0.15,42.49,mobile_app,mobile_pay,CUST001001
80825e42-6a92-4d36-823f-1b44b7df2088,2024-01-01,19:31:28,ST005,New York SoHo,Americas,US,SKU004,Water Bottle,Accessories,4,19.99,0.2,79.96,in_store,credit_card,CUST000603
00ccf192-6209-4df8-89c1-51e29e33d460,2024-01-01,18:37:23,ST002,Casablanca Mall,Africa,MA,SKU007,Tennis Racket,Equipment,2,199.99,0,399.98,online,cash,CUST000872
c9c61d47-c0da-46f3-930a-7a6c34c77c8b,2024-01-01,15:17:19,ST005,New York SoHo,Americas,US,SKU006,Gym Bag,Accessories,3,47.99,0.2,143.97,online,debit_card,CUST000248
7d402d05-7dce-4dd5-afb8-897f73150b42,2024-01-01,16:48:44,ST002,Casablanca Mall,Africa,MA,SKU006,Gym Bag,Accessories,1,47.99,0.2,47.99,in_store,debit_card,CUST000444
cc8d1fc8-aaf8-477e-8d7b-10b02f7252e6,2024-01-01,21:12:18,ST004,Berlin Mitte,Europe,DE,SKU005,Training Shorts,Apparel,3,49.99,0,149.97,in_store,cash,CUST000368
4ff79121-c998-4b8a-a370-f213fbacc1e3,2024-01-01,08:03:35,ST003,London Oxford,Europe,UK,SKU001,Running Shoes,Footwear,2,129.99,0,259.98,online,debit_card,CUST001307
d9527e14-7fac-4849-9f0f-6f7f119f9fa6,2024-01-01,12:30:30,ST004,Berlin Mitte,Europe,DE,SKU002,Sport Jacket,Apparel,1,76.49,0.15,76.49,online,cash,CUST000378
18e3e9d2-1cbd-4917-b527-b3cb62051c57,2024-01-01,21:04:25,ST001,Paris Centre,Europe,FR,SKU005,Training Shorts,Apparel,4,49.99,0,199.96,online,credit_card,CUST001182
81d355d0-5479-4489-854b-f1c0fd04b61e,2024-01-01,17:19:05,ST001,Paris Centre,Europe,FR,SKU003,Yoga Mat,Accessories,2,29.99,0.25,59.98,in_store,credit_card,CUST001143
b1c1ea4d-b323-4376-8c4c-7bf1b2b7900d,2024-01-01,16:24:28,ST004,Berlin Mitte,Europe,DE,SKU010,Cycling Jersey,Apparel,2,56.24,0.25,112.48,online,cash,CUST001762
9073f211-c944-484e-9ca0-643971209905,2024-01-01,17:03:39,ST005,New York SoHo,Americas,US,SKU007,Tennis Racket,Equipment,3,169.99,0.15,509.97,mobile_app,credit_card,CUST001941
3aafe244-ee5b-4252-a324-2cb6ff2e94be,2024-01-01,09:10:15,ST002,Casablanca Mall,Africa,MA,SKU004,Water Bottle,Accessories,3,19.99,0.2,59.97,in_store,credit_card,CUST000321
b1315918-f83c-475a-add0-164cb22ef329,2024-01-01,17:30:18,ST001,Paris Centre,Europe,FR,SKU007,Tennis Racket,Equipment,4,159.99,0.2,639.96,in_store,debit_card,CUST000591
d99a1fe9-241b-4190-b4e9-51064a0d59d6,2024-01-01,11:59:16,ST003,London Oxford,Europe,UK,SKU008,Hiking Boots,Footwear,1,127.99,0.2,127.99,mobile_app,debit_card,CUST000871
ab342480-0ea3-4c01-8b60-f98b510d3312,2024-01-01,10:58:17,ST001,Paris Centre,Europe,FR,SKU009,Swim Goggles,Accessories,2,15.99,0.2,31.98,in_store,credit_card,CUST000123
400bab35-6064-42c5-9256-a1d78d71ac0f,2024-01-01,09:29:44,ST002,Casablanca Mall,Africa,MA,SKU005,Training Shorts,Apparel,3,44.99,0.1,134.97,online,mobile_pay,CUST001931
1562d655-5b9e-447b-b1e8-b6d63f5b7acf,2024-01-01,09:38:02,ST003,London Oxford,Europe,UK,SKU009,Swim Goggles,Accessories,4,17.99,0.1,71.96,online,cash,CUST001237
fd3ac469-b3dd-4f0f-95a7-b586287e9ee6,2024-01-01,18:53:55,ST003,London Oxford,Europe,UK,SKU001,Running Shoes,Footwear,1,129.99,0,129.99,mobile_app,credit_card,CUST001567
6d0818ce-5c1f-4bd1-96e1-51bb0df7c50f,2024-01-01,20:11:30,ST003,London Oxford,Europe,UK,SKU010,Cycling Jersey,Apparel,1,56.24,0.25,56.24,mobile_app,mobile_pay,CUST001877
b2773f3a-942e-4294-9b84-f65c18aab959,2024-01-01,21:31:05,ST003,London Oxford,Europe,UK,SKU003,Yoga Mat,Accessories,4,31.99,0.2,127.96,online,cash,CUST000837
d0276ce4-c9db-4669-b10a-5882113da776,2024-01-01,10:21:26,ST003,London Oxford,Europe,UK,SKU006,Gym Bag,Accessories,1,44.99,0.25,44.99,mobile_app,mobile_pay,CUST000591
e59a58ef-f78d-433b-a09a-c20463b2b75a,2024-01-01,09:20:16,ST004,Berlin Mitte,Europe,DE,SKU009,Swim Goggles,Accessories,1,17.99,0.1,17.99,online,credit_card,CUST001987
fc00880c-e3bc-4fc6-a443-fb194d3cd2d9,2024-01-01,21:34:29,ST004,Berlin Mitte,Europe,DE,SKU009,Swim Goggles,Accessories,1,15.99,0.2,15.99,online,credit_card,CUST000385
89c0926a-3768-4d2e-a9bd-c2a4bc97d933,2024-01-01,15:48:03,ST005,New York SoHo,Americas,US,SKU006,Gym Bag,Accessories,4,47.99,0.2,191.96,in_store,cash,CUST001125
cdaf3d31-4edc-45c3-a839-2ab9972183e7,2024-01-01,15:07:01,ST002,Casablanca Mall,Africa,MA,SKU005,Training Shorts,Apparel,4,39.99,0.2,159.96,mobile_app,debit_card,CUST001454
8a87322e-95c6-4000-8e7e-ae666ed16941,2024-01-01,14:05:14,ST002,Casablanca Mall,Africa,MA,SKU005,Training Shorts,Apparel,1,42.49,0.15,42.49,in_store,mobile_pay,CUST001940
fee4a386-a855-4219-a1b7-f3f6665b73bc,2024-01-01,12:32:45,ST001,Paris Centre,Europe,FR,SKU003,Yoga Mat,Accessories,4,31.99,0.2,127.96,online,mobile_pay,CUST001710
2a90eec3-c2f1-420e-a869-7899d30c6e23,2024-01-01,16:09:24,ST004,Berlin Mitte,Europe,DE,SKU008,Hiking Boots,Footwear,2,143.99,0.1,287.98,in_store,debit_card,CUST001770
dd16cde1-93f9-4a3d-85fd-a7508126485b,2024-01-01,20:32:17,ST001,Paris Centre,Europe,FR,SKU005,Training Shorts,Apparel,4,49.99,0,199.96,in_store,cash,CUST001487
be491acb-0f0d-4017-a21b-59cc85f7b60c,2024-01-01,10:28:34,ST003,London Oxford,Europe,UK,SKU010,Cycling Jersey,Apparel,4,56.24,0.25,224.96,online,cash,CUST000681
810351e5-8213-472f-8a2a-b3f3f4058ea6,2024-01-01,13:55:12,ST005,New York SoHo,Americas,US,SKU009,Swim Goggles,Accessories,4,17.99,0.1,71.96,mobile_app,debit_card,CUST001172
08c8f57f-d314-4f7b-8f0e-c0afa26c134f,2024-01-01,13:47:30,ST004,Berlin Mitte,Europe,DE,SKU004,Water Bottle,Accessories,4,24.99,0,99.96,mobile_app,mobile_pay,CUST000791
bd84b1e0-a8d4-407a-baec-74055d8e3caf,2024-01-01,16:37:21,ST002,Casablanca Mall,Africa,MA,SKU008,Hiking Boots,Footwear,1,159.99,0,159.99,in_store,mobile_pay,CUST000205
705323ba-471e-499a-9129-ff8bab2a83c8,2024-01-01,10:26:55,ST005,New York SoHo,Americas,US,SKU008,Hiking Boots,Footwear,1,127.99,0.2,127.99,mobile_app,debit_card,CUST000154
3727c6b4-51e3-4c44-b047-10e1d42c32e6,2024-01-01,19:25:41,ST004,Berlin Mitte,Europe,DE,SKU005,Training Shorts,Apparel,3,42.49,0.15,127.47,in_store,cash,CUST001746
e0b80907-c15d-494f-8a12-9fa2bbb09f8c,2024-01-01,19:56:48,ST005,New York SoHo,Americas,US,SKU007,Tennis Racket,Equipment,3,159.99,0.2,479.97,online,credit_card,CUST001265
6f7aea7a-a444-44de-853a-3c603854f49e,2024-01-01,19:05:27,ST001,Paris Centre,Europe,FR,SKU004,Water Bottle,Accessories,3,24.99,0,74.97,in_store,credit_card,CUST000909
84166dd3-c1a8-4b0c-a057-30e8751c46c5,2024-01-01,13:50:03,ST002,Casablanca Mall,Africa,MA,SKU005,Training Shorts,Apparel,1,49.99,0,49.99,online,cash,CUST000768
722236b9-ca1d-4139-b623-25a869785f26,2024-01-01,14:36:43,ST004,Berlin Mitte,Europe,DE,SKU003,Yoga Mat,Accessories,2,33.99,0.15,67.98,in_store,debit_card,CUST000359
ddc808ee-7025-49b1-bd1b-bd6b87a4cb04,2024-01-01,18:15:31,ST001,Paris Centre,Europe,FR,SKU010,Cycling Jersey,Apparel,4,63.74,0.15,254.96,mobile_app,debit_card,CUST000476
411f8731-2e0b-4336-a552-5a1dc7c402cc,2024-01-01,18:00:57,ST004,Berlin Mitte,Europe,DE,SKU005,Training Shorts,Apparel,4,49.99,0,199.96,online,cash,CUST001388
e2249c76-266b-42d4-af36-4339b90e693c,2024-01-01,13:37:19,ST005,New York SoHo,Americas,US,SKU003,Yoga Mat,Accessories,1,35.99,0.1,35.99,mobile_app,mobile_pay,CUST001414
9a5ae1bb-d3b8-4dae-a644-79d556a8597e,2024-01-01,14:54:30,ST003,London Oxford,Europe,UK,SKU008,Hiking Boots,Footwear,3,159.99,0,479.97,in_store,debit_card,CUST000782
244dd69e-75fe-4284-bef0-1cca9db26025,2024-01-01,12:01:53,ST005,New York SoHo,Americas,US,SKU006,Gym Bag,Accessories,3,47.99,0.2,143.97,mobile_app,mobile_pay,CUST000563
fe4d56ed-1e46-46c0-9309-6e030b356e13,2024-01-01,19:31:53,ST001,Paris Centre,Europe,FR,SKU010,Cycling Jersey,Apparel,1,63.74,0.15,63.74,online,debit_card,CUST001244
bc5ff86c-d2aa-48e9-a329-7d3e2dfdbd74,2024-01-01,12:43:48,ST003,London Oxford,Europe,UK,SKU004,Water Bottle,Accessories,2,21.24,0.15,42.48,mobile_app,debit_card,CUST001287
7eeadf04-2298-49a4-ae0b-5d73b9f3c9d8,2024-01-01,15:02:37,ST001,Paris Centre,Europe,FR,SKU001,Running Shoes,Footwear,3,97.49,0.25,292.47,online,debit_card,CUST000185
18b784e7-d326-4be1-90d4-171e45c6f465,2024-01-01,11:08:50,ST003,London Oxford,Europe,UK,SKU006,Gym Bag,Accessories,4,59.99,0,239.96,mobile_app,cash,CUST001088
ad255533-00eb-4729-8eac-723928e74e32,2024-01-01,21:30:51,ST005,New York SoHo,Americas,US,SKU005,Training Shorts,Apparel,2,49.99,0,99.98,online,cash,CUST001648
dc4ad6fa-767a-4d71-ba19-b936523302b1,2024-01-01,20:14:55,ST001,Paris Centre,Europe,FR,SKU008,Hiking Boots,Footwear,1,159.99,0,159.99,mobile_app,mobile_pay,CUST001981
08ccd179-9aec-4417-b46a-b3f436570042,2024-01-01,14:00:16,ST005,New York SoHo,Americas,US,SKU006,Gym Bag,Accessories,1,44.99,0.25,44.99,mobile_app,credit_card,CUST000932
3956796f-2bd1-4b4c-ba8c-18296717ca60,2024-01-01,18:23:06,ST003,London Oxford,Europe,UK,SKU005,Training Shorts,Apparel,4,37.49,0.25,149.96,mobile_app,debit_card,CUST000966
a9f9eef5-731a-44be-8d0a-0938726622f6,2024-01-01,11:41:04,ST001,Paris Centre,Europe,FR,SKU010,Cycling Jersey,Apparel,3,63.74,0.15,191.22,mobile_app,mobile_pay,CUST001863
f3527be8-4a35-4402-b41e-fbcb8ecd9ca9,2024-01-01,08:02:19,ST003,London Oxford,Europe,UK,SKU007,Tennis Racket,Equipment,1,199.99,0,199.99,online,credit_card,CUST000200
fa155de3-e9a7-4ece-a9d7-824777791634,2024-01-01,15:23:42,ST002,Casablanca Mall,Africa,MA,SKU009,Swim Goggles,Accessories,2,17.99,0.1,35.98,mobile_app,mobile_pay,CUST001203
af3eebb1-ab7d-4015-9492-f001d0370432,2024-01-01,15:39:26,ST002,Casablanca Mall,Africa,MA,SKU007,Tennis Racket,Equipment,1,149.99,0.25,149.99,online,credit_card,CUST001414
7a67937b-1b03-4f6b-a66e-cda780a65046,2024-01-01,11:54:23,ST003,London Oxford,Europe,UK,SKU004,Water Bottle,Accessories,4,22.49,0.1,89.96,in_store,cash,CUST001116
9cb5ae59-2bad-4157-8653-65ac80039b0d,2024-01-01,11:07:54,ST003,London Oxford,Europe,UK,SKU001,Running Shoes,Footwear,4,129.99,0,519.96,online,credit_card,CUST001358
046fe6af-2916-431b-9c78-e19319c64b05,2024-01-01,20:21:15,ST002,Casablanca Mall,Africa,MA,SKU010,Cycling Jersey,Apparel,1,74.99,0,74.99,in_store,debit_card,CUST000141
3850c7d4-e024-4c30-b051-7d0392043ca2,2024-01-01,21:14:21,ST005,New York SoHo,Americas,US,SKU004,Water Bottle,Accessories,2,18.74,0.25,37.48,in_store,credit_card,CUST000568
db4e6052-23f3-4c5b-8395-808f81cd36a7,2024-01-01,10:07:42,ST002,Casablanca Mall,Africa,MA,SKU003,Yoga Mat,Accessories,3,29.99,0.25,89.97,in_store,debit_card,CUST000031
8a24fb76-04ea-4d7c-aced-7a1f90f07d0a,2024-01-01,10:16:03,ST003,London Oxford,Europe,UK,SKU004,Water Bottle,Accessories,3,24.99,0,74.97,in_store,mobile_pay,CUST001078
4b472bd4-f330-49ce-a99c-d3bd9667a0f3,2024-01-01,20:23:32,ST001,Paris Centre,Europe,FR,SKU002,Sport Jacket,Apparel,4,80.99,0.1,323.96,mobile_app,credit_card,CUST000926
7807ff2d-9df6-4cb3-ac84-eea0826b359a,2024-01-01,20:58:55,ST005,New York SoHo,Americas,US,SKU004,Water Bottle,Accessories,1,19.99,0.2,19.99,mobile_app,cash,CUST000939
c568843e-92fc-4d8e-b360-ece49099adb9,2024-01-01,14:27:43,ST001,Paris Centre,Europe,FR,SKU001,Running Shoes,Footwear,4,97.49,0.25,389.96,in_store,mobile_pay,CUST001459
1656d3ba-7aa9-43a4-b38e-74a12cae6370,2024-01-01,17:09:04,ST004,Berlin Mitte,Europe,DE,SKU002,Sport Jacket,Apparel,1,89.99,0,89.99,in_store,cash,CUST001279
f26c7535-f51e-44d8-ae78-ad027b599eab,2024-01-01,17:33:18,ST005,New York SoHo,Americas,US,SKU009,Swim Goggles,Accessories,3,17.99,0.1,53.97,online,mobile_pay,CUST000204
2a2180dc-198b-4add-a01c-fbdf43e38525,2024-01-01,15:56:14,ST001,Paris Centre,Europe,FR,SKU009,Swim Goggles,Accessories,2,17.99,0.1,35.98,online,cash,CUST001695
46b41ab3-9fc5-4827-9f58-ac6f06868d7b,2024-01-01,09:20:27,ST004,Berlin Mitte,Europe,DE,SKU007,Tennis Racket,Equipment,4,159.99,0.2,639.96,online,cash,CUST000767
22bccc22-ed1d-4e1e-a875-0625b68bcb8c,2024-01-01,21:05:05,ST002,Casablanca Mall,Africa,MA,SKU008,Hiking Boots,Footwear,1,159.99,0,159.99,online,credit_card,CUST001525
fe9b2c64-cf7f-4d05-a2d7-be9716258037,2024-01-01,16:35:21,ST003,London Oxford,Europe,UK,SKU003,Yoga Mat,Accessories,1,33.99,0.15,33.99,mobile_app,credit_card,CUST000842
182a3457-a198-4be2-b0aa-3d16e8d71014,2024-01-01,17:19:22,ST003,London Oxford,Europe,UK,SKU007,Tennis Racket,Equipment,1,199.99,0,199.99,in_store,debit_card,CUST000317
fefd951a-e303-4fa6-bff9-0d1cc73145b4,2024-01-01,21:35:23,ST004,Berlin Mitte,Europe,DE,SKU004,Water Bottle,Accessories,1,24.99,0,24.99,in_store,cash,CUST001176
ffff7764-4927-4838-9d9c-b890918d2a89,2024-01-01,18:53:44,ST002,Casablanca Mall,Africa,MA,SKU007,Tennis Racket,Equipment,1,169.99,0.15,169.99,online,credit_card,CUST000370
f8479fe3-ffbf-432b-b6ab-30e1cc52b0d9,2024-01-01,08:11:55,ST003,London Oxford,Europe,UK,SKU005,Training Shorts,Apparel,3,49.99,0,149.97,in_store,mobile_pay,CUST000143
6e8a750b-0127-4a6e-97c2-3f4f21c00389,2024-01-01,16:13:24,ST002,Casablanca Mall,Africa,MA,SKU001,Running Shoes,Footwear,1,103.99,0.2,103.99,online,mobile_pay,CUST000699
5fd7360a-bd66-4e8a-8846-f76264f50f09,2024-01-01,13:49:36,ST002,Casablanca Mall,Africa,MA,SKU006,Gym Bag,Accessories,3,47.99,0.2,143.97,mobile_app,credit_card,CUST001810
54740c14-8217-4cc8-a097-2568ed28e3ac,2024-01-01,17:03:43,ST001,Paris Centre,Europe,FR,SKU003,Yoga Mat,Accessories,2,29.99,0.25,59.98,in_store,cash,CUST000908
dcc6a1b8-2665-47f3-acdb-5bcaa2d5cc39,2024-01-01,12:13:48,ST004,Berlin Mitte,Europe,DE,SKU008,Hiking Boots,Footwear,4,143.99,0.1,575.96,mobile_app,credit_card,CUST000707
fa194b91-ba1a-4d5c-a359-e0a487673934,2024-01-01,18:37:31,ST004,Berlin Mitte,Europe,DE,SKU002,Sport Jacket,Apparel,3,71.99,0.2,215.97,mobile_app,cash,CUST000094
549961b6-abc8-4cdf-a037-07d54be09440,2024-01-01,11:19:13,ST002,Casablanca Mall,Africa,MA,SKU007,Tennis Racket,Equipment,1,199.99,0,199.99,in_store,cash,CUST000593
f0f381b3-7156-4826-9d6e-27c7e689e614,2024-01-01,19:27:11,ST003,London Oxford,Europe,UK,SKU002,Sport Jacket,Apparel,1,80.99,0.1,80.99,in_store,mobile_pay,CUST001091
eec1cca1-bebb-48d2-b10b-1574533972b6,2024-01-01,14:55:47,ST002,Casablanca Mall,Africa,MA,SKU009,Swim Goggles,Accessories,3,19.99,0,59.97,in_store,mobile_pay,CUST000039
5397418e-7fe8-4d38-bbcd-7f2768964b62,2024-01-01,14:36:25,ST004,Berlin Mitte,Europe,DE,SKU002,Sport Jacket,Apparel,3,76.49,0.15,229.47,mobile_app,mobile_pay,CUST000593
a9f9bfc5-a169-4374-b96d-49cfb3ae6572,2024-01-01,10:51:39,ST001,Paris Centre,Europe,FR,SKU007,Tennis Racket,Equipment,1,199.99,0,199.99,online,cash,CUST000181
16f99172-f9b1-4541-850b-83edf2c07068,2024-01-01,17:25:33,ST004,Berlin Mitte,Europe,DE,SKU002,Sport Jacket,Apparel,2,80.99,0.1,161.98,in_store,mobile_pay,CUST001783
d25e4bf9-e9fb-4d7b-a37f-f772e2544587,2024-01-01,20:10:04,ST003,London Oxford,Europe,UK,SKU006,Gym Bag,Accessories,2,59.99,0,119.98,mobile_app,credit_card,CUST001087
7e4eb082-5b2b-4eff-84f8-a17a0ef493b4,2024-01-01,19:52:41,ST005,New York SoHo,Americas,US,SKU004,Water Bottle,Accessories,3,24.99,0,74.97,in_store,debit_card,CUST000211
0f485afa-50fb-4bfb-afc5-214552ec686b,2024-01-01,17:09:48,ST002,Casablanca Mall,Africa,MA,SKU005,Training Shorts,Apparel,2,49.99,0,99.98,mobile_app,credit_card,CUST000363
c5aab79e-e9bc-45d1-8f47-d4ed218f5b89,2024-01-01,17:41:40,ST004,Berlin Mitte,Europe,DE,SKU008,Hiking Boots,Footwear,4,127.99,0.2,511.96,mobile_app,cash,CUST001770
57d24493-403f-42ae-9861-266624408833,2024-01-01,15:28:40,ST003,London Oxford,Europe,UK,SKU003,Yoga Mat,Accessories,4,39.99,0,159.96,online,cash,CUST001212
8a6cd594-2180-46b9-9338-540e357b4032,2024-01-01,15:28:02,ST001,Paris Centre,Europe,FR,SKU006,Gym Bag,Accessories,1,59.99,0,59.99,in_store,cash,CUST001704
73d54750-6b78-4816-a120-e5b1ccdfeb1a,2024-01-01,17:32:24,ST003,London Oxford,Europe,UK,SKU002,Sport Jacket,Apparel,1,76.49,0.15,76.49,online,credit_card,CUST000922
09c52ce2-e2fc-46b9-bd15-651a45fcd172,2024-01-01,15:32:09,ST005,New York SoHo,Americas,US,SKU004,Water Bottle,Accessories,3,21.24,0.15,63.72,in_store,mobile_pay,CUST000212
8d21abde-07dc-44db-bd9b-7beeee322d15,2024-01-01,11:45:28,ST003,London Oxford,Europe,UK,SKU002,Sport Jacket,Apparel,2,89.99,0,179.98,online,debit_card,CUST000746
4e652c23-a641-4630-9b6e-d009d02e8421,2024-01-01,20:21:43,ST003,London Oxford,Europe,UK,SKU005,Training Shorts,Apparel,4,44.99,0.1,179.96,mobile_app,credit_card,CUST001617
e2d3d085-9466-4616-aefc-b29fcfcfc910,2024-01-01,16:43:24,ST003,London Oxford,Europe,UK,SKU002,Sport Jacket,Apparel,3,89.99,0,269.97,online,cash,CUST001483
74b606dd-af23-463f-b348-18e37a32c934,2024-01-01,17:42:09,ST005,New York SoHo,Americas,US,SKU003,Yoga Mat,Accessories,3,39.99,0,119.97,online,cash,CUST001982
8a34f716-1ee6-489f-9208-6e60b9c86734,2024-01-01,16:24:41,ST004,Berlin Mitte,Europe,DE,SKU003,Yoga Mat,Accessories,1,39.99,0,39.99,online,debit_card,CUST001373
ec31d873-2c31-47d6-850d-d1077d45f2d2,2024-01-01,13:01:23,ST005,New York SoHo,Americas,US,SKU002,Sport Jacket,Apparel,4,76.49,0.15,305.96,online,debit_card,CUST001948
2a08caab-7576-4ec0-9274-5efc030483b2,2024-01-01,11:08:09,ST002,Casablanca Mall,Africa,MA,SKU006,Gym Bag,Accessories,4,59.99,0,239.96,in_store,cash,CUST001730
f563bc59-77ee-48fe-8e7d-cdfaf9bd2837,2024-01-01,13:56:49,ST001,Paris Centre,Europe,FR,SKU009,Swim Goggles,Accessories,1,15.99,0.2,15.99,mobile_app,debit_card,CUST001224
945139bf-5774-4a77-bd19-631e944edd4b,2024-01-01,21:44:49,ST004,Berlin Mitte,Europe,DE,SKU003,Yoga Mat,Accessories,2,39.99,0,79.98,mobile_app,debit_card,CUST001477
735b7b6f-0f42-4863-b74d-26d1d8bae2f6,2024-01-01,18:46:15,ST004,Berlin Mitte,Europe,DE,SKU001,Running Shoes,Footwear,4,129.99,0,519.96,online,cash,CUST001541
21764035-cd32-4397-b776-83a1afaf7fef,2024-01-01,20:50:30,ST004,Berlin Mitte,Europe,DE,SKU004,Water Bottle,Accessories,2,24.99,0,49.98,in_store,cash,CUST001390
a81b2d76-5c35-4c27-8ed0-e05d8caf3ef0,2024-01-01,12:49:24,ST005,New York SoHo,Americas,US,SKU008,Hiking Boots,Footwear,4,119.99,0.25,479.96,mobile_app,mobile_pay,CUST001979
9817de87-43fb-4fa9-a751-3d8cb432842a,2024-01-01,12:03:41,ST002,Casablanca Mall,Africa,MA,SKU004,Water Bottle,Accessories,2,18.74,0.25,37.48,online,cash,CUST001136
c9fe1951-eff1-4efa-b8e6-40fcc43c7a2d,2024-01-01,09:48:10,ST001,Paris Centre,Europe,FR,SKU009,Swim Goggles,Accessories,1,19.99,0,19.99,online,mobile_pay,CUST001855
96d0a616-7f0b-4e7c-a17f-69b74472aed5,2024-01-01,11:52:28,ST005,New York SoHo,Americas,US,SKU003,Yoga Mat,Accessories,4,39.99,0,159.96,online,credit_card,CUST000850
39172077-61d3-4943-ac57-016a852e80ed,2024-01-01,14:05:23,ST001,Paris Centre,Europe,FR,SKU007,Tennis Racket,Equipment,3,199.99,0,599.97,in_store,credit_card,CUST000653
baf36b3e-0093-436b-940e-f57fe489233e,2024-01-01,08:18:58,ST001,Paris Centre,Europe,FR,SKU006,Gym Bag,Accessories,2,59.99,0,119.98,online,debit_card,CUST001555
26265c71-8c3f-4a6f-b846-52ab528b0ff8,2024-01-01,08:16:13,ST004,Berlin Mitte,Europe,DE,SKU008,Hiking Boots,Footwear,1,159.99,0,159.99,in_store,mobile_pay,CUST000228
832fb437-dcb1-4ece-8d90-80e6be508403,2024-01-01,08:15:26,ST003,London Oxford,Europe,UK,SKU004,Water Bottle,Accessories,3,24.99,0,74.97,mobile_app,mobile_pay,CUST000129
a946f3df-ea28-4f73-942a-608e288ecada,2024-01-01,16:36:15,ST001,Paris Centre,Europe,FR,SKU008,Hiking Boots,Footwear,1,127.99,0.2,127.99,mobile_app,debit_card,CUST000597
f401a673-71fb-44d1-b965-6712139ed921,2024-01-01,17:26:11,ST004,Berlin Mitte,Europe,DE,SKU001,Running Shoes,Footwear,3,129.99,0,389.97,mobile_app,credit_card,CUST001073
18873c22-ca8c-49c0-b2aa-1123237be6d8,2024-01-01,21:30:02,ST003,London Oxford,Europe,UK,SKU002,Sport Jacket,Apparel,1,80.99,0.1,80.99,mobile_app,mobile_pay,CUST000765
7506502d-8ad1-4495-acc2-ff08c6020deb,2024-01-01,09:22:15,ST003,London Oxford,Europe,UK,SKU001,Running Shoes,Footwear,3,97.49,0.25,292.47,mobile_app,credit_card,CUST001581
bdcbae81-68d5-4076-b6de-03938501e779,2024-01-01,13:34:21,ST005,New York SoHo,Americas,US,SKU006,Gym Bag,Accessories,2,59.99,0,119.98,mobile_app,debit_card,CUST001701
28cf73ca-fa29-4ef7-882a-b4579dfff0fe,2024-01-01,10:04:45,ST004,Berlin Mitte,Europe,DE,SKU008,Hiking Boots,Footwear,2,119.99,0.25,239.98,online,credit_card,CUST000601
c1674705-4821-4f7c-b02b-990e8f328b67,2024-01-01,13:59:19,ST002,Casablanca Mall,Africa,MA,SKU001,Running Shoes,Footwear,2,129.99,0,259.98,mobile_app,mobile_pay,CUST001670
9c822a64-f846-4bdc-bf0d-88c8f63b1a88,2024-01-01,20:41:12,ST005,New York SoHo,Americas,US,SKU008,Hiking Boots,Footwear,3,159.99,0,479.97,online,cash,CUST001766
c22491cf-aa18-4730-8b07-7bb46bcd2930,2024-01-01,20:23:27,ST001,Paris Centre,Europe,FR,SKU006,Gym Bag,Accessories,3,59.99,0,179.97,online,mobile_pay,CUST001833
51cd6648-1622-4304-af1d-86cadea632f1,2024-01-01,19:31:23,ST004,Berlin Mitte,Europe,DE,SKU006,Gym Bag,Accessories,2,53.99,0.1,107.98,mobile_app,cash,CUST001641
36401747-0be0-4dd7-88ef-3821bd113079,2024-01-01,17:52:11,ST001,Paris Centre,Europe,FR,SKU007,Tennis Racket,Equipment,1,179.99,0.1,179.99,mobile_app,cash,CUST000658
e4d27799-b77d-4133-8c07-f4c6a7095a4a,2024-01-01,12:19:28,ST001,Paris Centre,Europe,FR,SKU002,Sport Jacket,Apparel,3,71.99,0.2,215.97,mobile_app,mobile_pay,CUST000342
7bafa31c-7a6b-493a-997d-b4abb3e44765,2024-01-01,19:55:58,ST004,Berlin Mitte,Europe,DE,SKU006,Gym Bag,Accessories,4,59.99,0,239.96,online,mobile_pay,CUST000563
595951bc-b9a3-4cc7-b77e-af46af6443ac,2024-01-01,16:51:47,ST001,Paris Centre,Europe,FR,SKU002,Sport Jacket,Apparel,4,89.99,0,359.96,mobile_app,debit_card,CUST001952
1c52c6c7-a13c-46a6-ae54-03621b641025,2024-01-01,10:04:15,ST001,Paris Centre,Europe,FR,SKU003,Yoga Mat,Accessories,4,39.99,0,159.96,mobile_app,cash,CUST000742
9be9e007-459f-4b7f-9eef-1ea8e20c6f9d,2024-01-01,10:43:28,ST004,Berlin Mitte,Europe,DE,SKU010,Cycling Jersey,Apparel,1,63.74,0.15,63.74,online,cash,CUST000910
48c1f357-8874-4c99-a7ef-eb2ff157a520,2024-01-01,13:25:20,ST001,Paris Centre,Europe,FR,SKU010,Cycling Jersey,Apparel,2,63.74,0.15,127.48,mobile_app,cash,CUST000512
a2c3623f-899e-4d3c-b471-d20f21a7b3b5,2024-01-01,16:24:58,ST001,Paris Centre,Europe,FR,SKU001,Running Shoes,Footwear,2,116.99,0.1,233.98,mobile_app,credit_card,CUST000537
41cf2690-c48a-47d1-b74b-12b711fdab43,2024-01-01,12:44:58,ST003,London Oxford,Europe,UK,SKU008,Hiking Boots,Footwear,2,135.99,0.15,271.98,online,debit_card,CUST000252
d14e12c7-8e13-4494-9129-5bdeb3252e5a,2024-01-01,19:28:05,ST002,Casablanca Mall,Africa,MA,SKU002,Sport Jacket,Apparel,4,89.99,0,359.96,mobile_app,cash,CUST001368
5f4298d1-d0b7-40ba-81df-7742d6bc61e1,2024-01-01,21:10:45,ST003,London Oxford,Europe,UK,SKU002,Sport Jacket,Apparel,3,89.99,0,269.97,mobile_app,debit_card,CUST001626
21e7bdd6-d840-4eb8-9a58-80a8c27f39fb,2024-01-01,11:50:08,ST003,London Oxford,Europe,UK,SKU009,Swim Goggles,Accessories,2,19.99,0,39.98,in_store,mobile_pay,CUST000054
6eff7391-7a86-4b04-9b45-278683b5216a,2024-01-01,20:35:08,ST003,London Oxford,Europe,UK,SKU009,Swim Goggles,Accessories,3,17.99,0.1,53.97,mobile_app,credit_card,CUST000135
2e4eaf1f-f119-4274-b5ea-47723edcd3b0,2024-01-01,14:49:26,ST003,London Oxford,Europe,UK,SKU007,Tennis Racket,Equipment,4,169.99,0.15,679.96,mobile_app,credit_card,CUST000257
25d49fae-868f-43e5-837f-3f92b218a6eb,2024-01-01,18:33:22,ST003,London Oxford,Europe,UK,SKU002,Sport Jacket,Apparel,4,80.99,0.1,323.96,in_store,debit_card,CUST001573
6003b973-7955-43b0-b4d3-6a40f657cdeb,2024-01-01,09:33:09,ST002,Casablanca Mall,Africa,MA,SKU007,Tennis Racket,Equipment,1,149.99,0.25,149.99,online,debit_card,CUST000332
831402b5-03a7-4366-bb3a-03bc6d117ea0,2024-01-01,12:54:05,ST003,London Oxford,Europe,UK,SKU004,Water Bottle,Accessories,3,21.24,0.15,63.72,online,debit_card,CUST001301
8925dacd-7610-4937-bbaa-7e91cbf234a5,2024-01-01,12:39:34,ST005,New York SoHo,Americas,US,SKU005,Training Shorts,Apparel,2,39.99,0.2,79.98,in_store,debit_card,CUST001213
34540942-0d7d-4ef0-890c-dadb170b9706,2024-01-01,17:46:57,ST005,New York SoHo,Americas,US,SKU003,Yoga Mat,Accessories,2,31.99,0.2,63.98,mobile_app,cash,CUST001726
d921cd40-d3cd-43d6-8930-839f43d63ee9,2024-01-01,08:41:49,ST005,New York SoHo,Americas,US,SKU001,Running Shoes,Footwear,1,129.99,0,129.99,mobile_app,cash,CUST001334
ee21bdab-c43a-41b7-85c4-51650517d482,2024-01-01,18:01:31,ST002,Casablanca Mall,Africa,MA,SKU010,Cycling Jersey,Apparel,4,63.74,0.15,254.96,mobile_app,cash,CUST001315
a17f2280-19a3-4516-af2d-92132a9fb551,2024-01-01,20:43:25,ST003,London Oxford,Europe,UK,SKU008,Hiking Boots,Footwear,2,119.99,0.25,239.98,online,mobile_pay,CUST000150
28cca546-860a-4941-9ece-f9392031b7bd,2024-01-01,15:29:13,ST001,Paris Centre,Europe,FR,SKU003,Yoga Mat,Accessories,4,35.99,0.1,143.96,online,debit_card,CUST000641
59323c82-b480-4dd0-b671-36f220c2b5a0,2024-01-01,20:23:32,ST003,London Oxford,Europe,UK,SKU006,Gym Bag,Accessories,4,59.99,0,239.96,mobile_app,credit_card,CUST000654
ba2d8168-c6fc-4c70-b4d0-aca21eb6c67a,2024-01-01,15:15:09,ST002,Casablanca Mall,Africa,MA,SKU008,Hiking Boots,Footwear,1,159.99,0,159.99,in_store,credit_card,CUST000595
8b1e8c03-3671-4f65-b5ab-7fe449a41b6d,2024-01-01,21:57:10,ST004,Berlin Mitte,Europe,DE,SKU010,Cycling Jersey,Apparel,4,74.99,0,299.96,online,cash,CUST000389
6faa384c-2d94-4651-ae5b-bb6392bbdaff,2024-01-01,12:31:01,ST002,Casablanca Mall,Africa,MA,SKU008,Hiking Boots,Footwear,4,143.99,0.1,575.96,in_store,mobile_pay,CUST001036
a02f74d4-1370-49e8-bd08-5ea7693563e8,2024-01-01,13:03:03,ST004,Berlin Mitte,Europe,DE,SKU004,Water Bottle,Accessories,2,21.24,0.15,42.48,online,mobile_pay,CUST001224
56c9f179-f5fe-46a7-b5b1-b24bbe9bd2a9,2024-01-01,09:27:08,ST004,Berlin Mitte,Europe,DE,SKU005,Training Shorts,Apparel,1,37.49,0.25,37.49,online,cash,CUST001565
e3b81427-a9a5-42a2-a247-b3e0a5801558,2024-01-01,08:36:35,ST004,Berlin Mitte,Europe,DE,SKU006,Gym Bag,Accessories,1,53.99,0.1,53.99,in_store,cash,CUST001134
5c6b5fd4-4ec1-4744-8fbf-b617a0e9f1f3,2024-01-01,15:48:35,ST003,London Oxford,Europe,UK,SKU002,Sport Jacket,Apparel,4,76.49,0.15,305.96,online,credit_card,CUST000264
2594434f-cc62-4baf-b090-c5dafb969603,2024-01-01,13:35:23,ST001,Paris Centre,Europe,FR,SKU007,Tennis Racket,Equipment,3,149.99,0.25,449.97,in_store,debit_card,CUST001234
e251d7a7-7c16-4ed0-a285-ba34313b8bf9,2024-01-01,08:08:45,ST005,New York SoHo,Americas,US,SKU007,Tennis Racket,Equipment,1,199.99,0,199.99,online,mobile_pay,CUST001064
e4c484cd-5f17-44c1-825f-7f45ca841987,2024-01-01,17:20:10,ST004,Berlin Mitte,Europe,DE,SKU003,Yoga Mat,Accessories,2,39.99,0,79.98,online,cash,CUST001216
73be6f42-b468-4cb4-b582-20d0f7b84ffa,2024-01-01,17:19:30,ST003,London Oxford,Europe,UK,SKU009,Swim Goggles,Accessories,4,15.99,0.2,63.96,in_store,cash,CUST000679
ac151553-2fb7-47b7-9c5e-3ae5c9625e4a,2024-01-01,19:55:44,ST001,Paris Centre,Europe,FR,SKU007,Tennis Racket,Equipment,3,149.99,0.25,449.97,mobile_app,credit_card,CUST001223
1e369c67-4f32-4ce6-98e6-2f1724cb1a58,2024-01-01,08:37:30,ST004,Berlin Mitte,Europe,DE,SKU005,Training Shorts,Apparel,2,39.99,0.2,79.98,in_store,mobile_pay,CUST000303
c521c66b-fa75-4d4a-9f81-0e55b25b908a,2024-01-01,08:28:20,ST002,Casablanca Mall,Africa,MA,SKU001,Running Shoes,Footwear,1,129.99,0,129.99,online,debit_card,CUST000846
e196eec4-76dd-459a-8106-2e3449146181,2024-01-01,21:47:46,ST002,Casablanca Mall,Africa,MA,SKU007,Tennis Racket,Equipment,4,149.99,0.25,599.96,in_store,debit_card,CUST001063
eabace4e-276d-4a93-9605-acd81fe58f6c,2024-01-01,15:33:24,ST002,Casablanca Mall,Africa,MA,SKU009,Swim Goggles,Accessories,3,15.99,0.2,47.97,online,debit_card,CUST000942
51c07d50-8eef-465c-a98d-a855da3b3350,2024-01-01,20:55:46,ST005,New York SoHo,Americas,US,SKU006,Gym Bag,Accessories,3,47.99,0.2,143.97,mobile_app,cash,CUST001250
2f00df2d-5d54-40ef-9342-dbf3adbfb826,2024-01-01,16:19:14,ST004,Berlin Mitte,Europe,DE,SKU004,Water Bottle,Accessories,2,24.99,0,49.98,online,cash,CUST001444
ea289468-97b2-47a1-bc15-c56167837373,2024-01-01,13:35:59,ST002,Casablanca Mall,Africa,MA,SKU008,Hiking Boots,Footwear,3,143.99,0.1,431.97,mobile_app,cash,CUST000590
449957e5-a0ba-417b-9720-71c3226abfd8,2024-01-01,21:22:49,ST001,Paris Centre,Europe,FR,SKU010,Cycling Jersey,Apparel,4,67.49,0.1,269.96,in_store,cash,CUST000087
8bfe84df-66c6-4845-bfe6-d1ef7fb829ae,2024-01-01,18:16:47,ST003,London Oxford,Europe,UK,SKU002,Sport Jacket,Apparel,3,80.99,0.1,242.97,online,debit_card,CUST000414
47292ceb-df64-4bdb-85d6-5d5764da1a5c,2024-01-01,09:39:47,ST005,New York SoHo,Americas,US,SKU005,Training Shorts,Apparel,3,49.99,0,149.97,mobile_app,debit_card,CUST000497
2fb226f2-f14f-4a09-a038-1e37845faf3f,2024-01-01,11:03:06,ST001,Paris Centre,Europe,FR,SKU009,Swim Goggles,Accessories,2,15.99,0.2,31.98,online,cash,CUST001470
3efb6640-267c-4e95-96db-152f1f78af1d,2024-01-01,16:59:10,ST004,Berlin Mitte,Europe,DE,SKU002,Sport Jacket,Apparel,2,89.99,0,179.98,online,mobile_pay,CUST000978
ed9ef644-38a5-4e21-a7bc-7d2953c5e939,2024-01-01,18:03:58,ST002,Casablanca Mall,Africa,MA,SKU005,Training Shorts,Apparel,3,49.99,0,149.97,in_store,debit_card,CUST001096
00771d42-2625-4b09-9230-de7651069c55,2024-01-01,10:59:58,ST001,Paris Centre,Europe,FR,SKU003,Yoga Mat,Accessories,4,29.99,0.25,119.96,in_store,mobile_pay,CUST001614
0ecd934e-17f3-41b6-89d4-6f2d56339475,2024-01-01,08:19:36,ST004,Berlin Mitte,Europe,DE,SKU003,Yoga Mat,Accessories,3,39.99,0,119.97,mobile_app,credit_card,CUST001902
032eaa94-4794-40da-b4bf-0f98f447c003,2024-01-01,16:33:31,ST003,London Oxford,Europe,UK,SKU005,Training Shorts,Apparel,4,39.99,0.2,159.96,in_store,mobile_pay,CUST000559
d880e131-c92b-4bb3-9cef-759ed2800371,2024-01-01,19:29:41,ST002,Casablanca Mall,Africa,MA,SKU002,Sport Jacket,Apparel,3,89.99,0,269.97,online,debit_card,CUST000029
08632b9f-4185-428d-ab46-0cc825629aaa,2024-01-01,17:54:40,ST003,London Oxford,Europe,UK,SKU005,Training Shorts,Apparel,2,49.99,0,99.98,online,mobile_pay,CUST001056
9c0e20e1-419d-48a9-b5fd-f6cb00e9fa78,2024-01-01,09:11:08,ST003,London Oxford,Europe,UK,SKU002,Sport Jacket,Apparel,4,71.99,0.2,287.96,online,cash,CUST001917
f863548e-24da-426d-af97-c8bba64bfec5,2024-01-01,11:28:48,ST002,Casablanca Mall,Africa,MA,SKU001,Running Shoes,Footwear,3,116.99,0.1,350.97,online,cash,CUST000619
fb874cf1-1983-474a-972e-d4e52fc086a7,2024-01-01,18:23:44,ST005,New York SoHo,Americas,US,SKU010,Cycling Jersey,Apparel,1,74.99,0,74.99,in_store,credit_card,CUST001368
339cc974-55cb-4027-baae-0f020f1c9739,2024-01-01,14:43:32,ST001,Paris Centre,Europe,FR,SKU008,Hiking Boots,Footwear,3,159.99,0,479.97,mobile_app,cash,CUST001414
15d0236e-08b1-40da-83af-739b7f44045d,2024-01-01,11:14:08,ST001,Paris Centre,Europe,FR,SKU005,Training Shorts,Apparel,3,42.49,0.15,127.47,online,debit_card,CUST000932
1f4cdab8-3a75-472e-a777-4fa5a0fd8cac,2024-01-01,16:58:30,ST005,New York SoHo,Americas,US,SKU006,Gym Bag,Accessories,4,47.99,0.2,191.96,mobile_app,debit_card,CUST001561
fa89c8c2-4f15-43ce-b2b3-7e87599765fd,2024-01-01,15:33:45,ST002,Casablanca Mall,Africa,MA,SKU010,Cycling Jersey,Apparel,1,63.74,0.15,63.74,online,credit_card,CUST001879
a8cd582b-cb6b-4fa1-abe1-98450873882d,2024-01-01,16:57:32,ST005,New York SoHo,Americas,US,SKU002,Sport Jacket,Apparel,1,67.49,0.25,67.49,in_store,debit_card,CUST000337
700c1935-3473-40f8-949d-8d11d999a3e5,2024-01-01,18:13:45,ST003,London Oxford,Europe,UK,SKU009,Swim Goggles,Accessories,4,19.99,0,79.96,mobile_app,mobile_pay,CUST000187
b470f98c-7c0a-4054-8ef7-81ad815c1ddc,2024-01-01,10:32:26,ST005,New York SoHo,Americas,US,SKU008,Hiking Boots,Footwear,1,143.99,0.1,143.99,online,credit_card,CUST001145
25941805-9d3f-47e3-b2de-5607862586e5,2024-01-01,12:52:00,ST004,Berlin Mitte,Europe,DE,SKU005,Training Shorts,Apparel,1,44.99,0.1,44.99,mobile_app,debit_card,CUST001185
4ed61851-a03b-4219-a612-6b4f9205f826,2024-01-01,19:04:34,ST001,Paris Centre,Europe,FR,SKU001,Running Shoes,Footwear,4,129.99,0,519.96,in_store,credit_card,CUST001913
a2271585-d28e-43ef-9a2f-86fbf000d2c3,2024-01-01,10:49:08,ST004,Berlin Mitte,Europe,DE,SKU001,Running Shoes,Footwear,3,116.99,0.1,350.97,mobile_app,mobile_pay,CUST000767
f7f2470b-1686-4690-bef7-369165b717c5,2024-01-01,09:43:42,ST004,Berlin Mitte,Europe,DE,SKU008,Hiking Boots,Footwear,4,143.99,0.1,575.96,mobile_app,debit_card,CUST001339
39e74d69-4dfd-4a9d-a02d-a8a2496483f5,2024-01-01,14:33:08,ST003,London Oxford,Europe,UK,SKU002,Sport Jacket,Apparel,2,76.49,0.15,152.98,mobile_app,debit_card,CUST001710
ed8659c5-ee4d-4cd6-8844-9d9689e8ae3a,2024-01-01,18:46:34,ST001,Paris Centre,Europe,FR,SKU001,Running Shoes,Footwear,3,116.99,0.1,350.97,online,mobile_pay,CUST001687
48263c66-53fa-478c-9159-e2d6642194de,2024-01-01,10:17:12,ST002,Casablanca Mall,Africa,MA,SKU004,Water Bottle,Accessories,4,24.99,0,99.96,mobile_app,credit_card,CUST000066
7a62ec64-db07-4249-bc99-ab869045d47b,2024-01-01,11:04:06,ST004,Berlin Mitte,Europe,DE,SKU010,Cycling Jersey,Apparel,1,74.99,0,74.99,mobile_app,credit_card,CUST000915
be8d33f6-d8a6-4c82-bf5c-7af405b42d3a,2024-01-01,08:25:28,ST005,New York SoHo,Americas,US,SKU001,Running Shoes,Footwear,2,103.99,0.2,207.98,in_store,debit_card,CUST001545
56bcb20d-9c10-4c7e-9a51-e53e7d3e602c,2024-01-01,21:58:46,ST001,Paris Centre,Europe,FR,SKU003,Yoga Mat,Accessories,3,39.99,0,119.97,mobile_app,cash,CUST001183
ad5b6109-2782-45be-a0b1-566860a0a660,2024-01-01,10:42:33,ST005,New York SoHo,Americas,US,SKU006,Gym Bag,Accessories,2,59.99,0,119.98,in_store,mobile_pay,CUST000616
548b0e69-84e0-4aae-8c23-ddf889503cda,2024-01-01,18:27:35,ST003,London Oxford,Europe,UK,SKU001,Running Shoes,Footwear,2,103.99,0.2,207.98,online,credit_card,CUST001992
8854bf5d-fa25-4b63-8409-4129ae35ec30,2024-01-01,14:26:09,ST003,London Oxford,Europe,UK,SKU007,Tennis Racket,Equipment,3,159.99,0.2,479.97,online,mobile_pay,CUST000377
a5d700dd-05a8-4e73-a13d-5d5a451a9d0c,2024-01-01,11:19:54,ST005,New York SoHo,Americas,US,SKU008,Hiking Boots,Footwear,2,119.99,0.25,239.98,mobile_app,debit_card,CUST001651
3e2bfc38-c098-4cc9-82ea-c7815df6bb71,2024-01-01,16:33:08,ST004,Berlin Mitte,Europe,DE,SKU001,Running Shoes,Footwear,4,116.99,0.1,467.96,online,debit_card,CUST000523
daa1b03f-bbad-4096-92b7-0c131764d87f,2024-01-01,21:23:05,ST002,Casablanca Mall,Africa,MA,SKU006,Gym Bag,Accessories,1,53.99,0.1,53.99,mobile_app,debit_card,CUST000106
93b03274-dea1-4e6c-8d14-a67c852bbadd,2024-01-01,09:12:51,ST003,London Oxford,Europe,UK,SKU007,Tennis Racket,Equipment,1,149.99,0.25,149.99,mobile_app,debit_card,CUST000982
5e07a811-2500-4fa8-8c20-a9cf5557b4da,2024-01-01,11:59:12,ST002,Casablanca Mall,Africa,MA,SKU006,Gym Bag,Accessories,3,59.99,0,179.97,mobile_app,credit_card,CUST001530
3ce30f3a-9863-42d5-8576-8e058bcd00bf,2024-01-01,11:35:20,ST004,Berlin Mitte,Europe,DE,SKU004,Water Bottle,Accessories,2,22.49,0.1,44.98,online,mobile_pay,CUST000955
b064f81f-d536-48df-ad46-3da8d6e3e50d,2024-01-01,13:32:56,ST005,New York SoHo,Americas,US,SKU006,Gym Bag,Accessories,3,59.99,0,179.97,online,mobile_pay,CUST000202
10db72f8-7ab4-4475-9f1a-fe85251ea404,2024-01-01,13:26:02,ST004,Berlin Mitte,Europe,DE,SKU006,Gym Bag,Accessories,2,59.99,0,119.98,mobile_app,debit_card,CUST001519
96f0ed0b-396d-4a79-91d9-bd56ca8fdbd0,2024-01-01,17:37:46,ST002,Casablanca Mall,Africa,MA,SKU001,Running Shoes,Footwear,3,110.49,0.15,331.47,online,cash,CUST000313
238ba9dc-c108-4912-a53f-17d71334102f,2024-01-01,17:53:15,ST002,Casablanca Mall,Africa,MA,SKU006,Gym Bag,Accessories,2,53.99,0.1,107.98,online,cash,CUST000528
79185d6c-fab5-4579-bde4-9d0f384f0d86,2024-01-01,19:50:22,ST004,Berlin Mitte,Europe,DE,SKU008,Hiking Boots,Footwear,4,159.99,0,639.96,in_store,debit_card,CUST001476
ffabc021-3415-41de-817f-cfbe9d2c5e52,2024-01-01,18:03:33,ST005,New York SoHo,Americas,US,SKU008,Hiking Boots,Footwear,2,135.99,0.15,271.98,in_store,credit_card,CUST001936
fb3ed4ff-1249-41ce-b9df-244cd35ea50b,2024-01-01,21:40:14,ST001,Paris Centre,Europe,FR,SKU001,Running Shoes,Footwear,4,129.99,0,519.96,in_store,debit_card,CUST000019
86527ae7-e598-46f6-8545-aa9a4bc5261e,2024-01-01,08:39:40,ST002,Casablanca Mall,Africa,MA,SKU009,Swim Goggles,Accessories,4,19.99,0,79.96,mobile_app,mobile_pay,CUST001351
7e0c726c-0d0a-410a-a9df-3286dd0903c7,2024-01-01,16:26:00,ST004,Berlin Mitte,Europe,DE,SKU001,Running Shoes,Footwear,1,110.49,0.15,110.49,in_store,cash,CUST001098
0ed5b8c4-9b88-40e9-b61b-44147edad069,2024-01-01,10:06:58,ST003,London Oxford,Europe,UK,SKU001,Running Shoes,Footwear,4,97.49,0.25,389.96,in_store,debit_card,CUST000494
877a3ca4-1cd5-49b8-a026-650bff697eb9,2024-01-01,13:17:50,ST002,Casablanca Mall,Africa,MA,SKU010,Cycling Jersey,Apparel,3,56.24,0.25,168.72,online,credit_card,CUST000765
a463bbc2-f7b1-4e29-9f11-127fa2425980,2024-01-01,11:19:43,ST004,Berlin Mitte,Europe,DE,SKU008,Hiking Boots,Footwear,2,127.99,0.2,255.98,in_store,credit_card,CUST000192
7674ce0f-eaac-4176-9b35-927e0d91d1a3,2024-01-01,15:03:40,ST004,Berlin Mitte,Europe,DE,SKU007,Tennis Racket,Equipment,4,169.99,0.15,679.96,in_store,debit_card,CUST000170
5cdf8552-8038-4d70-a819-4a3c7b5227f6,2024-01-01,21:06:57,ST004,Berlin Mitte,Europe,DE,SKU007,Tennis Racket,Equipment,3,169.99,0.15,509.97,mobile_app,credit_card,CUST000471
21606eca-e46e-4538-8569-1a1a5255de48,2024-01-01,08:59:04,ST002,Casablanca Mall,Africa,MA,SKU010,Cycling Jersey,Apparel,4,74.99,0,299.96,mobile_app,cash,CUST001842
341c359f-dd55-4eeb-ae2b-bb6085d926e7,2024-01-01,21:20:01,ST005,New York SoHo,Americas,US,SKU010,Cycling Jersey,Apparel,1,74.99,0,74.99,in_store,debit_card,CUST001541
f19595b2-0f97-4f8c-a241-74a776fbb83c,2024-01-01,17:15:36,ST004,Berlin Mitte,Europe,DE,SKU002,Sport Jacket,Apparel,3,89.99,0,269.97,online,cash,CUST000787
a95cfdeb-e52a-42e0-97f2-bcd6c0e52745,2024-01-01,09:27:14,ST002,Casablanca Mall,Africa,MA,SKU002,Sport Jacket,Apparel,3,89.99,0,269.97,in_store,cash,CUST001240
9e181b52-c72c-48a0-b3d3-c3f495078c44,2024-01-01,13:01:40,ST005,New York SoHo,Americas,US,SKU010,Cycling Jersey,Apparel,4,56.24,0.25,224.96,online,mobile_pay,CUST001005
68e264e8-a8ac-413f-a72d-b9eff437b351,2024-01-01,10:43:37,ST002,Casablanca Mall,Africa,MA,SKU006,Gym Bag,Accessories,4,53.99,0.1,215.96,mobile_app,mobile_pay,CUST000176
e709a591-498d-4f7e-b5db-a3dce55d0140,2024-01-01,09:05:17,ST005,New York SoHo,Americas,US,SKU005,Training Shorts,Apparel,2,39.99,0.2,79.98,in_store,mobile_pay,CUST001458
8008a9f2-3a83-4228-8f15-7575b7413a82,2024-01-01,09:05:00,ST002,Casablanca Mall,Africa,MA,SKU007,Tennis Racket,Equipment,3,199.99,0,599.97,online,mobile_pay,CUST000738
91890269-348c-4b30-ae28-0c1638d7d2b8,2024-01-01,10:27:28,ST003,London Oxford,Europe,UK,SKU002,Sport Jacket,Apparel,2,89.99,0,179.98,mobile_app,mobile_pay,CUST000212
ca610cc3-8ed1-4a73-8ad2-d8b86e22b6c9,2024-01-01,09:38:38,ST001,Paris Centre,Europe,FR,SKU002,Sport Jacket,Apparel,3,76.49,0.15,229.47,online,mobile_pay,CUST000026
28937f96-58dd-4c5c-9384-9afba9182727,2024-01-01,09:46:57,ST003,London Oxford,Europe,UK,SKU007,Tennis Racket,Equipment,4,149.99,0.25,599.96,mobile_app,debit_card,CUST001172
d1d16412-a7a2-4013-a57b-3ab25726688d,2024-01-01,10:17:19,ST005,New York SoHo,Americas,US,SKU003,Yoga Mat,Accessories,4,39.99,0,159.96,online,mobile_pay,CUST000299
4625d918-2020-428e-a707-286d02561092,2024-01-01,14:19:30,ST001,Paris Centre,Europe,FR,SKU003,Yoga Mat,Accessories,4,39.99,0,159.96,in_store,cash,CUST000516
d7621546-f9c6-4fcc-a0b5-3def833c9293,2024-01-01,09:08:19,ST002,Casablanca Mall,Africa,MA,SKU008,Hiking Boots,Footwear,2,143.99,0.1,287.98,in_store,mobile_pay,CUST000681
d40aab13-d104-4bfe-85aa-0ae931db570a,2024-01-01,13:27:52,ST005,New York SoHo,Americas,US,SKU007,Tennis Racket,Equipment,3,179.99,0.1,539.97,mobile_app,debit_card,CUST000616
17091d22-e1b3-4184-8b8f-5797039981dd,2024-01-01,13:11:25,ST003,London Oxford,Europe,UK,SKU010,Cycling Jersey,Apparel,2,67.49,0.1,134.98,online,cash,CUST001506
01060d82-9371-4a31-8864-5644183ace42,2024-01-01,14:17:52,ST004,Berlin Mitte,Europe,DE,SKU010,Cycling Jersey,Apparel,2,74.99,0,149.98,online,cash,CUST000234
6e4db464-57ce-4652-b494-618ec9b0a2fd,2024-01-01,20:35:01,ST005,New York SoHo,Americas,US,SKU004,Water Bottle,Accessories,2,19.99,0.2,39.98,mobile_app,mobile_pay,CUST001932
16085335-da6d-4678-af72-18c6e38409a4,2024-01-01,19:04:52,ST002,Casablanca Mall,Africa,MA,SKU008,Hiking Boots,Footwear,3,119.99,0.25,359.97,online,mobile_pay,CUST000286
cfa83237-49fd-4d19-b9e3-7e1939083c04,2024-01-01,10:45:27,ST003,London Oxford,Europe,UK,SKU004,Water Bottle,Accessories,3,19.99,0.2,59.97,online,credit_card,CUST000920
be08e714-1d51-4d20-978e-290a15eb373a,2024-01-01,16:59:58,ST005,New York SoHo,Americas,US,SKU008,Hiking Boots,Footwear,4,135.99,0.15,543.96,mobile_app,mobile_pay,CUST001114
c56d6aea-a998-402e-9e50-12fe25d305bc,2024-01-01,20:15:42,ST001,Paris Centre,Europe,FR,SKU006,Gym Bag,Accessories,1,59.99,0,59.99,mobile_app,cash,CUST000341
f2b279ab-b97e-4c0b-9ac1-fa55698bdfb6,2024-01-01,13:50:27,ST005,New York SoHo,Americas,US,SKU001,Running Shoes,Footwear,4,97.49,0.25,389.96,in_store,credit_card,CUST000202
b6f321e9-f433-4d60-80e1-8370a7c93d3e,2024-01-01,13:25:29,ST003,London Oxford,Europe,UK,SKU004,Water Bottle,Accessories,2,22.49,0.1,44.98,mobile_app,debit_card,CUST000707
caf50a45-5129-4bc8-ad97-e35d4046b592,2024-01-01,14:58:05,ST001,Paris Centre,Europe,FR,SKU008,Hiking Boots,Footwear,1,159.99,0,159.99,in_store,debit_card,CUST000714
47ae49ba-5dc5-478a-9701-79948be9779b,2024-01-01,11:33:30,ST003,London Oxford,Europe,UK,SKU006,Gym Bag,Accessories,4,44.99,0.25,179.96,online,mobile_pay,CUST000200
b5c9da0a-d1af-4531-afa1-4f6ce2ee8769,2024-01-01,12:02:51,ST004,Berlin Mitte,Europe,DE,SKU008,Hiking Boots,Footwear,3,159.99,0,479.97,mobile_app,credit_card,CUST000047
c839f649-5636-4e29-9c9f-4388f9bfaf9b,2024-01-01,11:33:11,ST003,London Oxford,Europe,UK,SKU002,Sport Jacket,Apparel,2,71.99,0.2,143.98,mobile_app,debit_card,CUST000678
adb9330a-f441-40bd-bcc9-ce6ac82d4d80,2024-01-01,20:25:40,ST005,New York SoHo,Americas,US,SKU007,Tennis Racket,Equipment,4,199.99,0,799.96,in_store,debit_card,CUST001312
3c4b76f1-421d-480c-9e85-afc12a575914,2024-01-01,17:56:12,ST004,Berlin Mitte,Europe,DE,SKU007,Tennis Racket,Equipment,1,159.99,0.2,159.99,online,mobile_pay,CUST000797
45b714e9-e889-4bfa-ab71-87c9d1519c58,2024-01-01,20:45:51,ST001,Paris Centre,Europe,FR,SKU004,Water Bottle,Accessories,2,24.99,0,49.98,in_store,credit_card,CUST001638
75318c2d-018e-40ef-98a9-1ea478ecc610,2024-01-01,11:29:07,ST005,New York SoHo,Americas,US,SKU003,Yoga Mat,Accessories,3,39.99,0,119.97,online,mobile_pay,CUST001081
9b0a1100-b6f3-4a40-8c1e-58ca5702bd09,2024-01-01,14:37:07,ST003,London Oxford,Europe,UK,SKU010,Cycling Jersey,Apparel,4,63.74,0.15,254.96,online,cash,CUST001732
5ff63c83-198d-4a82-8eef-59e4359743ea,2024-01-01,18:45:51,ST004,Berlin Mitte,Europe,DE,SKU010,Cycling Jersey,Apparel,2,56.24,0.25,112.48,online,credit_card,CUST001377
42c6cd5c-eeb8-47f1-b02a-dbe9024310d3,2024-01-01,12:07:11,ST002,Casablanca Mall,Africa,MA,SKU006,Gym Bag,Accessories,1,59.99,0,59.99,online,debit_card,CUST001047
a6d0fd07-5666-4082-bfcb-fb4d8c6336dc,2024-01-01,14:27:11,ST004,Berlin Mitte,Europe,DE,SKU007,Tennis Racket,Equipment,2,169.99,0.15,339.98,online,debit_card,CUST001137
3bb61953-1a69-4a2d-91cb-6c7503b1c2a4,2024-01-01,10:20:53,ST002,Casablanca Mall,Africa,MA,SKU008,Hiking Boots,Footwear,3,159.99,0,479.97,online,credit_card,CUST001773
ecf9ed90-140b-4fe0-bdcc-9228a7c2988d,2024-01-01,11:52:24,ST003,London Oxford,Europe,UK,SKU001,Running Shoes,Footwear,4,129.99,0,519.96,mobile_app,mobile_pay,CUST000838
bafbf7eb-89da-4137-b040-e3c9cad916dd,2024-01-01,10:05:36,ST004,Berlin Mitte,Europe,DE,SKU007,Tennis Racket,Equipment,4,179.99,0.1,719.96,in_store,debit_card,CUST000599
f3d4b587-4eac-4d2b-8722-73120e7c60a3,2024-01-01,12:10:49,ST001,Paris Centre,Europe,FR,SKU005,Training Shorts,Apparel,2,42.49,0.15,84.98,online,mobile_pay,CUST001126
851bc61f-ade7-4350-8cca-6fe15e3e1ede,2024-01-01,20:34:52,ST005,New York SoHo,Americas,US,SKU002,Sport Jacket,Apparel,1,89.99,0,89.99,online,credit_card,CUST001557
70b9e09f-b75b-4a3c-b2f8-69c0674577da,2024-01-01,09:47:53,ST004,Berlin Mitte,Europe,DE,SKU009,Swim Goggles,Accessories,2,17.99,0.1,35.98,mobile_app,debit_card,CUST000610
6d2bb91d-c1d0-42bf-b953-7259719b872f,2024-01-01,21:52:05,ST001,Paris Centre,Europe,FR,SKU008,Hiking Boots,Footwear,3,159.99,0,479.97,online,credit_card,CUST001589
4bd408b0-7db9-41ee-b662-ee315d370ff2,2024-01-01,19:39:40,ST002,Casablanca Mall,Africa,MA,SKU004,Water Bottle,Accessories,3,18.74,0.25,56.22,online,debit_card,CUST001262
bf4082cb-c5f5-4e09-bcbb-f9c9dbf5ed0a,2024-01-01,08:36:22,ST002,Casablanca Mall,Africa,MA,SKU004,Water Bottle,Accessories,2,18.74,0.25,37.48,mobile_app,cash,CUST001223
398cf619-7adf-409f-8a4f-909a2bfed961,2024-01-01,12:18:36,ST005,New York SoHo,Americas,US,SKU003,Yoga Mat,Accessories,3,31.99,0.2,95.97,online,credit_card,CUST000278
1d3efea7-efae-48a9-8021-586d95b1bba7,2024-01-01,18:08:44,ST004,Berlin Mitte,Europe,DE,SKU001,Running Shoes,Footwear,3,97.49,0.25,292.47,in_store,debit_card,CUST000300
718e984f-a0cf-4162-8c08-0b6918bc2723,2024-01-01,10:36:40,ST003,London Oxford,Europe,UK,SKU004,Water Bottle,Accessories,4,22.49,0.1,89.96,online,mobile_pay,CUST000769
2da654b8-0221-4f5b-b2be-8cb00d9ba0bf,2024-01-01,16:47:17,ST004,Berlin Mitte,Europe,DE,SKU002,Sport Jacket,Apparel,1,80.99,0.1,80.99,mobile_app,cash,CUST000932
1d519d7c-603f-4bd7-a34f-d72067a4c677,2024-01-01,20:54:46,ST004,Berlin Mitte,Europe,DE,SKU006,Gym Bag,Accessories,1,44.99,0.25,44.99,in_store,mobile_pay,CUST001301
b63e2d4c-ce02-4853-80d8-a2e5d0e010c6,2024-01-01,14:52:13,ST003,London Oxford,Europe,UK,SKU002,Sport Jacket,Apparel,4,89.99,0,359.96,online,cash,CUST000662
61b5a27c-1ec6-4c99-a0c1-d5863939243e,2024-01-01,21:31:50,ST003,London Oxford,Europe,UK,SKU006,Gym Bag,Accessories,2,50.99,0.15,101.98,online,credit_card,CUST000095
6a08ed38-ab4a-46c8-a182-b4f97eb5ce17,2024-01-01,21:10:28,ST001,Paris Centre,Europe,FR,SKU008,Hiking Boots,Footwear,1,159.99,0,159.99,online,credit_card,CUST001963
b27e3851-1362-4a2c-b691-c736e9432dc8,2024-01-01,12:10:55,ST004,Berlin Mitte,Europe,DE,SKU004,Water Bottle,Accessories,2,19.99,0.2,39.98,online,credit_card,CUST001341
310c38e1-cd57-4813-94a6-e38b0526ba2b,2024-01-01,18:57:41,ST003,London Oxford,Europe,UK,SKU005,Training Shorts,Apparel,1,49.99,0,49.99,in_store,credit_card,CUST000812
d4584394-6f2a-4609-8d89-38e2a02c5a8f,2024-01-01,09:45:06,ST003,London Oxford,Europe,UK,SKU004,Water Bottle,Accessories,4,19.99,0.2,79.96,in_store,debit_card,CUST000977
7f230e54-fc3d-4aa6-acd9-04c03c7b6606,2024-01-01,18:28:00,ST001,Paris Centre,Europe,FR,SKU003,Yoga Mat,Accessories,2,33.99,0.15,67.98,in_store,cash,CUST001674
a109f929-d6ab-4fcc-a147-ecd57f9cfaf1,2024-01-01,09:14:24,ST001,Paris Centre,Europe,FR,SKU007,Tennis Racket,Equipment,2,179.99,0.1,359.98,in_store,credit_card,CUST000212
f9a8a7a5-3040-437b-b579-86bdf9a7a9f3,2024-01-01,14:49:52,ST003,London Oxford,Europe,UK,SKU006,Gym Bag,Accessories,3,59.99,0,179.97,in_store,debit_card,CUST000141
be97cd6c-59d2-42a0-975a-80109990674f,2024-01-01,18:10:28,ST005,New York SoHo,Americas,US,SKU010,Cycling Jersey,Apparel,1,63.74,0.15,63.74,online,debit_card,CUST001287
3e550e67-bf4a-40f6-8393-d0193cfbf5f2,2024-01-01,11:05:57,ST002,Casablanca Mall,Africa,MA,SKU007,Tennis Racket,Equipment,4,149.99,0.25,599.96,in_store,debit_card,CUST001542
c699b9b2-8de9-423a-9080-734f522be20d,2024-01-01,14:20:50,ST001,Paris Centre,Europe,FR,SKU010,Cycling Jersey,Apparel,4,74.99,0,299.96,in_store,debit_card,CUST000568
ee0425a6-5f93-4b84-b2c8-a42f2db4dd16,2024-01-01,19:01:54,ST001,Paris Centre,Europe,FR,SKU004,Water Bottle,Accessories,3,18.74,0.25,56.22,mobile_app,cash,CUST000421
7a166e8b-5972-4d1b-b17b-54b096e41bbd,2024-01-01,14:18:41,ST005,New York SoHo,Americas,US,SKU010,Cycling Jersey,Apparel,2,59.99,0.2,119.98,in_store,debit_card,CUST001014
621f220a-2d9b-46c1-9f1d-f5629434b032,2024-01-01,18:38:04,ST004,Berlin Mitte,Europe,DE,SKU002,Sport Jacket,Apparel,2,80.99,0.1,161.98,mobile_app,credit_card,CUST000740
3b5900a3-380e-46e6-b56c-8092fd567653,2024-01-01,21:36:26,ST003,London Oxford,Europe,UK,SKU003,Yoga Mat,Accessories,4,29.99,0.25,119.96,online,debit_card,CUST001563
3bdb049a-4ee4-477f-b28b-87356ea708e8,2024-01-01,09:00:16,ST004,Berlin Mitte,Europe,DE,SKU002,Sport Jacket,Apparel,1,76.49,0.15,76.49,in_store,credit_card,CUST001890
233265d6-1d2a-416c-a5f2-6b83cb51aac9,2024-01-01,19:32:49,ST001,Paris Centre,Europe,FR,SKU007,Tennis Racket,Equipment,3,159.99,0.2,479.97,online,mobile_pay,CUST001438
1fc26dbf-0234-43a7-acd5-6737f0d1d392,2024-01-01,09:19:05,ST004,Berlin Mitte,Europe,DE,SKU002,Sport Jacket,Apparel,2,89.99,0,179.98,mobile_app,debit_card,CUST001996
c19c3974-ca96-44ca-b1a3-851c40c303cf,2024-01-01,17:40:48,ST002,Casablanca Mall,Africa,MA,SKU009,Swim Goggles,Accessories,3,17.99,0.1,53.97,mobile_app,credit_card,CUST000636
d2493537-29f6-498f-9e3b-67ef02469ffb,2024-01-01,09:59:27,ST004,Berlin Mitte,Europe,DE,SKU004,Water Bottle,Accessories,1,24.99,0,24.99,in_store,mobile_pay,CUST001254
e418025c-1a29-48b3-8521-64f06315bdab,2024-01-01,19:42:47,ST005,New York SoHo,Americas,US,SKU001,Running Shoes,Footwear,3,103.99,0.2,311.97,in_store,credit_card,CUST000026
2b76e409-eea7-478a-87fd-181ff8de8924,2024-01-01,13:33:33,ST002,Casablanca Mall,Africa,MA,SKU001,Running Shoes,Footwear,2,116.99,0.1,233.98,mobile_app,cash,CUST000342
94a24208-a8ed-473b-aec9-b3ce358fb11c,2024-01-01,09:49:57,ST003,London Oxford,Europe,UK,SKU003,Yoga Mat,Accessories,3,31.99,0.2,95.97,in_store,cash,CUST001653
108cfaa7-2c26-4d11-860e-4b75570dc959,2024-01-01,19:36:40,ST004,Berlin Mitte,Europe,DE,SKU005,Training Shorts,Apparel,1,49.99,0,49.99,in_store,mobile_pay,CUST000933
1079a044-ea29-47f3-abb8-012962fe34fe,2024-01-01,21:36:10,ST005,New York SoHo,Americas,US,SKU006,Gym Bag,Accessories,1,53.99,0.1,53.99,online,debit_card,CUST000523
2660261a-3544-4e2c-97ab-27c147d2114d,2024-01-01,19:32:00,ST001,Paris Centre,Europe,FR,SKU010,Cycling Jersey,Apparel,1,74.99,0,74.99,in_store,credit_card,CUST000501
9a97bc4e-895e-4cd1-8d4d-86e0c0a94669,2024-01-01,10:11:59,ST001,Paris Centre,Europe,FR,SKU008,Hiking Boots,Footwear,3,143.99,0.1,431.97,in_store,mobile_pay,CUST000460
3c648480-be48-4224-b8d6-5cb302cae48e,2024-01-01,13:17:52,ST003,London Oxford,Europe,UK,SKU004,Water Bottle,Accessories,4,19.99,0.2,79.96,in_store,cash,CUST000245
b3b9cb45-6cc0-438d-9901-8c4a13b17153,2024-01-01,20:33:02,ST005,New York SoHo,Americas,US,SKU001,Running Shoes,Footwear,2,129.99,0,259.98,online,credit_card,CUST001797
382d40a9-1682-4bbc-ad72-445bdc0b8e30,2024-01-01,09:35:29,ST004,Berlin Mitte,Europe,DE,SKU005,Training Shorts,Apparel,3,49.99,0,149.97,in_store,cash,CUST000411
e9b6b4ec-7482-4764-8a5b-da7262240669,2024-01-01,17:15:29,ST003,London Oxford,Europe,UK,SKU010,Cycling Jersey,Apparel,3,59.99,0.2,179.97,online,mobile_pay,CUST001583
d5365dfc-8c55-433d-8047-67d183fdd7f7,2024-01-01,08:59:26,ST002,Casablanca Mall,Africa,MA,SKU009,Swim Goggles,Accessories,2,19.99,0,39.98,in_store,debit_card,CUST001110
883d8197-1af2-4ee5-85e1-a94bb308d047,2024-01-01,20:42:24,ST003,London Oxford,Europe,UK,SKU001,Running Shoes,Footwear,3,129.99,0,389.97,mobile_app,cash,CUST000213
543e6c4a-f2e2-456b-b36e-8ee238f57380,2024-01-01,15:03:09,ST002,Casablanca Mall,Africa,MA,SKU009,Swim Goggles,Accessories,2,17.99,0.1,35.98,mobile_app,cash,CUST000191
7b46d79f-c6a2-4845-bbca-3ceb9e090aa3,2024-01-01,13:29:47,ST001,Paris Centre,Europe,FR,SKU004,Water Bottle,Accessories,4,19.99,0.2,79.96,in_store,credit_card,CUST001036
5879b5da-c015-4a21-aa19-78fb3bb09c14,2024-01-01,17:03:27,ST002,Casablanca Mall,Africa,MA,SKU007,Tennis Racket,Equipment,1,169.99,0.15,169.99,mobile_app,debit_card,CUST000485
abe06072-7468-4115-87e7-41c71490c13f,2024-01-01,14:44:53,ST003,London Oxford,Europe,UK,SKU005,Training Shorts,Apparel,3,37.49,0.25,112.47,mobile_app,cash,CUST000652
39e412f8-1d88-4518-97c3-3c67b19116c7,2024-01-01,11:08:49,ST004,Berlin Mitte,Europe,DE,SKU005,Training Shorts,Apparel,2,49.99,0,99.98,mobile_app,credit_card,CUST000319
f80c3181-638b-492b-8283-a47daffa36b3,2024-01-01,13:26:07,ST001,Paris Centre,Europe,FR,SKU003,Yoga Mat,Accessories,4,35.99,0.1,143.96,mobile_app,cash,CUST001976
e430b9f4-e9c4-4bd2-a348-52c931282380,2024-01-01,12:54:07,ST002,Casablanca Mall,Africa,MA,SKU008,Hiking Boots,Footwear,3,143.99,0.1,431.97,in_store,debit_card,CUST001654
87d218b4-bedb-411b-bf1d-759ee37caa1c,2024-01-01,21:54:20,ST003,London Oxford,Europe,UK,SKU010,Cycling Jersey,Apparel,1,74.99,0,74.99,in_store,credit_card,CUST001457
0709d156-c9d0-42e5-98e3-ca88da33ca8e,2024-01-01,08:43:19,ST002,Casablanca Mall,Africa,MA,SKU006,Gym Bag,Accessories,4,50.99,0.15,203.96,online,debit_card,CUST000064
32fa0ec8-afa2-47aa-bc89-e12b46ad7955,2024-01-01,15:06:51,ST004,Berlin Mitte,Europe,DE,SKU008,Hiking Boots,Footwear,2,159.99,0,319.98,in_store,credit_card,CUST000025
58c59d0d-f11f-4a82-ae8e-391e6c1dadb6,2024-01-01,21:25:23,ST001,Paris Centre,Europe,FR,SKU004,Water Bottle,Accessories,2,24.99,0,49.98,mobile_app,credit_card,CUST001193
7a9ff125-a727-4a9e-9a21-0c10b369cfa7,2024-01-01,09:12:57,ST005,New York SoHo,Americas,US,SKU005,Training Shorts,Apparel,1,49.99,0,49.99,mobile_app,mobile_pay,CUST001658
689882b3-f3f6-4c4f-8f40-e98b5a44a3f5,2024-01-01,08:29:03,ST002,Casablanca Mall,Africa,MA,SKU002,Sport Jacket,Apparel,3,89.99,0,269.97,in_store,mobile_pay,CUST001683
d5a8f25e-cb4d-4d73-bf38-02f89fb869c5,2024-01-01,18:27:11,ST004,Berlin Mitte,Europe,DE,SKU008,Hiking Boots,Footwear,1,143.99,0.1,143.99,online,debit_card,CUST001861
ecd8f5e2-16d3-4911-8ac1-5245f0b482de,2024-01-01,10:02:39,ST002,Casablanca Mall,Africa,MA,SKU005,Training Shorts,Apparel,3,44.99,0.1,134.97,mobile_app,debit_card,CUST001326
bc1851d4-8a33-4624-bb4b-0aaf3998a6ab,2024-01-01,15:03:05,ST003,London Oxford,Europe,UK,SKU008,Hiking Boots,Footwear,4,135.99,0.15,543.96,online,mobile_pay,CUST000282
b416ad3c-1f42-4230-a0ca-c138d06fcd89,2024-01-01,20:34:50,ST004,Berlin Mitte,Europe,DE,SKU004,Water Bottle,Accessories,2,19.99,0.2,39.98,in_store,mobile_pay,CUST001602
f84aef61-68dc-4c87-96f0-1646b4071c88,2024-01-01,17:32:20,ST003,London Oxford,Europe,UK,SKU008,Hiking Boots,Footwear,4,159.99,0,639.96,online,cash,CUST000369
3cbda609-cba5-4da5-ba21-828ef41b3c5b,2024-01-01,20:49:17,ST001,Paris Centre,Europe,FR,SKU006,Gym Bag,Accessories,2,59.99,0,119.98,in_store,mobile_pay,CUST001085
144fbd07-590d-4f49-a68e-a7d7a44b54a8,2024-01-01,09:15:42,ST003,London Oxford,Europe,UK,SKU010,Cycling Jersey,Apparel,2,74.99,0,149.98,in_store,cash,CUST001093
f41e845b-9109-4b1a-a622-3637bcadae33,2024-01-01,21:54:11,ST001,Paris Centre,Europe,FR,SKU004,Water Bottle,Accessories,4,24.99,0,99.96,in_store,debit_card,CUST001214
c48a1375-4506-4eac-bbdf-ceff139dfa4a,2024-01-01,19:22:36,ST003,London Oxford,Europe,UK,SKU006,Gym Bag,Accessories,1,47.99,0.2,47.99,mobile_app,debit_card,CUST001154
224a38da-db7f-4d34-aa57-b79b6320e9cc,2024-01-01,15:02:05,ST002,Casablanca Mall,Africa,MA,SKU008,Hiking Boots,Footwear,3,159.99,0,479.97,in_store,debit_card,CUST001233
8267a064-9642-49cf-adc9-78cbbdf7e3f8,2024-01-01,13:58:39,ST002,Casablanca Mall,Africa,MA,SKU001,Running Shoes,Footwear,4,129.99,0,519.96,in_store,debit_card,CUST000698
d7232a10-8e8c-489c-9672-5a891189a32a,2024-01-01,10:37:45,ST002,Casablanca Mall,Africa,MA,SKU006,Gym Bag,Accessories,1,59.99,0,59.99,in_store,credit_card,CUST001734
a0af39ed-ff0a-4c00-98a4-a9f0feecd0c0,2024-01-01,19:42:25,ST005,New York SoHo,Americas,US,SKU006,Gym Bag,Accessories,1,59.99,0,59.99,mobile_app,credit_card,CUST000690
e56c42cf-86f9-43c3-8e7e-6b9c1a4f5f25,2024-01-01,19:27:50,ST003,London Oxford,Europe,UK,SKU006,Gym Bag,Accessories,2,59.99,0,119.98,mobile_app,mobile_pay,CUST001330
6608dac4-1a15-40ee-88eb-9dde8c99b732,2024-01-01,18:37:52,ST003,London Oxford,Europe,UK,SKU003,Yoga Mat,Accessories,3,39.99,0,119.97,in_store,mobile_pay,CUST000629
d2c761d1-36a9-487e-b186-a938f35f8862,2024-01-01,08:44:36,ST003,London Oxford,Europe,UK,SKU003,Yoga Mat,Accessories,2,31.99,0.2,63.98,online,credit_card,CUST000373
8327b6f6-d097-48e2-9a08-c9b8f6547751,2024-01-01,17:06:59,ST005,New York SoHo,Americas,US,SKU006,Gym Bag,Accessories,2,47.99,0.2,95.98,online,debit_card,CUST000679
093d6ab7-a036-44eb-94df-d9ac3fdf73c8,2024-01-01,10:40:56,ST001,Paris Centre,Europe,FR,SKU004,Water Bottle,Accessories,3,24.99,0,74.97,in_store,cash,CUST000915
adec05c3-b660-45dc-98b7-e04a49e9523a,2024-01-01,19:04:22,ST001,Paris Centre,Europe,FR,SKU005,Training Shorts,Apparel,2,49.99,0,99.98,online,credit_card,CUST001476
229a6d96-bf5c-4c47-95a3-5a934e78c196,2024-01-01,19:26:10,ST001,Paris Centre,Europe,FR,SKU001,Running Shoes,Footwear,4,116.99,0.1,467.96,online,mobile_pay,CUST001806
24e34b9d-6e07-4656-8672-9964b7bca6a0,2024-01-01,21:30:50,ST004,Berlin Mitte,Europe,DE,SKU006,Gym Bag,Accessories,4,59.99,0,239.96,mobile_app,debit_card,CUST000334
d2e010fa-4f86-4149-bcdf-4a2810740350,2024-01-01,08:20:16,ST004,Berlin Mitte,Europe,DE,SKU002,Sport Jacket,Apparel,1,89.99,0,89.99,in_store,credit_card,CUST000701
80185b33-a606-4a4f-900a-40c82989d767,2024-01-01,09:35:57,ST002,Casablanca Mall,Africa,MA,SKU007,Tennis Racket,Equipment,2,159.99,0.2,319.98,in_store,cash,CUST001217
c77d1689-1ee0-4361-b37a-31bc58f9c9c2,2024-01-01,18:10:38,ST005,New York SoHo,Americas,US,SKU008,Hiking Boots,Footwear,1,143.99,0.1,143.99,online,debit_card,CUST000110
edb30159-2815-4da8-b95c-8102d7b8acd6,2024-01-01,14:44:35,ST001,Paris Centre,Europe,FR,SKU006,Gym Bag,Accessories,2,59.99,0,119.98,mobile_app,cash,CUST001353
dbde230b-785a-4194-a6db-cd9e9b8cf09e,2024-01-01,08:25:36,ST003,London Oxford,Europe,UK,SKU005,Training Shorts,Apparel,2,49.99,0,99.98,mobile_app,mobile_pay,CUST000315
de8dfd92-61a7-418c-94d1-bb6a83f2cb0e,2024-01-01,09:18:52,ST001,Paris Centre,Europe,FR,SKU006,Gym Bag,Accessories,1,53.99,0.1,53.99,mobile_app,mobile_pay,CUST000409
5ef43c86-a280-4846-8dc1-f2d97c615976,2024-01-01,18:18:05,ST001,Paris Centre,Europe,FR,SKU001,Running Shoes,Footwear,2,129.99,0,259.98,online,credit_card,CUST000632
e4817eaf-4714-4cf7-9db4-63246605af90,2024-01-01,12:05:41,ST004,Berlin Mitte,Europe,DE,SKU008,Hiking Boots,Footwear,4,127.99,0.2,511.96,mobile_app,mobile_pay,CUST000379
05757c76-dc02-4eeb-951b-7e492f07fa0e,2024-01-01,15:02:16,ST003,London Oxford,Europe,UK,SKU007,Tennis Racket,Equipment,3,199.99,0,599.97,online,mobile_pay,CUST000540
bfe9b218-1e44-4e5b-a933-4250d47bf207,2024-01-01,20:44:42,ST002,Casablanca Mall,Africa,MA,SKU005,Training Shorts,Apparel,1,49.99,0,49.99,in_store,credit_card,CUST001369
322b8870-33f0-4455-9276-0b925289327d,2024-01-01,17:14:35,ST003,London Oxford,Europe,UK,SKU009,Swim Goggles,Accessories,4,14.99,0.25,59.96,in_store,mobile_pay,CUST001677
23a4afc4-69d7-47df-996b-e490a85104fa,2024-01-01,11:30:19,ST005,New York SoHo,Americas,US,SKU007,Tennis Racket,Equipment,4,169.99,0.15,679.96,in_store,mobile_pay,CUST001849
750a046f-8b3f-413b-9bde-da7957c6868e,2024-01-01,20:28:11,ST001,Paris Centre,Europe,FR,SKU009,Swim Goggles,Accessories,2,19.99,0,39.98,in_store,debit_card,CUST001656
031a76c2-d278-46c1-93bf-ba0affada68e,2024-01-01,09:43:27,ST002,Casablanca Mall,Africa,MA,SKU003,Yoga Mat,Accessories,1,35.99,0.1,35.99,in_store,debit_card,CUST001709
7d838d4b-2ec4-4b5c-a5dc-a83458a59ff6,2024-01-01,20:04:05,ST005,New York SoHo,Americas,US,SKU005,Training Shorts,Apparel,3,39.99,0.2,119.97,online,mobile_pay,CUST001131
a7fcaf68-4d50-4ec4-8970-222fb4436f21,2024-01-01,08:50:44,ST003,London Oxford,Europe,UK,SKU005,Training Shorts,Apparel,4,37.49,0.25,149.96,mobile_app,mobile_pay,CUST000231
fa77ff66-2ef4-46b1-9144-41b3157c7e91,2024-01-01,17:37:48,ST004,Berlin Mitte,Europe,DE,SKU003,Yoga Mat,Accessories,2,33.99,0.15,67.98,in_store,credit_card,CUST001153
83402652-dff9-4edf-bee9-efc1b14eb1df,2024-01-01,12:24:41,ST001,Paris Centre,Europe,FR,SKU005,Training Shorts,Apparel,3,44.99,0.1,134.97,online,mobile_pay,CUST000077
221c5378-fdea-401f-b849-c5e8c265fed5,2024-01-01,17:38:43,ST002,Casablanca Mall,Africa,MA,SKU005,Training Shorts,Apparel,4,49.99,0,199.96,mobile_app,mobile_pay,CUST000080
80bb9b1f-c468-43cb-bb9c-f335904636a6,2024-01-01,19:30:58,ST004,Berlin Mitte,Europe,DE,SKU006,Gym Bag,Accessories,2,59.99,0,119.98,online,cash,CUST000042
b1991ff4-72da-4f0e-84ff-5d70e5101fcd,2024-01-01,21:31:54,ST003,London Oxford,Europe,UK,SKU005,Training Shorts,Apparel,3,49.99,0,149.97,mobile_app,credit_card,CUST001992
b7b5541b-b30c-4ccc-94be-3065150299a4,2024-01-01,15:49:52,ST002,Casablanca Mall,Africa,MA,SKU003,Yoga Mat,Accessories,3,31.99,0.2,95.97,online,cash,CUST001493
fcf9c557-16ba-489f-9bee-711a013d60c4,2024-01-01,15:13:58,ST004,Berlin Mitte,Europe,DE,SKU010,Cycling Jersey,Apparel,1,74.99,0,74.99,online,mobile_pay,CUST001556
902cead6-554b-4ffe-8f48-a24e93936aa6,2024-01-01,20:10:04,ST005,New York SoHo,Americas,US,SKU006,Gym Bag,Accessories,1,50.99,0.15,50.99,online,mobile_pay,CUST000278
c4404e90-c615-4dd8-8495-f1fd0cbf8429,2024-01-01,11:56:53,ST005,New York SoHo,Americas,US,SKU010,Cycling Jersey,Apparel,1,74.99,0,74.99,in_store,credit_card,CUST000511
c5f6d7f8-9bf9-4e6e-addb-7e80ab30bb0c,2024-01-01,19:12:17,ST001,Paris Centre,Europe,FR,SKU008,Hiking Boots,Footwear,1,159.99,0,159.99,online,mobile_pay,CUST001035
8a8549ad-78d7-46af-bcfc-768c7ab82b59,2024-01-01,13:31:38,ST004,Berlin Mitte,Europe,DE,SKU002,Sport Jacket,Apparel,1,89.99,0,89.99,online,debit_card,CUST001968
ae3d3566-90c8-4fbc-8ac2-489ad178385e,2024-01-01,10:53:57,ST004,Berlin Mitte,Europe,DE,SKU010,Cycling Jersey,Apparel,3,74.99,0,224.97,online,credit_card,CUST000584
04fca2f9-57f0-40dc-b28e-a14b85690652,2024-01-01,21:36:49,ST001,Paris Centre,Europe,FR,SKU007,Tennis Racket,Equipment,1,199.99,0,199.99,in_store,debit_card,CUST001326
5109b1b0-756b-4cd6-b909-da85c2cc15e2,2024-01-01,14:32:01,ST002,Casablanca Mall,Africa,MA,SKU004,Water Bottle,Accessories,3,19.99,0.2,59.97,mobile_app,credit_card,CUST000971
f4d0f418-c16d-498a-895f-7eb089aa6f91,2024-01-01,12:38:51,ST002,Casablanca Mall,Africa,MA,SKU003,Yoga Mat,Accessories,1,39.99,0,39.99,online,cash,CUST000868
c9eb0778-d1ac-42e1-837a-09741c937029,2024-01-01,11:29:19,ST004,Berlin Mitte,Europe,DE,SKU006,Gym Bag,Accessories,4,59.99,0,239.96,mobile_app,mobile_pay,CUST001198
a14d2116-02ff-443b-8321-8715467b48ad,2024-01-01,18:38:38,ST001,Paris Centre,Europe,FR,SKU001,Running Shoes,Footwear,3,110.49,0.15,331.47,online,cash,CUST001402
db8203ef-8911-4deb-973a-51ac59c9b92d,2024-01-01,12:40:20,ST001,Paris Centre,Europe,FR,SKU008,Hiking Boots,Footwear,1,159.99,0,159.99,online,cash,CUST001344
047c37d3-dd20-4a7b-8e26-f2dd858237d3,2024-01-01,20:15:57,ST003,London Oxford,Europe,UK,SKU004,Water Bottle,Accessories,2,21.24,0.15,42.48,in_store,mobile_pay,CUST001353
9d3c1975-a2e9-43f0-a555-faa83f7a2862,2024-01-01,15:18:16,ST003,London Oxford,Europe,UK,SKU003,Yoga Mat,Accessories,1,31.99,0.2,31.99,online,mobile_pay,CUST000796
4ca774e1-ae7d-46e6-a75e-385f8dbc224e,2024-01-01,19:45:14,ST001,Paris Centre,Europe,FR,SKU010,Cycling Jersey,Apparel,2,74.99,0,149.98,mobile_app,mobile_pay,CUST001857
6eabca80-931d-4fe9-abc2-9de7a939dbea,2024-01-01,10:53:42,ST003,London Oxford,Europe,UK,SKU009,Swim Goggles,Accessories,3,14.99,0.25,44.97,mobile_app,debit_card,CUST000602
3cab6793-a751-42fb-af4e-c17cc41a9b19,2024-01-01,12:46:51,ST001,Paris Centre,Europe,FR,SKU008,Hiking Boots,Footwear,2,127.99,0.2,255.98,mobile_app,debit_card,CUST001940
855d588b-4163-4f73-94f5-1623bf4a379e,2024-01-01,11:47:55,ST003,London Oxford,Europe,UK,SKU002,Sport Jacket,Apparel,2,89.99,0,179.98,online,mobile_pay,CUST001615
e6ca0329-cd8b-477e-8eaa-faa58eb32a75,2024-01-01,12:29:54,ST003,London Oxford,Europe,UK,SKU006,Gym Bag,Accessories,3,50.99,0.15,152.97,in_store,mobile_pay,CUST000110
033c029c-73b9-40f9-ae26-746051bd2d02,2024-01-01,11:32:07,ST005,New York SoHo,Americas,US,SKU010,Cycling Jersey,Apparel,1,67.49,0.1,67.49,mobile_app,mobile_pay,CUST001086
bf8b89e8-dd06-43aa-8abe-c671bfcc518a,2024-01-01,21:09:08,ST003,London Oxford,Europe,UK,SKU007,Tennis Racket,Equipment,1,149.99,0.25,149.99,in_store,cash,CUST000839
917e995f-0728-4e6f-8998-7c56da2e1a60,2024-01-01,21:45:11,ST005,New York SoHo,Americas,US,SKU008,Hiking Boots,Footwear,2,159.99,0,319.98,in_store,mobile_pay,CUST000682
cbcb1d8b-61e2-446f-bcb2-09ef10982d2c,2024-01-01,15:17:13,ST002,Casablanca Mall,Africa,MA,SKU006,Gym Bag,Accessories,1,59.99,0,59.99,in_store,debit_card,CUST001003
43d2894a-fdfd-4a58-ad25-cfaf6026b8d3,2024-01-01,14:25:27,ST001,Paris Centre,Europe,FR,SKU003,Yoga Mat,Accessories,4,31.99,0.2,127.96,online,mobile_pay,CUST000010
08dbb5f7-7802-4868-add5-f81ac124279f,2024-01-01,13:00:57,ST001,Paris Centre,Europe,FR,SKU009,Swim Goggles,Accessories,2,15.99,0.2,31.98,online,debit_card,CUST000037
c8135c34-1e60-4af9-8111-67d68141080c,2024-01-01,13:19:08,ST001,Paris Centre,Europe,FR,SKU004,Water Bottle,Accessories,2,19.99,0.2,39.98,in_store,mobile_pay,CUST001031
9347f4af-ec77-45f3-96dc-ba389a581d06,2024-01-01,21:02:19,ST005,New York SoHo,Americas,US,SKU005,Training Shorts,Apparel,2,49.99,0,99.98,online,mobile_pay,CUST001491
5902a0df-1826-44dd-b4f5-1678dc9403cd,2024-01-01,18:08:21,ST005,New York SoHo,Americas,US,SKU010,Cycling Jersey,Apparel,3,67.49,0.1,202.47,online,cash,CUST001537
cc20ec40-1f2b-4df8-badc-d7806d40f9d6,2024-01-01,11:14:46,ST002,Casablanca Mall,Africa,MA,SKU003,Yoga Mat,Accessories,4,39.99,0,159.96,in_store,debit_card,CUST001504
06ef1258-6584-41ec-97c0-866ee1932de9,2024-01-01,13:45:41,ST001,Paris Centre,Europe,FR,SKU010,Cycling Jersey,Apparel,2,74.99,0,149.98,in_store,mobile_pay,CUST001796
487b0ae1-7e2b-4ee1-8246-b9be8d27a581,2024-01-01,08:42:06,ST003,London Oxford,Europe,UK,SKU009,Swim Goggles,Accessories,1,16.99,0.15,16.99,mobile_app,credit_card,CUST000099
0cd498b8-42f5-4b55-ab06-27986af3c18e,2024-01-01,09:35:16,ST001,Paris Centre,Europe,FR,SKU007,Tennis Racket,Equipment,4,179.99,0.1,719.96,online,debit_card,CUST000421
606ab706-843d-40b7-8424-88fb55938d59,2024-01-01,09:42:33,ST001,Paris Centre,Europe,FR,SKU005,Training Shorts,Apparel,4,39.99,0.2,159.96,online,debit_card,CUST000858
64bf24d0-83af-4d47-91f1-6be5dfec539e,2024-01-01,09:50:06,ST001,Paris Centre,Europe,FR,SKU009,Swim Goggles,Accessories,1,19.99,0,19.99,online,debit_card,CUST001248
60434e6f-e2f7-4d31-b9c4-fc67bf72a7e7,2024-01-01,19:26:18,ST002,Casablanca Mall,Africa,MA,SKU005,Training Shorts,Apparel,2,49.99,0,99.98,in_store,credit_card,CUST001123
52d8327b-1024-4242-8230-df159c6fed5e,2024-01-01,11:00:00,ST004,Berlin Mitte,Europe,DE,SKU004,Water Bottle,Accessories,4,24.99,0,99.96,mobile_app,credit_card,CUST001858
99b64643-3a51-49db-8b1d-1fbda92dee5c,2024-01-01,09:49:32,ST001,Paris Centre,Europe,FR,SKU010,Cycling Jersey,Apparel,4,74.99,0,299.96,in_store,credit_card,CUST001853
40112569-4c03-4cb0-bd86-7ec18f90a876,2024-01-01,12:29:03,ST003,London Oxford,Europe,UK,SKU004,Water Bottle,Accessories,4,24.99,0,99.96,in_store,debit_card,CUST001791
170e116d-44c6-429c-9d56-7db5b86197fc,2024-01-01,18:20:27,ST001,Paris Centre,Europe,FR,SKU005,Training Shorts,Apparel,3,37.49,0.25,112.47,mobile_app,credit_card,CUST000195
03dde016-57d6-4081-9193-3f20ee9e8b2f,2024-01-01,18:10:21,ST001,Paris Centre,Europe,FR,SKU001,Running Shoes,Footwear,2,103.99,0.2,207.98,online,mobile_pay,CUST001957
483e39d9-fce0-44e2-a900-4efd55149722,2024-01-01,21:21:11,ST005,New York SoHo,Americas,US,SKU005,Training Shorts,Apparel,1,49.99,0,49.99,in_store,mobile_pay,CUST000820
2826ddc1-d22e-47ac-9914-96a2005ca050,2024-01-01,21:30:51,ST004,Berlin Mitte,Europe,DE,SKU005,Training Shorts,Apparel,4,39.99,0.2,159.96,online,debit_card,CUST000232
de8f1c37-c5e1-4f9a-9c37-feec5d1cbcba,2024-01-01,14:58:37,ST002,Casablanca Mall,Africa,MA,SKU001,Running Shoes,Footwear,2,129.99,0,259.98,online,mobile_pay,CUST000372
43c898f0-3ce3-4581-87ab-d53811de8c65,2024-01-01,08:55:43,ST005,New York SoHo,Americas,US,SKU007,Tennis Racket,Equipment,3,169.99,0.15,509.97,mobile_app,debit_card,CUST000990
22ed7890-72c9-477b-b58e-2b25593b2818,2024-01-01,08:04:16,ST004,Berlin Mitte,Europe,DE,SKU002,Sport Jacket,Apparel,4,80.99,0.1,323.96,mobile_app,cash,CUST000026
82de84f1-a129-46fe-8a0a-20be16e83aef,2024-01-01,21:21:33,ST005,New York SoHo,Americas,US,SKU010,Cycling Jersey,Apparel,2,59.99,0.2,119.98,mobile_app,credit_card,CUST000887
49659d4a-c242-4e93-b4a7-7e017a620a71,2024-01-01,18:41:24,ST002,Casablanca Mall,Africa,MA,SKU008,Hiking Boots,Footwear,3,127.99,0.2,383.97,in_store,credit_card,CUST000024
bb9ff9fc-74a3-4e7e-9c75-8b9fdc07e6a0,2024-01-01,15:55:10,ST002,Casablanca Mall,Africa,MA,SKU009,Swim Goggles,Accessories,4,14.99,0.25,59.96,in_store,mobile_pay,CUST000657
bd6d89d1-63aa-4d1c-93fd-f8333f05d93c,2024-01-01,16:14:35,ST002,Casablanca Mall,Africa,MA,SKU006,Gym Bag,Accessories,3,59.99,0,179.97,mobile_app,mobile_pay,CUST000826
ff02412c-f794-444b-a3d6-566ef6ff8541,2024-01-01,20:36:28,ST002,Casablanca Mall,Africa,MA,SKU002,Sport Jacket,Apparel,4,80.99,0.1,323.96,in_store,mobile_pay,CUST000916
c60c6e2c-08e1-41d7-aa32-ac7deeabd022,2024-01-01,18:01:06,ST003,London Oxford,Europe,UK,SKU002,Sport Jacket,Apparel,4,71.99,0.2,287.96,online,mobile_pay,CUST000074
2af74751-91fb-46a5-859b-6e32105c6716,2024-01-01,09:50:38,ST005,New York SoHo,Americas,US,SKU009,Swim Goggles,Accessories,1,14.99,0.25,14.99,mobile_app,cash,CUST001823
2a51c109-318b-47d8-a2ba-08c42d690266,2024-01-01,18:29:21,ST005,New York SoHo,Americas,US,SKU009,Swim Goggles,Accessories,2,15.99,0.2,31.98,online,credit_card,CUST001673
fbee7b9d-4a4a-40f6-be93-e74f417cd9c8,2024-01-01,20:39:38,ST002,Casablanca Mall,Africa,MA,SKU008,Hiking Boots,Footwear,3,135.99,0.15,407.97,online,cash,CUST001467
9a97ebff-3eeb-43ac-a95b-abd5e3180308,2024-01-01,18:14:00,ST004,Berlin Mitte,Europe,DE,SKU002,Sport Jacket,Apparel,1,67.49,0.25,67.49,online,cash,CUST001700
c838b4b6-dd02-4272-83cb-406a8993f20f,2024-01-01,09:02:57,ST003,London Oxford,Europe,UK,SKU009,Swim Goggles,Accessories,3,15.99,0.2,47.97,in_store,mobile_pay,CUST000288
09e7a0cc-7be8-478b-b94c-a589ad935cc7,2024-01-01,11:12:07,ST004,Berlin Mitte,Europe,DE,SKU002,Sport Jacket,Apparel,3,76.49,0.15,229.47,online,debit_card,CUST000937
b0aa6b89-df03-4753-ba06-88f1de08c219,2024-01-01,14:02:59,ST002,Casablanca Mall,Africa,MA,SKU006,Gym Bag,Accessories,1,44.99,0.25,44.99,mobile_app,credit_card,CUST001582
ae565eba-45bb-47ed-918e-5e1c6661176f,2024-01-01,08:33:47,ST004,Berlin Mitte,Europe,DE,SKU008,Hiking Boots,Footwear,2,143.99,0.1,287.98,in_store,mobile_pay,CUST001718
1cc68005-64f9-4519-a895-704a952171b6,2024-01-01,17:11:46,ST005,New York SoHo,Americas,US,SKU008,Hiking Boots,Footwear,2,127.99,0.2,255.98,in_store,credit_card,CUST000794
761bbbef-25f5-4311-a5d0-a9642dd31286,2024-01-01,14:26:38,ST005,New York SoHo,Americas,US,SKU010,Cycling Jersey,Apparel,3,63.74,0.15,191.22,mobile_app,debit_card,CUST000561
596ca851-2de3-4fce-abaf-05d977c15b42,2024-01-01,20:08:08,ST004,Berlin Mitte,Europe,DE,SKU006,Gym Bag,Accessories,3,53.99,0.1,161.97,online,cash,CUST001727
c66df0c0-326c-409f-9b1d-190d016b5460,2024-01-01,11:39:45,ST005,New York SoHo,Americas,US,SKU006,Gym Bag,Accessories,2,59.99,0,119.98,online,cash,CUST001887
6e96c3a6-ec9c-45cf-bf52-47279d0488f0,2024-01-01,09:48:22,ST002,Casablanca Mall,Africa,MA,SKU003,Yoga Mat,Accessories,3,31.99,0.2,95.97,mobile_app,mobile_pay,CUST001194
81799188-c050-4e4d-9c11-d087a4214655,2024-01-01,14:51:00,ST005,New York SoHo,Americas,US,SKU007,Tennis Racket,Equipment,3,149.99,0.25,449.97,mobile_app,credit_card,CUST000052
34582175-b449-4802-96cb-673ff90dcfbf,2024-01-01,08:12:17,ST004,Berlin Mitte,Europe,DE,SKU003,Yoga Mat,Accessories,1,31.99,0.2,31.99,in_store,cash,CUST001400
cbd894ed-cd56-4420-88eb-add8f1cb707f,2024-01-01,20:18:13,ST003,London Oxford,Europe,UK,SKU003,Yoga Mat,Accessories,1,31.99,0.2,31.99,mobile_app,credit_card,CUST000735
c3d37179-f6fd-47b9-843f-93366d6d006a,2024-01-01,18:35:24,ST004,Berlin Mitte,Europe,DE,SKU002,Sport Jacket,Apparel,2,71.99,0.2,143.98,in_store,cash,CUST001420
00bc7d1f-6fa4-4511-8d7b-8a113f717ac1,2024-01-01,20:43:20,ST001,Paris Centre,Europe,FR,SKU007,Tennis Racket,Equipment,4,179.99,0.1,719.96,mobile_app,credit_card,CUST000027
b9d4a6fe-b4f2-41d5-b865-a4e42592c5f7,2024-01-01,11:58:40,ST003,London Oxford,Europe,UK,SKU004,Water Bottle,Accessories,4,18.74,0.25,74.96,mobile_app,cash,CUST001547
49bf2c53-a9be-44dd-96d6-a7ef264cb8a6,2024-01-01,19:12:18,ST005,New York SoHo,Americas,US,SKU009,Swim Goggles,Accessories,2,14.99,0.25,29.98,online,debit_card,CUST001399
5e0398c5-58fd-4a99-9be2-6467f2f56647,2024-01-01,16:07:24,ST001,Paris Centre,Europe,FR,SKU003,Yoga Mat,Accessories,2,31.99,0.2,63.98,in_store,mobile_pay,CUST000572
62003f28-dd54-4098-ad8e-5afe03b21d6e,2024-01-01,17:54:16,ST005,New York SoHo,Americas,US,SKU005,Training Shorts,Apparel,2,49.99,0,99.98,in_store,cash,CUST000956
efc52eb0-b9e1-48f7-85b4-630a3e60ff75,2024-01-01,17:03:49,ST002,Casablanca Mall,Africa,MA,SKU001,Running Shoes,Footwear,2,129.99,0,259.98,mobile_app,cash,CUST001005
c5569d56-5f4e-42b8-84fd-ed2d0f61a712,2024-01-01,20:45:20,ST005,New York SoHo,Americas,US,SKU009,Swim Goggles,Accessories,3,19.99,0,59.97,mobile_app,debit_card,CUST001960
18d2a8e6-8587-4692-9285-78eb76a8855a,2024-01-01,16:10:26,ST002,Casablanca Mall,Africa,MA,SKU009,Swim Goggles,Accessories,1,14.99,0.25,14.99,mobile_app,mobile_pay,CUST000189
4b28eee7-6ca9-4a40-ad15-f1d38ca3afbc,2024-01-01,13:21:23,ST003,London Oxford,Europe,UK,SKU004,Water Bottle,Accessories,2,19.99,0.2,39.98,online,debit_card,CUST001947
8ce037cf-d3ba-4edb-a56a-bea7afd3ed08,2024-01-01,21:48:41,ST005,New York SoHo,Americas,US,SKU009,Swim Goggles,Accessories,4,16.99,0.15,67.96,in_store,credit_card,CUST001370
d5111f51-7117-4477-9c9d-be443fe28d87,2024-01-01,17:58:39,ST003,London Oxford,Europe,UK,SKU008,Hiking Boots,Footwear,2,127.99,0.2,255.98,in_store,credit_card,CUST001398
f22bd3e9-c2c3-40fd-ac2d-deaf6389f0ac,2024-01-01,12:34:46,ST003,London Oxford,Europe,UK,SKU007,Tennis Racket,Equipment,1,179.99,0.1,179.99,online,credit_card,CUST001867
af33ef07-eba5-48ef-ac8a-5ef12f9495d3,2024-01-01,08:18:57,ST005,New York SoHo,Americas,US,SKU006,Gym Bag,Accessories,4,53.99,0.1,215.96,mobile_app,debit_card,CUST000657
d22ecf1a-f2e5-48d1-8aef-4c2426739afa,2024-01-01,20:34:34,ST005,New York SoHo,Americas,US,SKU002,Sport Jacket,Apparel,1,89.99,0,89.99,in_store,credit_card,CUST000432
5150cefa-870f-4080-8845-37cd304b4b38,2024-01-01,16:53:44,ST002,Casablanca Mall,Africa,MA,SKU007,Tennis Racket,Equipment,1,199.99,0,199.99,mobile_app,mobile_pay,CUST001325
8b712f18-a4fc-4f45-9793-0494e0a0ddd7,2024-01-01,19:21:02,ST001,Paris Centre,Europe,FR,SKU003,Yoga Mat,Accessories,1,35.99,0.1,35.99,in_store,credit_card,CUST000112
b469dca1-576e-4c95-8dd7-8dc0b6121614,2024-01-01,21:14:58,ST002,Casablanca Mall,Africa,MA,SKU005,Training Shorts,Apparel,1,42.49,0.15,42.49,online,mobile_pay,CUST000795
ae35bb11-fdc9-414b-8351-bf7d04c3bf31,2024-01-01,08:24:43,ST004,Berlin Mitte,Europe,DE,SKU007,Tennis Racket,Equipment,4,199.99,0,799.96,in_store,credit_card,CUST001314
7273680b-5a15-4dc6-97f7-590643d84e20,2024-01-01,21:04:22,ST005,New York SoHo,Americas,US,SKU002,Sport Jacket,Apparel,1,71.99,0.2,71.99,mobile_app,credit_card,CUST000594
f74121ac-4f16-435a-baa0-18d798fd2036,2024-01-01,20:59:28,ST003,London Oxford,Europe,UK,SKU010,Cycling Jersey,Apparel,1,74.99,0,74.99,online,mobile_pay,CUST001684
0060fec9-0bfa-4319-809d-a83c58d06dc1,2024-01-01,11:08:47,ST001,Paris Centre,Europe,FR,SKU008,Hiking Boots,Footwear,2,135.99,0.15,271.98,online,cash,CUST001967
8347fb32-7760-45c0-b0f6-1eff09fb8eef,2024-01-01,16:55:35,ST002,Casablanca Mall,Africa,MA,SKU005,Training Shorts,Apparel,3,49.99,0,149.97,in_store,credit_card,CUST000086
e2666a92-4233-496e-ad5d-41c1b34de3a4,2024-01-01,16:05:19,ST001,Paris Centre,Europe,FR,SKU010,Cycling Jersey,Apparel,4,63.74,0.15,254.96,in_store,cash,CUST000434
bd229e9a-3871-4698-8792-8989a2569e8a,2024-01-01,10:14:39,ST004,Berlin Mitte,Europe,DE,SKU009,Swim Goggles,Accessories,2,19.99,0,39.98,online,debit_card,CUST000235
0a7dfac5-5b74-4bf9-aa47-c343e1f21c62,2024-01-01,20:59:35,ST002,Casablanca Mall,Africa,MA,SKU010,Cycling Jersey,Apparel,1,56.24,0.25,56.24,online,credit_card,CUST000596
db0ded69-761b-4a47-800b-cf220a57a9e5,2024-01-01,19:37:31,ST001,Paris Centre,Europe,FR,SKU005,Training Shorts,Apparel,1,49.99,0,49.99,online,cash,CUST000263
49a2e481-a201-4c8f-b0c9-cb41fefe325a,2024-01-01,09:57:12,ST002,Casablanca Mall,Africa,MA,SKU002,Sport Jacket,Apparel,3,76.49,0.15,229.47,online,mobile_pay,CUST000923
35cd3d3a-32bb-45d3-9d6c-88707ffd70eb,2024-01-01,17:09:36,ST003,London Oxford,Europe,UK,SKU010,Cycling Jersey,Apparel,3,59.99,0.2,179.97,mobile_app,cash,CUST001655
5704d226-1ebe-4b70-ad77-70ef73d70816,2024-01-01,13:15:50,ST003,London Oxford,Europe,UK,SKU007,Tennis Racket,Equipment,2,199.99,0,399.98,in_store,mobile_pay,CUST000567
d9187178-3d32-41b7-beaf-a4d892339592,2024-01-01,15:28:22,ST003,London Oxford,Europe,UK,SKU003,Yoga Mat,Accessories,3,35.99,0.1,107.97,online,mobile_pay,CUST001130
7eca5843-c7ed-4699-96df-4beedaeb92b3,2024-01-01,12:54:52,ST001,Paris Centre,Europe,FR,SKU003,Yoga Mat,Accessories,1,29.99,0.25,29.99,in_store,debit_card,CUST000540
41884169-8ce5-49b3-a769-c32784dc024f,2024-01-01,16:40:01,ST001,Paris Centre,Europe,FR,SKU002,Sport Jacket,Apparel,1,67.49,0.25,67.49,mobile_app,mobile_pay,CUST001576
715d6258-c5d8-4819-b130-984dabcbff71,2024-01-01,12:34:57,ST005,New York SoHo,Americas,US,SKU004,Water Bottle,Accessories,1,21.24,0.15,21.24,mobile_app,mobile_pay,CUST001340
98e33079-cf80-4433-91e0-0ade3bbbf6c7,2024-01-01,20:37:46,ST002,Casablanca Mall,Africa,MA,SKU006,Gym Bag,Accessories,4,59.99,0,239.96,online,debit_card,CUST000952
4588a612-6ee0-4abd-a1d3-1c10ad29ec32,2024-01-01,13:32:00,ST005,New York SoHo,Americas,US,SKU009,Swim Goggles,Accessories,1,17.99,0.1,17.99,mobile_app,debit_card,CUST001737
96fda48f-1f47-45ac-8792-2465bbe44893,2024-01-01,10:11:36,ST005,New York SoHo,Americas,US,SKU003,Yoga Mat,Accessories,2,35.99,0.1,71.98,mobile_app,debit_card,CUST001508
ebde3313-844c-42bb-ac8e-6fd6435af151,2024-01-01,20:31:14,ST004,Berlin Mitte,Europe,DE,SKU006,Gym Bag,Accessories,1,59.99,0,59.99,in_store,cash,CUST000757
1ccbca5e-b6e8-4287-af17-8b714896f0ef,2024-01-01,20:23:24,ST002,Casablanca Mall,Africa,MA,SKU001,Running Shoes,Footwear,2,110.49,0.15,220.98,online,mobile_pay,CUST001806
76ffc4c0-f201-4e2c-9292-d6fcf07139d6,2024-01-01,19:33:40,ST001,Paris Centre,Europe,FR,SKU001,Running Shoes,Footwear,3,129.99,0,389.97,online,cash,CUST001186
7987b2a9-328d-437e-a7c6-d684d53aaef4,2024-01-01,18:24:23,ST005,New York SoHo,Americas,US,SKU010,Cycling Jersey,Apparel,2,67.49,0.1,134.98,mobile_app,credit_card,CUST001059
25d9aa39-9695-456c-87f1-216cd9af39fc,2024-01-01,14:22:52,ST003,London Oxford,Europe,UK,SKU007,Tennis Racket,Equipment,2,169.99,0.15,339.98,online,mobile_pay,CUST001624
f54e48e8-3555-4cbd-97cf-7995f856807a,2024-01-01,10:28:10,ST004,Berlin Mitte,Europe,DE,SKU010,Cycling Jersey,Apparel,1,63.74,0.15,63.74,in_store,credit_card,CUST001054
b58c2b97-97ed-402d-9349-2ef53830ba08,2024-01-01,10:23:38,ST003,London Oxford,Europe,UK,SKU004,Water Bottle,Accessories,2,24.99,0,49.98,mobile_app,credit_card,CUST001354
b5ea3d13-039b-4a25-ab01-d44b1715eb41,2024-01-01,09:30:43,ST002,Casablanca Mall,Africa,MA,SKU007,Tennis Racket,Equipment,3,159.99,0.2,479.97,online,mobile_pay,CUST000432
6e33b65b-ec43-4fc6-a687-bc623242df8a,2024-01-01,11:02:08,ST005,New York SoHo,Americas,US,SKU003,Yoga Mat,Accessories,4,39.99,0,159.96,mobile_app,debit_card,CUST000276
3b6e0923-384a-4ba1-8e1e-b0bd85a56a48,2024-01-01,10:16:59,ST005,New York SoHo,Americas,US,SKU001,Running Shoes,Footwear,2,129.99,0,259.98,in_store,mobile_pay,CUST001228
9a750932-e772-4a44-88be-4b29f2325e49,2024-01-01,11:28:38,ST005,New York SoHo,Americas,US,SKU001,Running Shoes,Footwear,3,129.99,0,389.97,online,mobile_pay,CUST000350
d6cbabd4-21ff-4181-83bc-c9dc03167178,2024-01-01,17:52:49,ST002,Casablanca Mall,Africa,MA,SKU007,Tennis Racket,Equipment,2,149.99,0.25,299.98,in_store,cash,CUST000344
9606f92b-fc55-4424-8e88-03fc223cfc1d,2024-01-01,14:24:08,ST003,London Oxford,Europe,UK,SKU008,Hiking Boots,Footwear,1,159.99,0,159.99,in_store,credit_card,CUST000415
2ee4b44c-fa21-4640-90e5-6a17e608f987,2024-01-01,10:38:06,ST005,New York SoHo,Americas,US,SKU009,Swim Goggles,Accessories,4,14.99,0.25,59.96,in_store,mobile_pay,CUST001847
565465cb-bd36-4caf-b040-f17588c4963b,2024-01-01,16:32:48,ST005,New York SoHo,Americas,US,SKU010,Cycling Jersey,Apparel,1,56.24,0.25,56.24,in_store,credit_card,CUST000988
e6d07d36-ed53-4f79-b082-f885cb0ccc67,2024-01-01,18:41:27,ST002,Casablanca Mall,Africa,MA,SKU010,Cycling Jersey,Apparel,1,56.24,0.25,56.24,mobile_app,mobile_pay,CUST000759
a35f470d-c239-40df-bb9b-9d0ac84ad44e,2024-01-01,20:30:50,ST001,Paris Centre,Europe,FR,SKU009,Swim Goggles,Accessories,4,19.99,0,79.96,online,cash,CUST001207
ec8ecaa1-dbcf-420e-80ea-fd253e0426cf,2024-01-01,12:30:49,ST005,New York SoHo,Americas,US,SKU002,Sport Jacket,Apparel,4,89.99,0,359.96,in_store,credit_card,CUST000581
cee0679e-9f17-4969-b973-a69dda146cfe,2024-01-01,11:00:45,ST005,New York SoHo,Americas,US,SKU009,Swim Goggles,Accessories,4,19.99,0,79.96,mobile_app,credit_card,CUST001184
0e00ac1a-5668-4e3f-99a9-4110442f9fe4,2024-01-01,18:13:44,ST005,New York SoHo,Americas,US,SKU002,Sport Jacket,Apparel,1,80.99,0.1,80.99,online,mobile_pay,CUST000742
ed43bdeb-20a8-4d5b-b246-7c784f21d5f8,2024-01-01,17:16:16,ST001,Paris Centre,Europe,FR,SKU003,Yoga Mat,Accessories,4,31.99,0.2,127.96,mobile_app,mobile_pay,CUST001157
67234f98-83f1-439d-9823-ea25f7b305c9,2024-01-01,14:48:13,ST003,London Oxford,Europe,UK,SKU010,Cycling Jersey,Apparel,3,59.99,0.2,179.97,online,mobile_pay,CUST000367
7edf1011-359d-4b4f-94c3-9fa3f8bbf5da,2024-01-01,12:36:22,ST003,London Oxford,Europe,UK,SKU009,Swim Goggles,Accessories,4,19.99,0,79.96,mobile_app,mobile_pay,CUST001507
185733f3-8906-49ac-a222-0094883e7483,2024-01-01,20:44:10,ST002,Casablanca Mall,Africa,MA,SKU002,Sport Jacket,Apparel,2,80.99,0.1,161.98,in_store,debit_card,CUST001042
7a8bec44-bdcd-492d-9761-a4711fb17baf,2024-01-01,14:40:00,ST004,Berlin Mitte,Europe,DE,SKU006,Gym Bag,Accessories,1,59.99,0,59.99,in_store,debit_card,CUST000966
20e82ffd-d456-45e6-8b26-28e2a592949e,2024-01-01,12:14:23,ST005,New York SoHo,Americas,US,SKU007,Tennis Racket,Equipment,1,199.99,0,199.99,in_store,credit_card,CUST001484
ce5cdecc-0606-4896-8484-1483e1b86eed,2024-01-01,17:03:49,ST004,Berlin Mitte,Europe,DE,SKU007,Tennis Racket,Equipment,3,159.99,0.2,479.97,in_store,mobile_pay,CUST000900
d44db3f9-1f76-4eea-b9d4-6443270d1234,2024-01-01,08:50:38,ST001,Paris Centre,Europe,FR,SKU004,Water Bottle,Accessories,3,24.99,0,74.97,mobile_app,debit_card,CUST001260
ca3f4d4c-89aa-4f60-bfe9-b4f4b26315df,2024-01-01,18:00:10,ST002,Casablanca Mall,Africa,MA,SKU001,Running Shoes,Footwear,3,129.99,0,389.97,in_store,cash,CUST001597
f10e55da-0882-4695-b9b4-d9f3d6514fa0,2024-01-01,17:12:33,ST004,Berlin Mitte,Europe,DE,SKU006,Gym Bag,Accessories,4,53.99,0.1,215.96,in_store,credit_card,CUST001883
ff0d1785-6eb8-4a62-aa8f-0bfc3cf0955b,2024-01-01,21:35:58,ST001,Paris Centre,Europe,FR,SKU009,Swim Goggles,Accessories,3,15.99,0.2,47.97,mobile_app,cash,CUST000712
fa929e58-c156-4eee-94ae-8e7892978e66,2024-01-01,14:36:00,ST003,London Oxford,Europe,UK,SKU004,Water Bottle,Accessories,2,22.49,0.1,44.98,online,debit_card,CUST000834
282b5127-2b0c-456c-a0b2-cad3d61cdc41,2024-01-01,12:21:07,ST005,New York SoHo,Americas,US,SKU002,Sport Jacket,Apparel,1,76.49,0.15,76.49,mobile_app,cash,CUST001795
31fcb433-5e74-433a-a6be-ee5f7c3abf95,2024-01-01,15:24:36,ST005,New York SoHo,Americas,US,SKU010,Cycling Jersey,Apparel,3,59.99,0.2,179.97,online,debit_card,CUST001552
8382d100-7745-4d81-8b8f-bd284d925d6d,2024-01-01,21:01:30,ST003,London Oxford,Europe,UK,SKU008,Hiking Boots,Footwear,4,135.99,0.15,543.96,in_store,cash,CUST000139
d5546a83-d304-48d8-ae26-ca96cf5cc678,2024-01-01,13:26:22,ST004,Berlin Mitte,Europe,DE,SKU004,Water Bottle,Accessories,2,18.74,0.25,37.48,mobile_app,credit_card,CUST001436
5f964a81-fb88-47cf-b7bc-fbdc20f34e8a,2024-01-01,14:43:47,ST003,London Oxford,Europe,UK,SKU004,Water Bottle,Accessories,3,24.99,0,74.97,online,credit_card,CUST001136
cd29ba2b-6b10-4385-91ce-78e171650865,2024-01-01,11:57:36,ST002,Casablanca Mall,Africa,MA,SKU008,Hiking Boots,Footwear,3,159.99,0,479.97,online,debit_card,CUST001940
e95ec053-8055-40b0-b74d-783bd64506b6,2024-01-01,19:15:55,ST002,Casablanca Mall,Africa,MA,SKU008,Hiking Boots,Footwear,2,159.99,0,319.98,online,debit_card,CUST000470
10cbe227-98a2-4c05-bba8-5c50e03e0ae0,2024-01-01,20:06:07,ST002,Casablanca Mall,Africa,MA,SKU004,Water Bottle,Accessories,3,24.99,0,74.97,in_store,mobile_pay,CUST001258
35f986e4-abbe-4c09-8457-e09b5823b8af,2024-01-01,15:23:39,ST001,Paris Centre,Europe,FR,SKU009,Swim Goggles,Accessories,1,14.99,0.25,14.99,online,mobile_pay,CUST001840
90e63001-36f4-4921-a2e1-7ef977bda117,2024-01-01,20:58:32,ST005,New York SoHo,Americas,US,SKU005,Training Shorts,Apparel,4,49.99,0,199.96,online,mobile_pay,CUST000455
56ddb9f1-7aeb-40d7-862d-ad9722cbb4de,2024-01-01,20:27:30,ST005,New York SoHo,Americas,US,SKU003,Yoga Mat,Accessories,1,33.99,0.15,33.99,mobile_app,credit_card,CUST001030
27b46255-d455-4a75-8e2b-7a957d642ad2,2024-01-01,09:44:33,ST003,London Oxford,Europe,UK,SKU007,Tennis Racket,Equipment,2,179.99,0.1,359.98,online,cash,CUST001412
b2b3054b-0316-4adc-8be9-6dc9417c44bf,2024-01-01,17:06:20,ST001,Paris Centre,Europe,FR,SKU001,Running Shoes,Footwear,2,116.99,0.1,233.98,online,cash,CUST000384
db7e7d19-1b43-43bc-ae8d-bf1ecc5015bd,2024-01-01,15:39:21,ST005,New York SoHo,Americas,US,SKU005,Training Shorts,Apparel,2,49.99,0,99.98,online,debit_card,CUST001022
bbc41e4a-2597-470c-b36c-5813c94435e4,2024-01-01,20:23:23,ST004,Berlin Mitte,Europe,DE,SKU004,Water Bottle,Accessories,4,19.99,0.2,79.96,online,cash,CUST000924
c68a237b-f17f-4305-9a8a-ac2c27e65d17,2024-01-01,18:14:52,ST002,Casablanca Mall,Africa,MA,SKU010,Cycling Jersey,Apparel,2,63.74,0.15,127.48,in_store,cash,CUST001647
a516206c-61cd-4c10-8402-4d1edf686b19,2024-01-01,14:12:09,ST002,Casablanca Mall,Africa,MA,SKU009,Swim Goggles,Accessories,4,14.99,0.25,59.96,mobile_app,debit_card,CUST000969
8132eb92-9446-45df-8ec2-1896556aa4cb,2024-01-01,10:57:54,ST001,Paris Centre,Europe,FR,SKU003,Yoga Mat,Accessories,4,35.99,0.1,143.96,mobile_app,cash,CUST001609
63f93a4b-c810-46f7-a5e4-778c0acdf9ff,2024-01-01,21:36:03,ST004,Berlin Mitte,Europe,DE,SKU005,Training Shorts,Apparel,3,42.49,0.15,127.47,online,credit_card,CUST001415
8090eb61-027d-4b90-bde7-df171d5ec3ae,2024-01-01,12:30:53,ST002,Casablanca Mall,Africa,MA,SKU001,Running Shoes,Footwear,2,97.49,0.25,194.98,mobile_app,credit_card,CUST000922
fdb2887d-c8e4-426a-b7ab-4640df642868,2024-01-01,16:35:59,ST003,London Oxford,Europe,UK,SKU005,Training Shorts,Apparel,3,49.99,0,149.97,online,cash,CUST000041
b46f0790-a779-46b6-9fef-107cbfc8b40c,2024-01-01,18:38:12,ST004,Berlin Mitte,Europe,DE,SKU002,Sport Jacket,Apparel,3,67.49,0.25,202.47,mobile_app,debit_card,CUST001599
db96ee4b-9be4-4322-8add-c88cb37a98d2,2024-01-01,16:31:49,ST003,London Oxford,Europe,UK,SKU006,Gym Bag,Accessories,3,47.99,0.2,143.97,mobile_app,mobile_pay,CUST001822
18603860-71e9-4bb5-91a1-abbc8c5242d8,2024-01-01,18:09:55,ST001,Paris Centre,Europe,FR,SKU007,Tennis Racket,Equipment,3,179.99,0.1,539.97,in_store,cash,CUST000864
2a2f8463-f0b8-4910-903a-66cf30e5ad37,2024-01-01,09:05:10,ST005,New York SoHo,Americas,US,SKU010,Cycling Jersey,Apparel,4,56.24,0.25,224.96,online,debit_card,CUST000643
e50bf479-5387-4460-ab42-48e850fbfb73,2024-01-01,18:25:17,ST003,London Oxford,Europe,UK,SKU005,Training Shorts,Apparel,3,42.49,0.15,127.47,online,cash,CUST001532
599907bf-825c-4d11-85f9-0b0fbb890e7a,2024-01-01,10:11:54,ST005,New York SoHo,Americas,US,SKU009,Swim Goggles,Accessories,4,17.99,0.1,71.96,in_store,debit_card,CUST001491
fa018adb-5860-4a4f-b783-d36094028b87,2024-01-01,10:25:06,ST002,Casablanca Mall,Africa,MA,SKU005,Training Shorts,Apparel,1,49.99,0,49.99,in_store,credit_card,CUST001919
ac71a23d-03f9-4ed4-9d6e-50a686db4e37,2024-01-01,20:25:33,ST004,Berlin Mitte,Europe,DE,SKU009,Swim Goggles,Accessories,1,19.99,0,19.99,in_store,credit_card,CUST000538
42d2322e-c8b9-419c-b2e1-6d63fcc1c11b,2024-01-01,14:19:14,ST005,New York SoHo,Americas,US,SKU003,Yoga Mat,Accessories,1,31.99,0.2,31.99,in_store,cash,CUST000908
3139900d-7a44-479a-9b71-1ec94f67ffd2,2024-01-01,08:42:22,ST002,Casablanca Mall,Africa,MA,SKU003,Yoga Mat,Accessories,2,39.99,0,79.98,online,mobile_pay,CUST000957
769f2558-2b71-4eae-9b3b-cf3e9da5f621,2024-01-01,19:34:11,ST005,New York SoHo,Americas,US,SKU005,Training Shorts,Apparel,4,49.99,0,199.96,mobile_app,mobile_pay,CUST001293
4c0422c3-c5c7-43a3-b599-fe944fa893f0,2024-01-01,15:34:14,ST005,New York SoHo,Americas,US,SKU007,Tennis Racket,Equipment,3,199.99,0,599.97,in_store,mobile_pay,CUST000631
84e328df-9bcd-49a3-b2a6-a55ea609f26b,2024-01-01,12:00:00,ST003,London Oxford,Europe,UK,SKU007,Tennis Racket,Equipment,3,199.99,0,599.97,mobile_app,debit_card,CUST000705
28896347-93ee-4f89-98b5-62337004a110,2024-01-01,15:48:30,ST003,London Oxford,Europe,UK,SKU008,Hiking Boots,Footwear,1,127.99,0.2,127.99,online,credit_card,CUST001569
d4b3e19a-f522-4f0d-aff6-bbba67928fb0,2024-01-01,08:35:23,ST004,Berlin Mitte,Europe,DE,SKU005,Training Shorts,Apparel,2,37.49,0.25,74.98,in_store,mobile_pay,CUST001807
ba2ffde2-0937-404f-a07c-c6ca93d93d24,2024-01-01,10:45:47,ST005,New York SoHo,Americas,US,SKU007,Tennis Racket,Equipment,4,199.99,0,799.96,mobile_app,mobile_pay,CUST001697
952a6451-0e45-43c0-a5ef-8419670af652,2024-01-01,14:40:15,ST004,Berlin Mitte,Europe,DE,SKU004,Water Bottle,Accessories,3,24.99,0,74.97,mobile_app,cash,CUST000584
a2a5bf7a-5f0b-4297-933d-73afb7fb73fd,2024-01-01,21:04:11,ST005,New York SoHo,Americas,US,SKU005,Training Shorts,Apparel,4,49.99,0,199.96,in_store,cash,CUST000227
d4cc45f1-a766-4137-995b-1eb187c02004,2024-01-01,19:39:31,ST004,Berlin Mitte,Europe,DE,SKU010,Cycling Jersey,Apparel,4,74.99,0,299.96,in_store,cash,CUST000040
1ac6c8f5-9ee6-4d8e-8b87-94f3ecea699b,2024-01-01,09:18:17,ST002,Casablanca Mall,Africa,MA,SKU001,Running Shoes,Footwear,1,129.99,0,129.99,in_store,mobile_pay,CUST001490
e9657560-8dc9-490a-8285-a80db23dfd1f,2024-01-01,08:31:13,ST001,Paris Centre,Europe,FR,SKU004,Water Bottle,Accessories,1,24.99,0,24.99,online,mobile_pay,CUST000639
723cea23-ff62-4c53-b97f-09fe01e5e267,2024-01-01,20:02:21,ST004,Berlin Mitte,Europe,DE,SKU006,Gym Bag,Accessories,4,47.99,0.2,191.96,in_store,debit_card,CUST000115
96e1009e-dcbe-4143-838b-cd8937c79dd2,2024-01-01,15:11:12,ST003,London Oxford,Europe,UK,SKU007,Tennis Racket,Equipment,1,169.99,0.15,169.99,online,mobile_pay,CUST001697
04e9731d-2d0d-4e3e-bda2-24dec3a613f8,2024-01-01,20:28:15,ST001,Paris Centre,Europe,FR,SKU002,Sport Jacket,Apparel,2,80.99,0.1,161.98,mobile_app,credit_card,CUST000408
ebdb60ed-b80f-4fed-8960-43d314654013,2024-01-02,14:43:19,ST001,Paris Centre,Europe,FR,SKU009,Swim Goggles,Accessories,2,17.99,0.1,35.98,online,debit_card,CUST001289
2d58f512-c8c3-4831-9e22-dfaa75c5a27c,2024-01-02,15:40:19,ST001,Paris Centre,Europe,FR,SKU009,Swim Goggles,Accessories,1,19.99,0,19.99,in_store,cash,CUST001818
5ea4bda1-5eeb-4131-99aa-9d9ee77590b4,2024-01-02,18:27:20,ST001,Paris Centre,Europe,FR,SKU004,Water Bottle,Accessories,1,24.99,0,24.99,in_store,debit_card,CUST001627
3d3289fe-ba76-4222-8e05-9a6db9c812c2,2024-01-02,20:15:00,ST003,London Oxford,Europe,UK,SKU010,Cycling Jersey,Apparel,1,67.49,0.1,67.49,in_store,mobile_pay,CUST001410
0c14d663-25c9-4042-9750-32166ad96e5c,2024-01-02,09:15:10,ST005,New York SoHo,Americas,US,SKU003,Yoga Mat,Accessories,3,29.99,0.25,89.97,online,credit_card,CUST001405
115f7402-b366-435c-8e63-798d163f0013,2024-01-02,13:41:09,ST005,New York SoHo,Americas,US,SKU006,Gym Bag,Accessories,1,59.99,0,59.99,mobile_app,credit_card,CUST000258
4b62d93e-94a0-4902-88c9-d04f4ae25d44,2024-01-02,20:41:48,ST004,Berlin Mitte,Europe,DE,SKU004,Water Bottle,Accessories,3,21.24,0.15,63.72,online,mobile_pay,CUST001502
0a68ceaf-7c5c-4a20-9834-f5f50573597a,2024-01-02,19:08:16,ST002,Casablanca Mall,Africa,MA,SKU001,Running Shoes,Footwear,4,129.99,0,519.96,in_store,mobile_pay,CUST001448
2ab0962e-386b-44e9-a792-4521356e626c,2024-01-02,19:31:12,ST004,Berlin Mitte,Europe,DE,SKU009,Swim Goggles,Accessories,3,16.99,0.15,50.97,mobile_app,debit_card,CUST001114
64b26561-5fae-457d-8fab-71b7666fad3d,2024-01-02,21:53:38,ST003,London Oxford,Europe,UK,SKU006,Gym Bag,Accessories,4,59.99,0,239.96,mobile_app,debit_card,CUST000142
f34c69f3-9f08-45ff-8c06-3598091cd494,2024-01-02,21:16:34,ST005,New York SoHo,Americas,US,SKU003,Yoga Mat,Accessories,4,39.99,0,159.96,online,mobile_pay,CUST000002
bc5c361e-4b0a-43e0-9c59-5b0510bc0fd3,2024-01-02,17:54:23,ST005,New York SoHo,Americas,US,SKU007,Tennis Racket,Equipment,2,199.99,0,399.98,mobile_app,debit_card,CUST000657
b7c47b27-5fd3-476d-a75a-437823f1221b,2024-01-02,16:43:31,ST001,Paris Centre,Europe,FR,SKU009,Swim Goggles,Accessories,4,19.99,0,79.96,mobile_app,debit_card,CUST001256
e2ad04cd-1f1d-4e31-94d6-baf7cd8e3863,2024-01-02,13:07:06,ST003,London Oxford,Europe,UK,SKU006,Gym Bag,Accessories,4,47.99,0.2,191.96,mobile_app,credit_card,CUST000090
849fe628-9ad1-40c1-8296-fff46629a817,2024-01-02,09:31:12,ST002,Casablanca Mall,Africa,MA,SKU003,Yoga Mat,Accessories,1,39.99,0,39.99,in_store,credit_card,CUST001170
e9d61124-eea7-4618-a1bd-4ac9c5fa9274,2024-01-02,13:14:38,ST004,Berlin Mitte,Europe,DE,SKU008,Hiking Boots,Footwear,3,159.99,0,479.97,mobile_app,credit_card,CUST000027
261424c0-451e-484f-adcc-ad3c168ebb3a,2024-01-02,20:40:03,ST002,Casablanca Mall,Africa,MA,SKU008,Hiking Boots,Footwear,1,143.99,0.1,143.99,online,mobile_pay,CUST001684
1afe3941-4d16-4e65-a8b5-fe84571aedc9,2024-01-02,08:46:04,ST003,London Oxford,Europe,UK,SKU001,Running Shoes,Footwear,3,110.49,0.15,331.47,online,credit_card,CUST001935
036a6461-c3ad-43f3-b2be-d70f45fe136d,2024-01-02,19:14:34,ST002,Casablanca Mall,Africa,MA,SKU009,Swim Goggles,Accessories,1,19.99,0,19.99,online,debit_card,CUST000396
4888a12a-a4e5-415c-88cf-586b72750173,2024-01-02,19:35:26,ST005,New York SoHo,Americas,US,SKU004,Water Bottle,Accessories,2,21.24,0.15,42.48,mobile_app,credit_card,CUST001570
b29f6dee-cbfe-4b9e-81d1-492310811596,2024-01-02,18:27:56,ST005,New York SoHo,Americas,US,SKU006,Gym Bag,Accessories,4,47.99,0.2,191.96,in_store,debit_card,CUST001623
d6060875-68e1-4f30-8272-95a200b7832e,2024-01-02,13:42:10,ST002,Casablanca Mall,Africa,MA,SKU009,Swim Goggles,Accessories,4,16.99,0.15,67.96,mobile_app,mobile_pay,CUST001912
70a054a6-b6a5-4b7a-b03d-ad955e1da116,2024-01-02,13:26:48,ST003,London Oxford,Europe,UK,SKU006,Gym Bag,Accessories,3,44.99,0.25,134.97,mobile_app,mobile_pay,CUST001692
45e2c25e-713c-47bd-9660-33d9a03812a4,2024-01-02,16:13:24,ST003,London Oxford,Europe,UK,SKU010,Cycling Jersey,Apparel,2,63.74,0.15,127.48,mobile_app,cash,CUST000738
4ea4eb96-f147-4db9-b2b5-afed44282611,2024-01-02,19:02:18,ST004,Berlin Mitte,Europe,DE,SKU008,Hiking Boots,Footwear,4,159.99,0,639.96,mobile_app,credit_card,CUST001061
3506e1e1-2787-4927-b05a-4e2878e5c248,2024-01-02,11:13:54,ST002,Casablanca Mall,Africa,MA,SKU005,Training Shorts,Apparel,1,49.99,0,49.99,online,credit_card,CUST001581
eba3c94e-dd2d-48e4-99da-fde1d9197b15,2024-01-02,08:29:22,ST003,London Oxford,Europe,UK,SKU009,Swim Goggles,Accessories,2,19.99,0,39.98,in_store,debit_card,CUST000543
149099e8-ced6-455b-b829-d68e0895a9a7,2024-01-02,12:51:19,ST003,London Oxford,Europe,UK,SKU010,Cycling Jersey,Apparel,2,74.99,0,149.98,in_store,mobile_pay,CUST001166
e742f52e-8478-451c-b7f1-f3fc664de5ca,2024-01-02,15:11:31,ST002,Casablanca Mall,Africa,MA,SKU002,Sport Jacket,Apparel,3,67.49,0.25,202.47,mobile_app,credit_card,CUST001220
d6bee0ac-536f-4ff7-9c05-27e1e11e72a3,2024-01-02,20:03:58,ST003,London Oxford,Europe,UK,SKU001,Running Shoes,Footwear,4,129.99,0,519.96,online,cash,CUST001802
5d476531-f464-4068-8bd2-8275d1d143e9,2024-01-02,20:14:47,ST004,Berlin Mitte,Europe,DE,SKU007,Tennis Racket,Equipment,1,149.99,0.25,149.99,mobile_app,credit_card,CUST001299
35b7c054-2477-4dab-b61e-bee2d9fac531,2024-01-02,08:20:34,ST004,Berlin Mitte,Europe,DE,SKU001,Running Shoes,Footwear,3,110.49,0.15,331.47,mobile_app,debit_card,CUST000670
f5e2c071-64de-4809-a2ec-e70e5d715c2d,2024-01-02,18:46:25,ST005,New York SoHo,Americas,US,SKU004,Water Bottle,Accessories,2,24.99,0,49.98,online,credit_card,CUST000455
97c4b487-0368-4c14-988a-f0db0ddc86fe,2024-01-02,10:21:05,ST004,Berlin Mitte,Europe,DE,SKU005,Training Shorts,Apparel,4,49.99,0,199.96,online,credit_card,CUST001123
599b8dac-a658-4f68-8cc5-ebd2df1be06c,2024-01-02,16:27:49,ST004,Berlin Mitte,Europe,DE,SKU005,Training Shorts,Apparel,1,44.99,0.1,44.99,mobile_app,debit_card,CUST001561
ae8ca792-0a84-4d15-b826-8f28db9e1574,2024-01-02,14:41:36,ST002,Casablanca Mall,Africa,MA,SKU008,Hiking Boots,Footwear,2,143.99,0.1,287.98,in_store,debit_card,CUST000497
0ca72d1a-4c09-46bb-b408-5fb4bc5c8d29,2024-01-02,18:59:36,ST001,Paris Centre,Europe,FR,SKU005,Training Shorts,Apparel,4,49.99,0,199.96,in_store,credit_card,CUST001376
f4fb5eae-3732-4e49-97a8-54e0879d324d,2024-01-02,11:20:22,ST004,Berlin Mitte,Europe,DE,SKU007,Tennis Racket,Equipment,3,199.99,0,599.97,mobile_app,credit_card,CUST001577
90140afa-8bce-478f-b864-5f7460b6b420,2024-01-02,21:51:28,ST003,London Oxford,Europe,UK,SKU003,Yoga Mat,Accessories,3,33.99,0.15,101.97,mobile_app,debit_card,CUST000903
3836ec88-e13c-48cc-964d-0526c54ef7f6,2024-01-02,13:09:48,ST001,Paris Centre,Europe,FR,SKU004,Water Bottle,Accessories,2,19.99,0.2,39.98,mobile_app,credit_card,CUST000231
8609516a-8478-4a00-bc39-f904e900d313,2024-01-02,21:52:18,ST001,Paris Centre,Europe,FR,SKU004,Water Bottle,Accessories,2,18.74,0.25,37.48,in_store,cash,CUST001421
a3a1bcf4-510e-46e9-9c12-427ffa81087d,2024-01-02,08:21:13,ST001,Paris Centre,Europe,FR,SKU005,Training Shorts,Apparel,4,44.99,0.1,179.96,mobile_app,debit_card,CUST000418
268f7cf4-6ecf-46ce-808e-72c795fd88cf,2024-01-02,15:39:46,ST005,New York SoHo,Americas,US,SKU009,Swim Goggles,Accessories,3,16.99,0.15,50.97,in_store,credit_card,CUST000772
357517a0-5ad9-41b1-85af-68d78f3385aa,2024-01-02,10:03:18,ST005,New York SoHo,Americas,US,SKU009,Swim Goggles,Accessories,1,19.99,0,19.99,in_store,cash,CUST000109
44a2d488-02ed-4f08-91a1-6a82d6140ec2,2024-01-02,18:17:42,ST004,Berlin Mitte,Europe,DE,SKU001,Running Shoes,Footwear,1,116.99,0.1,116.99,mobile_app,cash,CUST001771
8fbbf6c9-06fb-4f42-8dca-4f9d90285d62,2024-01-02,18:24:14,ST001,Paris Centre,Europe,FR,SKU001,Running Shoes,Footwear,3,97.49,0.25,292.47,online,credit_card,CUST001852
b5633ffa-bdfb-4b26-bdee-5d98d8c60c76,2024-01-02,11:32:29,ST003,London Oxford,Europe,UK,SKU008,Hiking Boots,Footwear,1,159.99,0,159.99,mobile_app,credit_card,CUST000082
ac0ef2aa-31c9-4d54-9d82-d2d06bdf90eb,2024-01-02,15:25:47,ST002,Casablanca Mall,Africa,MA,SKU009,Swim Goggles,Accessories,3,19.99,0,59.97,in_store,credit_card,CUST000711
563b6f22-bc79-4775-a05b-06c4ea021a5e,2024-01-02,16:17:51,ST003,London Oxford,Europe,UK,SKU006,Gym Bag,Accessories,3,59.99,0,179.97,in_store,cash,CUST001800
7d2613f5-3de3-481f-86b7-f214f4b076da,2024-01-02,10:21:57,ST004,Berlin Mitte,Europe,DE,SKU001,Running Shoes,Footwear,3,129.99,0,389.97,online,debit_card,CUST000180
11ecb034-7cf1-414c-b7e6-be68431dd22c,2024-01-02,11:36:09,ST004,Berlin Mitte,Europe,DE,SKU009,Swim Goggles,Accessories,2,17.99,0.1,35.98,online,cash,CUST001864
e4d45f6c-bf15-4dd7-aae3-9f828d75521c,2024-01-02,10:13:41,ST005,New York SoHo,Americas,US,SKU006,Gym Bag,Accessories,4,50.99,0.15,203.96,in_store,debit_card,CUST001767
7d955362-767c-4d49-bfee-7808b54f18c1,2024-01-02,20:09:41,ST002,Casablanca Mall,Africa,MA,SKU005,Training Shorts,Apparel,2,44.99,0.1,89.98,mobile_app,debit_card,CUST000651
625721f9-76ad-4e01-a13c-58a1e3d24e80,2024-01-02,13:53:56,ST001,Paris Centre,Europe,FR,SKU009,Swim Goggles,Accessories,1,19.99,0,19.99,in_store,credit_card,CUST001568
9d859335-1b48-423d-bfb6-8148e3741c1d,2024-01-02,15:47:59,ST003,London Oxford,Europe,UK,SKU007,Tennis Racket,Equipment,4,199.99,0,799.96,mobile_app,cash,CUST000312
dcea0377-c3bf-47b5-af7c-771a7ac5717b,2024-01-02,08:48:39,ST002,Casablanca Mall,Africa,MA,SKU002,Sport Jacket,Apparel,2,89.99,0,179.98,mobile_app,cash,CUST001241
0b7b38d8-368e-49a4-97f3-61f8caf234d7,2024-01-02,11:14:43,ST005,New York SoHo,Americas,US,SKU010,Cycling Jersey,Apparel,2,63.74,0.15,127.48,in_store,cash,CUST000163
804842d4-b586-41d2-90d6-bd157d140394,2024-01-02,18:23:11,ST004,Berlin Mitte,Europe,DE,SKU003,Yoga Mat,Accessories,4,31.99,0.2,127.96,online,mobile_pay,CUST000971
fe1681ea-738b-4ec4-ba76-07d4d2570924,2024-01-02,08:26:48,ST002,Casablanca Mall,Africa,MA,SKU003,Yoga Mat,Accessories,2,39.99,0,79.98,in_store,cash,CUST001947
7202e614-5450-444d-9342-7eaa795444b3,2024-01-02,11:04:11,ST004,Berlin Mitte,Europe,DE,SKU004,Water Bottle,Accessories,2,18.74,0.25,37.48,online,mobile_pay,CUST001409
eca9b77f-b142-4f6c-a891-9ec3d3994aee,2024-01-02,14:49:02,ST003,London Oxford,Europe,UK,SKU008,Hiking Boots,Footwear,2,143.99,0.1,287.98,mobile_app,mobile_pay,CUST001475
3bff931c-8582-4be8-9159-eb7cf2f15fe1,2024-01-02,09:28:29,ST003,London Oxford,Europe,UK,SKU007,Tennis Racket,Equipment,1,169.99,0.15,169.99,in_store,debit_card,CUST001063
9fedc626-8956-4a0b-b6b3-1a03e4eee848,2024-01-02,14:33:48,ST005,New York SoHo,Americas,US,SKU007,Tennis Racket,Equipment,1,169.99,0.15,169.99,mobile_app,credit_card,CUST000389
f84c4b41-c598-47a4-965e-3629e913b8c4,2024-01-02,20:52:18,ST003,London Oxford,Europe,UK,SKU008,Hiking Boots,Footwear,4,159.99,0,639.96,online,debit_card,CUST000866
1af221be-2313-40a5-a3c6-a36d9bd8cda8,2024-01-02,16:57:09,ST003,London Oxford,Europe,UK,SKU010,Cycling Jersey,Apparel,1,59.99,0.2,59.99,online,mobile_pay,CUST000186
cb25f480-95f6-4c36-9f9a-76a901a06caa,2024-01-02,17:57:44,ST005,New York SoHo,Americas,US,SKU002,Sport Jacket,Apparel,2,67.49,0.25,134.98,mobile_app,debit_card,CUST000806
92c8a342-ca52-4eb3-99c7-243eccd59f13,2024-01-02,10:29:37,ST004,Berlin Mitte,Europe,DE,SKU006,Gym Bag,Accessories,4,59.99,0,239.96,mobile_app,debit_card,CUST001808
21147b6f-1ceb-43b0-b3a2-2e5a5be3ad27,2024-01-02,19:41:58,ST004,Berlin Mitte,Europe,DE,SKU002,Sport Jacket,Apparel,3,89.99,0,269.97,mobile_app,debit_card,CUST001472
1e4dcb05-cfb3-4903-a929-c73c712ea944,2024-01-02,15:40:23,ST001,Paris Centre,Europe,FR,SKU002,Sport Jacket,Apparel,1,71.99,0.2,71.99,in_store,mobile_pay,CUST001489
13892ffd-b345-4e23-904f-d7ca65234118,2024-01-02,16:24:02,ST005,New York SoHo,Americas,US,SKU010,Cycling Jersey,Apparel,2,67.49,0.1,134.98,in_store,cash,CUST001159
86493efa-08e6-46bf-9501-74d86c10957f,2024-01-02,20:45:03,ST002,Casablanca Mall,Africa,MA,SKU003,Yoga Mat,Accessories,2,39.99,0,79.98,online,cash,CUST000634
326da8a6-8f65-48c9-924e-007f919ba64f,2024-01-02,10:12:00,ST004,Berlin Mitte,Europe,DE,SKU005,Training Shorts,Apparel,2,49.99,0,99.98,mobile_app,cash,CUST000026
ab586379-6b4e-4226-85e2-23d3a76a08d5,2024-01-02,20:00:38,ST004,Berlin Mitte,Europe,DE,SKU008,Hiking Boots,Footwear,4,135.99,0.15,543.96,online,debit_card,CUST000445
643b996b-1997-4f04-88fe-d760e5501430,2024-01-02,15:05:38,ST005,New York SoHo,Americas,US,SKU008,Hiking Boots,Footwear,4,143.99,0.1,575.96,mobile_app,credit_card,CUST000502
e28d8be0-8d21-4ed6-9078-7b74b76d1e45,2024-01-02,10:09:03,ST005,New York SoHo,Americas,US,SKU005,Training Shorts,Apparel,2,49.99,0,99.98,mobile_app,cash,CUST000076
3a772df2-d822-4ed2-af6e-79447c4e4155,2024-01-02,09:03:06,ST002,Casablanca Mall,Africa,MA,SKU001,Running Shoes,Footwear,3,129.99,0,389.97,online,debit_card,CUST000331
dff12260-dcd2-42a3-a244-012ccb34f856,2024-01-02,19:37:23,ST003,London Oxford,Europe,UK,SKU010,Cycling Jersey,Apparel,2,67.49,0.1,134.98,in_store,credit_card,CUST001574
2c5d17bc-0fc5-4ad7-88ad-1b04b00a74fa,2024-01-02,21:04:48,ST003,London Oxford,Europe,UK,SKU006,Gym Bag,Accessories,3,53.99,0.1,161.97,online,credit_card,CUST000600
5d878910-ca33-489a-8def-f2f17c72d7f7,2024-01-02,21:17:21,ST004,Berlin Mitte,Europe,DE,SKU003,Yoga Mat,Accessories,1,31.99,0.2,31.99,mobile_app,mobile_pay,CUST001075
90abaf1d-3b5a-4054-91f3-9ceb812340f1,2024-01-02,17:46:40,ST002,Casablanca Mall,Africa,MA,SKU004,Water Bottle,Accessories,1,24.99,0,24.99,mobile_app,credit_card,CUST000991
fc2d3899-5062-4edb-b117-28784da15ea8,2024-01-02,21:20:16,ST005,New York SoHo,Americas,US,SKU005,Training Shorts,Apparel,4,42.49,0.15,169.96,mobile_app,cash,CUST001899
44c36569-967c-46cf-9c1b-48ed3c02a68f,2024-01-02,19:40:31,ST002,Casablanca Mall,Africa,MA,SKU010,Cycling Jersey,Apparel,4,63.74,0.15,254.96,online,debit_card,CUST001810
788d6a53-8196-401b-9fdd-dba158fff64b,2024-01-02,08:07:01,ST005,New York SoHo,Americas,US,SKU004,Water Bottle,Accessories,3,24.99,0,74.97,online,credit_card,CUST001511
7958bb93-1ae6-4602-82a7-bb407dae2258,2024-01-02,08:21:22,ST002,Casablanca Mall,Africa,MA,SKU010,Cycling Jersey,Apparel,4,67.49,0.1,269.96,mobile_app,debit_card,CUST000024
1b6a6cb0-6212-4554-8a51-e4d05e459e8a,2024-01-02,09:19:19,ST002,Casablanca Mall,Africa,MA,SKU005,Training Shorts,Apparel,3,37.49,0.25,112.47,mobile_app,cash,CUST001571
82d6ffb3-1aa9-45f4-8dd8-240383210fb2,2024-01-02,14:46:36,ST001,Paris Centre,Europe,FR,SKU002,Sport Jacket,Apparel,3,89.99,0,269.97,mobile_app,credit_card,CUST001705
604157fc-d114-4bb1-980b-8669625f3eaa,2024-01-02,13:59:43,ST002,Casablanca Mall,Africa,MA,SKU004,Water Bottle,Accessories,3,18.74,0.25,56.22,online,mobile_pay,CUST001633
1684c1e2-f523-483e-aaa5-33f2f58f741a,2024-01-02,18:29:57,ST001,Paris Centre,Europe,FR,SKU003,Yoga Mat,Accessories,4,39.99,0,159.96,mobile_app,cash,CUST000948
a6c5df69-2bd2-4e6c-965b-86b8176322a8,2024-01-02,19:43:20,ST004,Berlin Mitte,Europe,DE,SKU001,Running Shoes,Footwear,3,110.49,0.15,331.47,mobile_app,credit_card,CUST000427
aad46ab6-783a-474a-b0bd-a4a6e49ac915,2024-01-02,10:17:53,ST005,New York SoHo,Americas,US,SKU006,Gym Bag,Accessories,3,59.99,0,179.97,in_store,cash,CUST000769
b11ac5bb-d33f-4b58-b02d-0a070e503a01,2024-01-02,17:07:55,ST005,New York SoHo,Americas,US,SKU003,Yoga Mat,Accessories,4,39.99,0,159.96,online,cash,CUST001454
bcdc7a7a-5c46-4c86-9f37-5ce3e1091857,2024-01-02,15:56:15,ST001,Paris Centre,Europe,FR,SKU005,Training Shorts,Apparel,4,49.99,0,199.96,online,mobile_pay,CUST001699
6dd31534-90df-4757-91d1-f8723a336155,2024-01-02,09:23:50,ST003,London Oxford,Europe,UK,SKU004,Water Bottle,Accessories,3,24.99,0,74.97,in_store,debit_card,CUST001871
dddea502-522b-45d7-b441-ddcc1ae3c2e9,2024-01-02,15:57:32,ST001,Paris Centre,Europe,FR,SKU008,Hiking Boots,Footwear,1,119.99,0.25,119.99,in_store,debit_card,CUST000697
8ebb3c59-c3f2-472d-81c9-8aabb6e5bb24,2024-01-02,13:09:49,ST004,Berlin Mitte,Europe,DE,SKU009,Swim Goggles,Accessories,3,14.99,0.25,44.97,in_store,debit_card,CUST000421
4acb97f6-d192-4045-8e8a-c93bead1c52e,2024-01-02,21:33:07,ST001,Paris Centre,Europe,FR,SKU008,Hiking Boots,Footwear,4,127.99,0.2,511.96,in_store,cash,CUST001910
797fcdb4-fc26-469d-80d1-c03611894a33,2024-01-02,15:56:02,ST001,Paris Centre,Europe,FR,SKU010,Cycling Jersey,Apparel,1,74.99,0,74.99,in_store,cash,CUST000047
b560e91c-2552-4e21-9aa0-1949a1fa7381,2024-01-02,11:12:18,ST005,New York SoHo,Americas,US,SKU005,Training Shorts,Apparel,2,49.99,0,99.98,online,cash,CUST001583
7f8673af-32a5-4bda-85c2-fdfab93a279c,2024-01-02,10:17:07,ST004,Berlin Mitte,Europe,DE,SKU002,Sport Jacket,Apparel,3,89.99,0,269.97,in_store,credit_card,CUST000424
059fb062-5eab-418a-8dda-ce8f0eb448c4,2024-01-02,10:45:51,ST005,New York SoHo,Americas,US,SKU006,Gym Bag,Accessories,3,59.99,0,179.97,online,debit_card,CUST000351
74355b3d-d83c-4403-a8b4-9ff3924364d2,2024-01-02,15:03:08,ST001,Paris Centre,Europe,FR,SKU005,Training Shorts,Apparel,3,42.49,0.15,127.47,in_store,mobile_pay,CUST001850
3e3390f3-0e07-430f-a384-c10a7499b88e,2024-01-02,09:27:25,ST001,Paris Centre,Europe,FR,SKU002,Sport Jacket,Apparel,4,89.99,0,359.96,in_store,mobile_pay,CUST001263
bdcda2b8-a608-4c2a-92ec-f06e67022fac,2024-01-02,11:45:48,ST003,London Oxford,Europe,UK,SKU005,Training Shorts,Apparel,3,37.49,0.25,112.47,mobile_app,credit_card,CUST001995
86b8477b-6577-4694-a8f2-c642f947b94c,2024-01-02,21:51:58,ST004,Berlin Mitte,Europe,DE,SKU010,Cycling Jersey,Apparel,2,74.99,0,149.98,mobile_app,mobile_pay,CUST000200
11fb1781-8ecb-48fe-ba93-c2301b77818c,2024-01-02,11:14:09,ST004,Berlin Mitte,Europe,DE,SKU005,Training Shorts,Apparel,4,44.99,0.1,179.96,mobile_app,cash,CUST001870
2f8afcd6-2454-40f1-b237-1aec319ff576,2024-01-02,18:21:50,ST003,London Oxford,Europe,UK,SKU007,Tennis Racket,Equipment,2,159.99,0.2,319.98,online,mobile_pay,CUST000999
c321a034-d571-4e6e-bd5e-514ba6dba6f9,2024-01-02,13:30:29,ST001,Paris Centre,Europe,FR,SKU002,Sport Jacket,Apparel,4,89.99,0,359.96,in_store,cash,CUST001573
2dcbdb08-3b84-46ee-9031-ba22676cd735,2024-01-02,09:25:52,ST003,London Oxford,Europe,UK,SKU010,Cycling Jersey,Apparel,2,63.74,0.15,127.48,mobile_app,credit_card,CUST000668
43bc5050-b5f2-4028-92e6-5f23b790f5d4,2024-01-02,15:25:37,ST005,New York SoHo,Americas,US,SKU002,Sport Jacket,Apparel,3,76.49,0.15,229.47,online,debit_card,CUST001272
3bcfe84b-00bb-4c77-b980-efc74df5d0b6,2024-01-02,14:04:21,ST002,Casablanca Mall,Africa,MA,SKU009,Swim Goggles,Accessories,2,17.99,0.1,35.98,in_store,mobile_pay,CUST001607
279645ec-4b47-402a-9ea7-a627cf8685d4,2024-01-02,19:15:11,ST004,Berlin Mitte,Europe,DE,SKU010,Cycling Jersey,Apparel,3,63.74,0.15,191.22,mobile_app,credit_card,CUST001515
48de21bc-b91b-48f3-a98a-72d21d19bb89,2024-01-02,17:29:20,ST005,New York SoHo,Americas,US,SKU008,Hiking Boots,Footwear,1,135.99,0.15,135.99,mobile_app,credit_card,CUST001684
4f644657-f438-4130-9788-5b72172aef15,2024-01-02,09:38:06,ST004,Berlin Mitte,Europe,DE,SKU003,Yoga Mat,Accessories,3,35.99,0.1,107.97,mobile_app,mobile_pay,CUST000671
6e01e370-40f6-4d4b-910f-9bf99e710562,2024-01-02,21:08:56,ST004,Berlin Mitte,Europe,DE,SKU001,Running Shoes,Footwear,1,129.99,0,129.99,mobile_app,credit_card,CUST001551
9ffb4a8e-1194-468b-a1b9-822117d07c74,2024-01-02,12:24:39,ST002,Casablanca Mall,Africa,MA,SKU003,Yoga Mat,Accessories,4,33.99,0.15,135.96,mobile_app,mobile_pay,CUST000401
b234dcfc-379e-4897-a976-fd2bf7fe9a4a,2024-01-02,20:58:43,ST002,Casablanca Mall,Africa,MA,SKU006,Gym Bag,Accessories,3,50.99,0.15,152.97,online,mobile_pay,CUST001471
9d711bcc-e525-4069-83e8-2f0826f6bab6,2024-01-02,16:25:54,ST003,London Oxford,Europe,UK,SKU002,Sport Jacket,Apparel,1,76.49,0.15,76.49,in_store,cash,CUST000128
c68d0b9d-b39d-474a-ad09-4d05d808e612,2024-01-02,19:35:52,ST003,London Oxford,Europe,UK,SKU009,Swim Goggles,Accessories,1,19.99,0,19.99,online,credit_card,CUST001764
cff1b583-38eb-4f03-8654-fa8a879602c5,2024-01-02,19:37:25,ST003,London Oxford,Europe,UK,SKU001,Running Shoes,Footwear,2,116.99,0.1,233.98,mobile_app,cash,CUST001458
19287a7d-0904-4150-869b-316f6e302943,2024-01-02,16:13:42,ST004,Berlin Mitte,Europe,DE,SKU007,Tennis Racket,Equipment,4,179.99,0.1,719.96,in_store,mobile_pay,CUST000285
938fe3d7-29ea-4a33-962b-8662f4bc7ab3,2024-01-02,13:53:26,ST002,Casablanca Mall,Africa,MA,SKU009,Swim Goggles,Accessories,4,14.99,0.25,59.96,in_store,cash,CUST001788
f64f9c52-43ce-42a1-b16a-6a4aa1eb409b,2024-01-02,18:01:09,ST002,Casablanca Mall,Africa,MA,SKU003,Yoga Mat,Accessories,1,39.99,0,39.99,mobile_app,mobile_pay,CUST001348
25052697-8d2a-4850-8b7d-38232af21a5f,2024-01-02,18:51:26,ST004,Berlin Mitte,Europe,DE,SKU003,Yoga Mat,Accessories,1,39.99,0,39.99,online,mobile_pay,CUST001277
36a9bef6-0a97-49ab-9fcf-557e4a73b860,2024-01-02,21:28:24,ST002,Casablanca Mall,Africa,MA,SKU008,Hiking Boots,Footwear,4,135.99,0.15,543.96,online,debit_card,CUST000381
e0e9128b-aabc-4ac8-a862-70e875abe375,2024-01-02,15:54:46,ST004,Berlin Mitte,Europe,DE,SKU010,Cycling Jersey,Apparel,1,63.74,0.15,63.74,in_store,cash,CUST000842
df59b117-ab32-4b33-82ae-ded4c56420a8,2024-01-02,08:36:30,ST005,New York SoHo,Americas,US,SKU010,Cycling Jersey,Apparel,3,74.99,0,224.97,mobile_app,cash,CUST000232
073157fc-8054-4667-9de1-e51ceecac8ae,2024-01-02,19:46:33,ST005,New York SoHo,Americas,US,SKU008,Hiking Boots,Footwear,1,159.99,0,159.99,online,mobile_pay,CUST001059
ae30f0b0-68f9-4568-a5a7-f0c37f1ba281,2024-01-02,15:40:47,ST001,Paris Centre,Europe,FR,SKU009,Swim Goggles,Accessories,1,19.99,0,19.99,mobile_app,credit_card,CUST001401
ac29ab3a-31a8-491d-a07c-ebc7d87a61a5,2024-01-02,08:57:21,ST005,New York SoHo,Americas,US,SKU010,Cycling Jersey,Apparel,3,63.74,0.15,191.22,mobile_app,credit_card,CUST000961
3b1a9844-d68a-4031-aa86-dea313ae65f9,2024-01-02,19:21:26,ST004,Berlin Mitte,Europe,DE,SKU009,Swim Goggles,Accessories,4,16.99,0.15,67.96,online,cash,CUST000593
225580de-3b80-4dc3-9b4d-96d1e048c403,2024-01-02,20:36:16,ST002,Casablanca Mall,Africa,MA,SKU001,Running Shoes,Footwear,3,103.99,0.2,311.97,in_store,mobile_pay,CUST001185
a164d5a9-2d82-40b3-8758-17125add8790,2024-01-02,12:51:47,ST002,Casablanca Mall,Africa,MA,SKU010,Cycling Jersey,Apparel,1,59.99,0.2,59.99,mobile_app,credit_card,CUST000588
f6789e78-4a79-4cc9-bff9-3a178a1de2a8,2024-01-02,09:54:50,ST004,Berlin Mitte,Europe,DE,SKU002,Sport Jacket,Apparel,2,76.49,0.15,152.98,online,cash,CUST000272
ba8bda53-d8c9-45ea-9b66-379d8f99bbc4,2024-01-02,12:00:47,ST005,New York SoHo,Americas,US,SKU005,Training Shorts,Apparel,3,37.49,0.25,112.47,in_store,debit_card,CUST001864
4f8a6f77-9057-4f7a-a6dd-40a76dd52888,2024-01-02,20:11:16,ST005,New York SoHo,Americas,US,SKU003,Yoga Mat,Accessories,4,39.99,0,159.96,mobile_app,debit_card,CUST000994
c3b15f18-2140-43f1-bb35-0db287d41a1c,2024-01-02,09:09:38,ST002,Casablanca Mall,Africa,MA,SKU009,Swim Goggles,Accessories,1,19.99,0,19.99,in_store,mobile_pay,CUST001542
57240de6-9df8-4aa0-a3e8-71b03b1839e6,2024-01-02,15:46:40,ST004,Berlin Mitte,Europe,DE,SKU007,Tennis Racket,Equipment,2,159.99,0.2,319.98,in_store,debit_card,CUST001184
855d66a8-108c-4585-92a1-b14e78e58795,2024-01-02,21:07:03,ST003,London Oxford,Europe,UK,SKU001,Running Shoes,Footwear,3,97.49,0.25,292.47,in_store,mobile_pay,CUST000817
8b7f1849-4c01-48e1-b122-d01b7d4bd723,2024-01-02,20:59:34,ST004,Berlin Mitte,Europe,DE,SKU005,Training Shorts,Apparel,4,39.99,0.2,159.96,in_store,mobile_pay,CUST001400
64c29cac-d56e-4a88-9524-d82f0046945f,2024-01-02,16:55:27,ST004,Berlin Mitte,Europe,DE,SKU008,Hiking Boots,Footwear,3,159.99,0,479.97,in_store,cash,CUST001899
2d41dc8f-36cd-4fae-8c37-5c6bed9d78f5,2024-01-02,18:02:06,ST004,Berlin Mitte,Europe,DE,SKU007,Tennis Racket,Equipment,3,169.99,0.15,509.97,mobile_app,cash,CUST001959
1edb6d7d-06bf-4bcf-bb54-3c7e2d2c929c,2024-01-02,12:17:51,ST004,Berlin Mitte,Europe,DE,SKU010,Cycling Jersey,Apparel,3,74.99,0,224.97,in_store,cash,CUST001341
2739cdc3-fc3c-41a1-b43f-db17333e2be4,2024-01-02,18:47:15,ST005,New York SoHo,Americas,US,SKU007,Tennis Racket,Equipment,4,149.99,0.25,599.96,mobile_app,debit_card,CUST001065
b9c9c67c-846e-4118-a05f-025ae45a16ff,2024-01-02,08:43:00,ST003,London Oxford,Europe,UK,SKU003,Yoga Mat,Accessories,3,33.99,0.15,101.97,in_store,credit_card,CUST000843
fc7fbe72-b86c-4132-9b7a-d74058fa8ac1,2024-01-02,15:22:14,ST001,Paris Centre,Europe,FR,SKU009,Swim Goggles,Accessories,1,15.99,0.2,15.99,mobile_app,cash,CUST000516
a6029ee5-087d-4de7-897c-331323ebdb31,2024-01-02,09:03:38,ST002,Casablanca Mall,Africa,MA,SKU001,Running Shoes,Footwear,1,110.49,0.15,110.49,mobile_app,debit_card,CUST001947
047defd2-b4cb-4680-9bec-e0f383b961d5,2024-01-02,21:38:08,ST005,New York SoHo,Americas,US,SKU002,Sport Jacket,Apparel,1,89.99,0,89.99,online,debit_card,CUST001836
886b8ac9-6a25-4db9-b38b-a28b88eb29c2,2024-01-02,15:42:59,ST001,Paris Centre,Europe,FR,SKU003,Yoga Mat,Accessories,3,39.99,0,119.97,in_store,mobile_pay,CUST001890
0b4b18db-286a-403d-9981-c202e1d269b8,2024-01-02,10:49:04,ST003,London Oxford,Europe,UK,SKU007,Tennis Racket,Equipment,3,199.99,0,599.97,online,credit_card,CUST000784
d995129c-2813-4d01-82a9-1f26c0c7b332,2024-01-02,21:16:11,ST004,Berlin Mitte,Europe,DE,SKU006,Gym Bag,Accessories,1,59.99,0,59.99,online,credit_card,CUST001008
afcdb18e-602a-43f5-9ff7-a5810d2fe93c,2024-01-02,18:31:06,ST002,Casablanca Mall,Africa,MA,SKU010,Cycling Jersey,Apparel,4,74.99,0,299.96,in_store,mobile_pay,CUST000448
2e066ba3-4704-4066-8b90-ff5327f77d2d,2024-01-02,12:06:02,ST005,New York SoHo,Americas,US,SKU002,Sport Jacket,Apparel,4,71.99,0.2,287.96,in_store,credit_card,CUST001171
0f0774fc-e158-4857-b1b7-694a08bc3db6,2024-01-02,10:41:40,ST003,London Oxford,Europe,UK,SKU008,Hiking Boots,Footwear,1,143.99,0.1,143.99,in_store,credit_card,CUST001362
d309a25f-902e-4b8a-bb6b-aa1854e68743,2024-01-02,13:57:25,ST004,Berlin Mitte,Europe,DE,SKU005,Training Shorts,Apparel,2,39.99,0.2,79.98,mobile_app,credit_card,CUST001056
c13197c3-c565-4864-b023-dae24685f78c,2024-01-02,21:46:49,ST004,Berlin Mitte,Europe,DE,SKU008,Hiking Boots,Footwear,4,143.99,0.1,575.96,in_store,debit_card,CUST000007
21dd89cb-f3f5-4913-83e8-b0d96cfc0356,2024-01-02,16:59:22,ST004,Berlin Mitte,Europe,DE,SKU008,Hiking Boots,Footwear,1,135.99,0.15,135.99,online,cash,CUST000821
27b1c302-fc01-4888-b29a-26778baf3215,2024-01-02,21:21:05,ST001,Paris Centre,Europe,FR,SKU002,Sport Jacket,Apparel,3,76.49,0.15,229.47,online,cash,CUST001327
95553c21-9db8-4593-ac91-e49af1966509,2024-01-02,18:12:19,ST002,Casablanca Mall,Africa,MA,SKU003,Yoga Mat,Accessories,1,35.99,0.1,35.99,mobile_app,mobile_pay,CUST001836
60edbfc1-a5cb-41b7-9435-3432258790c8,2024-01-02,18:28:47,ST001,Paris Centre,Europe,FR,SKU006,Gym Bag,Accessories,4,59.99,0,239.96,in_store,debit_card,CUST000074
1fcb0ec8-f78c-444b-ad4f-d177db31d9d0,2024-01-02,14:04:50,ST002,Casablanca Mall,Africa,MA,SKU001,Running Shoes,Footwear,2,116.99,0.1,233.98,mobile_app,cash,CUST001024
70b34279-c49a-4873-a163-bcb6063097b2,2024-01-02,13:03:21,ST005,New York SoHo,Americas,US,SKU008,Hiking Boots,Footwear,1,159.99,0,159.99,mobile_app,credit_card,CUST000831
b32db949-7a81-4af9-8cd4-1c7857ac42b3,2024-01-02,21:55:34,ST001,Paris Centre,Europe,FR,SKU004,Water Bottle,Accessories,4,19.99,0.2,79.96,in_store,debit_card,CUST001895
8b7cf27f-a0e5-4ee3-862c-d0d58c40604b,2024-01-02,18:01:30,ST001,Paris Centre,Europe,FR,SKU001,Running Shoes,Footwear,2,116.99,0.1,233.98,mobile_app,credit_card,CUST000498
f689c526-6eac-4066-bbde-c40af47f93a8,2024-01-02,08:57:19,ST002,Casablanca Mall,Africa,MA,SKU001,Running Shoes,Footwear,2,103.99,0.2,207.98,in_store,mobile_pay,CUST001252
1dbff835-40f1-4775-858d-7851d81a3224,2024-01-02,21:06:07,ST002,Casablanca Mall,Africa,MA,SKU010,Cycling Jersey,Apparel,1,56.24,0.25,56.24,online,debit_card,CUST000130
10d01a9c-b29e-4101-9553-01c8e121dbbe,2024-01-02,21:47:43,ST002,Casablanca Mall,Africa,MA,SKU007,Tennis Racket,Equipment,3,149.99,0.25,449.97,online,cash,CUST000248
f1c74df7-373f-48c7-b101-909256a66e97,2024-01-02,21:50:13,ST005,New York SoHo,Americas,US,SKU009,Swim Goggles,Accessories,2,19.99,0,39.98,in_store,debit_card,CUST000688
ad1fef8c-982e-4f24-ad2a-7160a8336293,2024-01-02,20:26:10,ST001,Paris Centre,Europe,FR,SKU002,Sport Jacket,Apparel,3,89.99,0,269.97,mobile_app,cash,CUST001134
44bff360-dddc-45a0-879b-405af633ffc1,2024-01-02,08:08:06,ST002,Casablanca Mall,Africa,MA,SKU008,Hiking Boots,Footwear,2,135.99,0.15,271.98,mobile_app,mobile_pay,CUST001593
ff2fcfad-5369-4646-bc66-2d107be39d03,2024-01-02,08:00:11,ST002,Casablanca Mall,Africa,MA,SKU001,Running Shoes,Footwear,4,129.99,0,519.96,in_store,cash,CUST000853
da49417d-216e-4498-828b-5e788cfeed92,2024-01-02,18:17:33,ST004,Berlin Mitte,Europe,DE,SKU003,Yoga Mat,Accessories,2,39.99,0,79.98,online,mobile_pay,CUST000490
9e2f18b2-bdee-483c-bf83-5f35eae191d6,2024-01-02,10:45:31,ST002,Casablanca Mall,Africa,MA,SKU010,Cycling Jersey,Apparel,1,63.74,0.15,63.74,mobile_app,credit_card,CUST001285
fd7f0a8c-7191-4e1b-92a1-f2773bf2407e,2024-01-02,16:15:12,ST003,London Oxford,Europe,UK,SKU006,Gym Bag,Accessories,4,59.99,0,239.96,in_store,credit_card,CUST001268
ebac3245-2e8e-4d00-9ac2-e7bef6a17356,2024-01-02,20:40:42,ST003,London Oxford,Europe,UK,SKU009,Swim Goggles,Accessories,2,17.99,0.1,35.98,in_store,cash,CUST000109
9f575896-d875-4467-8ab6-0f9e9dc0d1a0,2024-01-02,21:58:30,ST002,Casablanca Mall,Africa,MA,SKU002,Sport Jacket,Apparel,2,71.99,0.2,143.98,online,debit_card,CUST000328
341d553b-85f2-463b-90e5-d67d40de1317,2024-01-02,11:27:16,ST001,Paris Centre,Europe,FR,SKU001,Running Shoes,Footwear,3,129.99,0,389.97,online,mobile_pay,CUST000089
8630bee9-c3e8-4fb1-a5f7-c02927eb1995,2024-01-02,20:01:31,ST001,Paris Centre,Europe,FR,SKU001,Running Shoes,Footwear,2,129.99,0,259.98,mobile_app,credit_card,CUST000146
e9bb72da-cefa-46a1-96f3-58dea3d40dab,2024-01-02,11:47:43,ST002,Casablanca Mall,Africa,MA,SKU008,Hiking Boots,Footwear,3,143.99,0.1,431.97,online,debit_card,CUST001596
dbfb5269-91ec-4a91-9e9b-6f3ca7f1cbc1,2024-01-02,11:47:26,ST001,Paris Centre,Europe,FR,SKU006,Gym Bag,Accessories,2,59.99,0,119.98,in_store,mobile_pay,CUST001826
106146fb-898d-4212-bd16-1c6850268e51,2024-01-02,15:03:56,ST002,Casablanca Mall,Africa,MA,SKU002,Sport Jacket,Apparel,4,76.49,0.15,305.96,online,debit_card,CUST000443
a71887db-85af-4946-aab4-4ecd9e4a01bd,2024-01-02,13:08:29,ST005,New York SoHo,Americas,US,SKU008,Hiking Boots,Footwear,2,143.99,0.1,287.98,mobile_app,debit_card,CUST001295
d9eff607-a7eb-4b74-ae28-2127239ce84b,2024-01-02,10:02:44,ST003,London Oxford,Europe,UK,SKU005,Training Shorts,Apparel,2,49.99,0,99.98,mobile_app,credit_card,CUST000575
a0f796c7-66fa-4fcd-a9ae-25cb6a636788,2024-01-02,14:10:48,ST002,Casablanca Mall,Africa,MA,SKU002,Sport Jacket,Apparel,4,80.99,0.1,323.96,online,debit_card,CUST001816
22258e8f-a2b6-4baf-afd0-ea893bb198a9,2024-01-02,20:40:39,ST003,London Oxford,Europe,UK,SKU010,Cycling Jersey,Apparel,2,56.24,0.25,112.48,in_store,debit_card,CUST000178
62a685f0-6ebb-42d7-9c10-829f14e2620d,2024-01-02,11:37:30,ST004,Berlin Mitte,Europe,DE,SKU009,Swim Goggles,Accessories,4,14.99,0.25,59.96,online,cash,CUST000030
a8fab6a7-7f05-4a38-978d-cb477db601a5,2024-01-02,14:37:14,ST004,Berlin Mitte,Europe,DE,SKU004,Water Bottle,Accessories,2,24.99,0,49.98,mobile_app,debit_card,CUST001872
e2335e6f-a567-4772-b6f6-cfc31c3f6d42,2024-01-02,08:30:46,ST005,New York SoHo,Americas,US,SKU001,Running Shoes,Footwear,4,129.99,0,519.96,mobile_app,credit_card,CUST000872
9904644d-ea31-49b6-a028-de208f0736d5,2024-01-02,20:44:52,ST005,New York SoHo,Americas,US,SKU007,Tennis Racket,Equipment,4,149.99,0.25,599.96,in_store,mobile_pay,CUST001015
227b1407-7d20-4e9c-b42f-8b05d7e821c5,2024-01-02,19:26:13,ST002,Casablanca Mall,Africa,MA,SKU002,Sport Jacket,Apparel,1,71.99,0.2,71.99,in_store,cash,CUST000606
4d19feca-c924-477c-9861-e453ea89fcfb,2024-01-02,18:19:10,ST002,Casablanca Mall,Africa,MA,SKU002,Sport Jacket,Apparel,1,80.99,0.1,80.99,mobile_app,mobile_pay,CUST001758
c426434d-9a1d-4b26-98ef-0dbc5bef0d67,2024-01-02,15:49:08,ST005,New York SoHo,Americas,US,SKU010,Cycling Jersey,Apparel,1,67.49,0.1,67.49,mobile_app,mobile_pay,CUST000379
8dd74196-54e8-4353-92db-33bd94122711,2024-01-02,18:04:24,ST003,London Oxford,Europe,UK,SKU008,Hiking Boots,Footwear,1,119.99,0.25,119.99,mobile_app,cash,CUST001088
9d5b4b1d-0c7b-4a7e-a197-2453f6c5c756,2024-01-02,12:44:39,ST001,Paris Centre,Europe,FR,SKU005,Training Shorts,Apparel,4,37.49,0.25,149.96,mobile_app,debit_card,CUST001614
c34bf447-f0d7-4d80-9f26-9fbf55670722,2024-01-02,08:32:58,ST001,Paris Centre,Europe,FR,SKU010,Cycling Jersey,Apparel,3,59.99,0.2,179.97,mobile_app,cash,CUST001819
04c7c758-1379-484e-acd5-882fc5f6619b,2024-01-02,15:39:02,ST001,Paris Centre,Europe,FR,SKU002,Sport Jacket,Apparel,4,89.99,0,359.96,online,cash,CUST000359
7133312a-b7cc-44d9-98e8-8dff65218b88,2024-01-02,13:15:34,ST005,New York SoHo,Americas,US,SKU002,Sport Jacket,Apparel,2,89.99,0,179.98,in_store,mobile_pay,CUST001511
074a65d0-1b60-48ea-b86b-fcd70e7a4c5d,2024-01-02,13:57:17,ST005,New York SoHo,Americas,US,SKU004,Water Bottle,Accessories,2,24.99,0,49.98,mobile_app,mobile_pay,CUST000568
d7dfbaa9-441c-4f00-bc37-a031de897e1d,2024-01-02,15:31:32,ST001,Paris Centre,Europe,FR,SKU002,Sport Jacket,Apparel,3,89.99,0,269.97,mobile_app,credit_card,CUST000963
67417984-9c03-4c8b-8429-40d6b8400088,2024-01-02,17:23:51,ST005,New York SoHo,Americas,US,SKU009,Swim Goggles,Accessories,3,17.99,0.1,53.97,mobile_app,credit_card,CUST000386
91cc565e-1a7c-4f78-b6a4-6a5ed2bebb9e,2024-01-02,10:18:04,ST004,Berlin Mitte,Europe,DE,SKU002,Sport Jacket,Apparel,1,80.99,0.1,80.99,in_store,debit_card,CUST000566
3fee9579-151b-4811-80a1-697451fbe400,2024-01-02,21:13:33,ST001,Paris Centre,Europe,FR,SKU003,Yoga Mat,Accessories,4,39.99,0,159.96,mobile_app,credit_card,CUST000601
40406471-18cf-4d64-9324-4977cace41ac,2024-01-02,13:26:28,ST004,Berlin Mitte,Europe,DE,SKU009,Swim Goggles,Accessories,2,17.99,0.1,35.98,mobile_app,credit_card,CUST000598
236b2a32-74b7-40b4-944c-4555f3317faf,2024-01-02,20:14:53,ST002,Casablanca Mall,Africa,MA,SKU002,Sport Jacket,Apparel,1,67.49,0.25,67.49,mobile_app,cash,CUST000844
853ec9cd-af70-4260-b9b3-bda0e45b7d82,2024-01-02,17:42:44,ST005,New York SoHo,Americas,US,SKU006,Gym Bag,Accessories,3,53.99,0.1,161.97,mobile_app,mobile_pay,CUST000938
8ca3576f-a787-4ccf-9bdf-8770d9df9b29,2024-01-02,12:10:50,ST003,London Oxford,Europe,UK,SKU010,Cycling Jersey,Apparel,2,56.24,0.25,112.48,online,debit_card,CUST000992
6c8049de-a4c3-4fdb-938b-84e8045f1cbd,2024-01-02,13:18:29,ST003,London Oxford,Europe,UK,SKU005,Training Shorts,Apparel,1,49.99,0,49.99,in_store,debit_card,CUST001458
58405e50-994f-42e7-9da7-194bd9c09e47,2024-01-02,21:45:44,ST005,New York SoHo,Americas,US,SKU005,Training Shorts,Apparel,2,49.99,0,99.98,mobile_app,debit_card,CUST000331
7a0015d6-6a9b-484f-ae53-02d96000db86,2024-01-02,17:08:28,ST002,Casablanca Mall,Africa,MA,SKU002,Sport Jacket,Apparel,1,89.99,0,89.99,online,cash,CUST000378
2dfe4622-f638-4d7a-a0f3-1e988051fac9,2024-01-02,13:22:09,ST002,Casablanca Mall,Africa,MA,SKU009,Swim Goggles,Accessories,1,15.99,0.2,15.99,online,mobile_pay,CUST001106
8da51913-d3a4-49f0-a5f9-b2e5259b55f9,2024-01-02,08:25:59,ST002,Casablanca Mall,Africa,MA,SKU009,Swim Goggles,Accessories,3,19.99,0,59.97,online,debit_card,CUST001942
2dd5408f-1b40-4b6d-b3b9-c1f6050527ba,2024-01-02,19:34:32,ST004,Berlin Mitte,Europe,DE,SKU006,Gym Bag,Accessories,2,59.99,0,119.98,online,cash,CUST000971
10e7dfcf-2d1e-4a02-9639-b803ed74d6e2,2024-01-02,17:46:58,ST003,London Oxford,Europe,UK,SKU010,Cycling Jersey,Apparel,2,56.24,0.25,112.48,online,cash,CUST001412
baac2157-cfb7-4ee3-9296-5ebc3f8b6c66,2024-01-02,18:35:07,ST001,Paris Centre,Europe,FR,SKU008,Hiking Boots,Footwear,1,159.99,0,159.99,online,credit_card,CUST000823
7bb6320d-a574-4e65-802f-ff3e409a82db,2024-01-02,09:20:03,ST005,New York SoHo,Americas,US,SKU004,Water Bottle,Accessories,4,24.99,0,99.96,mobile_app,debit_card,CUST001195
dc0650c9-bcc3-49cf-9bdb-1ed85152f565,2024-01-02,08:05:34,ST005,New York SoHo,Americas,US,SKU004,Water Bottle,Accessories,3,24.99,0,74.97,online,credit_card,CUST001999
49ff197b-7201-43f7-95ec-600f8d7c6a6a,2024-01-02,13:38:38,ST005,New York SoHo,Americas,US,SKU007,Tennis Racket,Equipment,2,179.99,0.1,359.98,mobile_app,credit_card,CUST001861
877a1407-5ac3-484b-ad74-fee548cc6c0b,2024-01-02,21:27:23,ST003,London Oxford,Europe,UK,SKU007,Tennis Racket,Equipment,2,159.99,0.2,319.98,online,cash,CUST000025
4829d3e2-50d6-42ec-98d8-231a7ff1af3c,2024-01-02,15:55:35,ST003,London Oxford,Europe,UK,SKU006,Gym Bag,Accessories,3,59.99,0,179.97,in_store,debit_card,CUST001491
392f8dc8-55d6-4b12-b392-055b597db4b1,2024-01-02,10:51:46,ST004,Berlin Mitte,Europe,DE,SKU007,Tennis Racket,Equipment,4,199.99,0,799.96,online,mobile_pay,CUST000286
1abf7aca-2d9a-4e13-99c3-5ee7cde36e2d,2024-01-02,11:19:30,ST005,New York SoHo,Americas,US,SKU010,Cycling Jersey,Apparel,1,74.99,0,74.99,mobile_app,cash,CUST000136
5224efd2-2d48-49ee-9a41-f72be597036b,2024-01-02,14:40:58,ST005,New York SoHo,Americas,US,SKU007,Tennis Racket,Equipment,1,199.99,0,199.99,online,mobile_pay,CUST000359
9bb77121-e82b-4df7-bc29-f7eefead1ed8,2024-01-02,10:53:24,ST005,New York SoHo,Americas,US,SKU008,Hiking Boots,Footwear,2,159.99,0,319.98,online,mobile_pay,CUST000087
e5cc1664-2f23-4646-9c0d-e43663cf3b54,2024-01-02,16:47:29,ST003,London Oxford,Europe,UK,SKU010,Cycling Jersey,Apparel,3,67.49,0.1,202.47,in_store,credit_card,CUST001621
b8008a0a-2b5b-46cf-a001-4785803b313f,2024-01-02,18:53:40,ST001,Paris Centre,Europe,FR,SKU003,Yoga Mat,Accessories,3,39.99,0,119.97,online,credit_card,CUST001340
b50cc3d6-d64c-4480-b773-4123ec51f8e6,2024-01-02,19:41:15,ST003,London Oxford,Europe,UK,SKU007,Tennis Racket,Equipment,2,179.99,0.1,359.98,in_store,credit_card,CUST001567
f1f0a736-0d88-4e33-b4f4-45fa1842bf90,2024-01-02,19:23:37,ST003,London Oxford,Europe,UK,SKU008,Hiking Boots,Footwear,1,135.99,0.15,135.99,online,mobile_pay,CUST001779
fb936b4a-7d09-4d23-be6d-e8bb8f8ea60d,2024-01-02,16:46:36,ST003,London Oxford,Europe,UK,SKU008,Hiking Boots,Footwear,1,159.99,0,159.99,in_store,cash,CUST000334
e759fe1e-afe9-43cf-9623-968927bbd427,2024-01-02,15:56:44,ST005,New York SoHo,Americas,US,SKU001,Running Shoes,Footwear,2,129.99,0,259.98,in_store,cash,CUST000335
205290d7-49af-4be0-afe6-d17e2e84dbca,2024-01-02,18:58:22,ST001,Paris Centre,Europe,FR,SKU005,Training Shorts,Apparel,3,44.99,0.1,134.97,in_store,cash,CUST000598
54f957bd-add2-4b83-adf7-1eb7d8a16382,2024-01-02,18:11:48,ST005,New York SoHo,Americas,US,SKU002,Sport Jacket,Apparel,2,67.49,0.25,134.98,in_store,debit_card,CUST001114
f4b2eea5-7f90-4b90-952a-1ee745a5a9f1,2024-01-02,18:44:44,ST003,London Oxford,Europe,UK,SKU006,Gym Bag,Accessories,3,59.99,0,179.97,online,credit_card,CUST001095
72a95d5b-cc27-431a-b9c9-6f403bafc272,2024-01-02,10:33:18,ST005,New York SoHo,Americas,US,SKU006,Gym Bag,Accessories,2,59.99,0,119.98,online,mobile_pay,CUST000844
992eea5e-fad7-4c60-b64d-92b7c13259fd,2024-01-02,10:32:14,ST003,London Oxford,Europe,UK,SKU003,Yoga Mat,Accessories,1,39.99,0,39.99,in_store,credit_card,CUST000855
893afbb4-71cc-416b-b8b7-7f1c2120f8e1,2024-01-02,10:59:01,ST004,Berlin Mitte,Europe,DE,SKU002,Sport Jacket,Apparel,1,67.49,0.25,67.49,online,cash,CUST000639
790f148a-4fb4-4056-844b-86c3cb414a8c,2024-01-02,16:48:21,ST003,London Oxford,Europe,UK,SKU003,Yoga Mat,Accessories,4,33.99,0.15,135.96,in_store,cash,CUST000059
07fcffc8-f9d7-4e32-a8de-4b82332c9a34,2024-01-02,19:09:44,ST001,Paris Centre,Europe,FR,SKU004,Water Bottle,Accessories,2,18.74,0.25,37.48,in_store,cash,CUST000257
87924305-22ae-4c0a-8d7c-88f4155110d1,2024-01-02,19:48:50,ST002,Casablanca Mall,Africa,MA,SKU003,Yoga Mat,Accessories,1,35.99,0.1,35.99,in_store,credit_card,CUST000039
58098d85-fdaf-4fd5-bd23-e2e9dce471b3,2024-01-02,09:02:50,ST004,Berlin Mitte,Europe,DE,SKU007,Tennis Racket,Equipment,1,199.99,0,199.99,mobile_app,credit_card,CUST000961
c05bfabf-1639-4c0a-bc9c-3c9d97e182db,2024-01-02,12:42:00,ST001,Paris Centre,Europe,FR,SKU005,Training Shorts,Apparel,1,49.99,0,49.99,in_store,credit_card,CUST001885
62c0814b-8f33-4542-89a2-477da4c82b13,2024-01-02,18:22:01,ST005,New York SoHo,Americas,US,SKU004,Water Bottle,Accessories,2,24.99,0,49.98,in_store,debit_card,CUST001733
7fcfe865-9da0-48bb-9808-9e75e3276d4d,2024-01-02,10:54:32,ST003,London Oxford,Europe,UK,SKU010,Cycling Jersey,Apparel,3,74.99,0,224.97,mobile_app,debit_card,CUST001035
aa119bf0-5ff5-47a2-a8cd-897eba83fa1e,2024-01-02,17:48:00,ST005,New York SoHo,Americas,US,SKU002,Sport Jacket,Apparel,1,67.49,0.25,67.49,mobile_app,debit_card,CUST001466
cccae1eb-2017-43cb-9acf-31d55a921f76,2024-01-02,16:00:46,ST002,Casablanca Mall,Africa,MA,SKU005,Training Shorts,Apparel,2,37.49,0.25,74.98,in_store,debit_card,CUST001886
2b957dbc-62d0-4cc7-bb0a-1b336460f479,2024-01-02,17:11:28,ST005,New York SoHo,Americas,US,SKU008,Hiking Boots,Footwear,3,127.99,0.2,383.97,mobile_app,credit_card,CUST000371
61d40763-9ef7-4ba8-b2d7-a3c622a4749e,2024-01-02,16:14:26,ST003,London Oxford,Europe,UK,SKU007,Tennis Racket,Equipment,4,199.99,0,799.96,in_store,cash,CUST000254
10553d3a-5de8-4911-935c-029de299771a,2024-01-02,20:23:45,ST004,Berlin Mitte,Europe,DE,SKU002,Sport Jacket,Apparel,2,80.99,0.1,161.98,online,credit_card,CUST000169
8862d15e-3ff6-447b-ac06-94eb6952409e,2024-01-02,12:29:38,ST003,London Oxford,Europe,UK,SKU008,Hiking Boots,Footwear,1,143.99,0.1,143.99,mobile_app,cash,CUST001408
f941bdc4-339a-419d-bcb7-eb14d4b27b13,2024-01-02,21:27:12,ST004,Berlin Mitte,Europe,DE,SKU004,Water Bottle,Accessories,4,24.99,0,99.96,in_store,mobile_pay,CUST001924
b347d83a-5650-4e15-bf25-f731927f8c2b,2024-01-02,15:43:06,ST003,London Oxford,Europe,UK,SKU003,Yoga Mat,Accessories,1,31.99,0.2,31.99,online,mobile_pay,CUST001071
d890f6a3-8f9e-4227-9aa7-6408ed4db465,2024-01-02,14:44:37,ST001,Paris Centre,Europe,FR,SKU002,Sport Jacket,Apparel,2,80.99,0.1,161.98,in_store,debit_card,CUST000133
0e0b4a4f-c487-4da8-a0b9-1439f12e3522,2024-01-02,17:54:25,ST003,London Oxford,Europe,UK,SKU004,Water Bottle,Accessories,3,24.99,0,74.97,in_store,debit_card,CUST001717
296e9b65-740a-41ec-bc74-1f50e79bcb05,2024-01-02,19:49:37,ST004,Berlin Mitte,Europe,DE,SKU008,Hiking Boots,Footwear,3,119.99,0.25,359.97,mobile_app,cash,CUST001549
67bc2de2-c2d5-474b-8265-cbc7dc5261a2,2024-01-02,17:25:31,ST004,Berlin Mitte,Europe,DE,SKU006,Gym Bag,Accessories,4,47.99,0.2,191.96,mobile_app,cash,CUST000302
6cfa0ed0-58d5-45bb-bb7d-150c698431a5,2024-01-02,15:31:14,ST004,Berlin Mitte,Europe,DE,SKU002,Sport Jacket,Apparel,1,89.99,0,89.99,mobile_app,debit_card,CUST000061
1e8699df-831a-437a-9c16-bb0d1ef08738,2024-01-02,18:01:11,ST001,Paris Centre,Europe,FR,SKU001,Running Shoes,Footwear,1,116.99,0.1,116.99,online,cash,CUST000313
23696dcc-b345-4038-8ab7-13d9fc7e86d6,2024-01-02,09:42:48,ST003,London Oxford,Europe,UK,SKU010,Cycling Jersey,Apparel,1,56.24,0.25,56.24,mobile_app,mobile_pay,CUST001624
a1f4db45-01e9-4832-a538-275edf98c51b,2024-01-02,15:31:32,ST004,Berlin Mitte,Europe,DE,SKU004,Water Bottle,Accessories,3,19.99,0.2,59.97,online,cash,CUST001658
66f5ca3d-739f-4aa3-a0e9-6784fbd152c8,2024-01-02,08:27:56,ST005,New York SoHo,Americas,US,SKU009,Swim Goggles,Accessories,1,14.99,0.25,14.99,in_store,mobile_pay,CUST000922
80a63fe9-51e7-49db-a682-e4009744717c,2024-01-02,08:02:11,ST003,London Oxford,Europe,UK,SKU007,Tennis Racket,Equipment,4,179.99,0.1,719.96,mobile_app,cash,CUST001812
d5019e8a-ffcd-4693-aa34-7025caa67b50,2024-01-02,12:45:24,ST002,Casablanca Mall,Africa,MA,SKU008,Hiking Boots,Footwear,4,159.99,0,639.96,online,credit_card,CUST001166
94e7e5c9-d83d-47fd-aa31-ab91020526e7,2024-01-02,16:54:10,ST004,Berlin Mitte,Europe,DE,SKU009,Swim Goggles,Accessories,4,17.99,0.1,71.96,mobile_app,credit_card,CUST000802
78304b80-1336-4a02-a4c1-98a029435cd2,2024-01-02,18:22:49,ST003,London Oxford,Europe,UK,SKU008,Hiking Boots,Footwear,4,135.99,0.15,543.96,online,cash,CUST000126
90d9494d-32fa-4baf-b0ba-a9f44b3c2bac,2024-01-02,21:23:22,ST001,Paris Centre,Europe,FR,SKU010,Cycling Jersey,Apparel,1,74.99,0,74.99,mobile_app,credit_card,CUST001568
107ec032-6bcb-4733-925f-40393edd13b9,2024-01-02,13:22:26,ST003,London Oxford,Europe,UK,SKU007,Tennis Racket,Equipment,1,179.99,0.1,179.99,online,credit_card,CUST001355
139b8388-64a0-469b-bbf8-a95ea8288c37,2024-01-02,12:37:05,ST002,Casablanca Mall,Africa,MA,SKU004,Water Bottle,Accessories,2,19.99,0.2,39.98,mobile_app,credit_card,CUST001780
88f1c540-95ee-4a81-9ad1-e58bfff1c8c1,2024-01-02,08:34:20,ST003,London Oxford,Europe,UK,SKU002,Sport Jacket,Apparel,3,89.99,0,269.97,in_store,mobile_pay,CUST001348
311cb38f-03e4-48e2-a3ab-0276571fdcab,2024-01-02,08:44:30,ST004,Berlin Mitte,Europe,DE,SKU010,Cycling Jersey,Apparel,4,74.99,0,299.96,mobile_app,credit_card,CUST000649
cc154de2-9d3e-4d82-9e61-2e1f53bc4809,2024-01-02,17:06:51,ST004,Berlin Mitte,Europe,DE,SKU010,Cycling Jersey,Apparel,4,74.99,0,299.96,online,credit_card,CUST001415
3f531923-b128-4a48-a6d6-f63840d051d4,2024-01-02,20:48:42,ST002,Casablanca Mall,Africa,MA,SKU006,Gym Bag,Accessories,4,50.99,0.15,203.96,online,debit_card,CUST001260
8d99c615-af79-4bb8-9c86-f484646279f9,2024-01-02,15:40:54,ST003,London Oxford,Europe,UK,SKU006,Gym Bag,Accessories,4,59.99,0,239.96,in_store,debit_card,CUST000589
964563d3-9ad1-4eed-af5f-1f8621a18c10,2024-01-02,14:51:14,ST003,London Oxford,Europe,UK,SKU001,Running Shoes,Footwear,3,110.49,0.15,331.47,mobile_app,credit_card,CUST001470
7fd81209-2469-4c74-87a2-1ea2cbd4981f,2024-01-02,09:36:51,ST005,New York SoHo,Americas,US,SKU002,Sport Jacket,Apparel,3,89.99,0,269.97,mobile_app,mobile_pay,CUST000875
415ec86a-af4b-4859-9b3b-b63d1158e20d,2024-01-02,21:19:32,ST002,Casablanca Mall,Africa,MA,SKU006,Gym Bag,Accessories,1,47.99,0.2,47.99,online,mobile_pay,CUST001359
0393a12d-8335-4b44-b02d-107a8b611684,2024-01-02,14:16:39,ST005,New York SoHo,Americas,US,SKU006,Gym Bag,Accessories,2,53.99,0.1,107.98,mobile_app,mobile_pay,CUST001376
42177a50-9e7c-475c-9a90-3f902d2f8274,2024-01-02,19:33:55,ST005,New York SoHo,Americas,US,SKU003,Yoga Mat,Accessories,1,31.99,0.2,31.99,in_store,mobile_pay,CUST000437
7b872838-c6cb-4441-8794-ad706bfe1627,2024-01-02,19:40:03,ST004,Berlin Mitte,Europe,DE,SKU005,Training Shorts,Apparel,4,42.49,0.15,169.96,mobile_app,debit_card,CUST000747
71d3b3d2-ab0e-4052-9001-9d3c3c96f0a9,2024-01-02,19:43:48,ST004,Berlin Mitte,Europe,DE,SKU003,Yoga Mat,Accessories,2,39.99,0,79.98,online,mobile_pay,CUST000841
3350cf5a-61fc-4828-847f-8fd0e52f8548,2024-01-02,14:17:52,ST003,London Oxford,Europe,UK,SKU002,Sport Jacket,Apparel,2,67.49,0.25,134.98,online,debit_card,CUST000526
47d7aaeb-08bb-4da7-8e39-0b42eaa6b442,2024-01-02,09:09:12,ST005,New York SoHo,Americas,US,SKU004,Water Bottle,Accessories,4,24.99,0,99.96,in_store,debit_card,CUST001633
e02095d4-48b5-4648-8fbc-9b40c533082d,2024-01-02,14:27:41,ST003,London Oxford,Europe,UK,SKU008,Hiking Boots,Footwear,4,135.99,0.15,543.96,in_store,debit_card,CUST000327
930fa455-fc3f-49b7-a2ff-b62040ee3de0,2024-01-02,20:51:17,ST003,London Oxford,Europe,UK,SKU003,Yoga Mat,Accessories,1,39.99,0,39.99,mobile_app,debit_card,CUST001320
76b34dca-3af9-4273-9d5e-3fc65e4b2210,2024-01-02,21:57:05,ST001,Paris Centre,Europe,FR,SKU008,Hiking Boots,Footwear,1,159.99,0,159.99,online,cash,CUST001776
7cfd09d8-25b9-40ad-8f07-c58a8f7b1df5,2024-01-02,18:56:05,ST001,Paris Centre,Europe,FR,SKU007,Tennis Racket,Equipment,3,159.99,0.2,479.97,online,debit_card,CUST000484
ab3a35ee-8cbe-4b2a-9625-8053f0e7a402,2024-01-02,18:53:37,ST001,Paris Centre,Europe,FR,SKU010,Cycling Jersey,Apparel,1,63.74,0.15,63.74,mobile_app,cash,CUST001017
6124f7fc-752a-43cf-9fd2-bbef233e9276,2024-01-02,20:20:21,ST001,Paris Centre,Europe,FR,SKU004,Water Bottle,Accessories,1,18.74,0.25,18.74,mobile_app,mobile_pay,CUST001651
fc31971b-13f7-4482-935d-de5bab343416,2024-01-02,09:11:13,ST002,Casablanca Mall,Africa,MA,SKU007,Tennis Racket,Equipment,2,199.99,0,399.98,online,mobile_pay,CUST000837
b1c2c640-6b6c-4300-9d37-80986c5cb175,2024-01-02,16:23:44,ST003,London Oxford,Europe,UK,SKU010,Cycling Jersey,Apparel,1,67.49,0.1,67.49,in_store,cash,CUST001118
28bb9d41-3872-4b08-9e0a-679f8a96a570,2024-01-02,20:59:09,ST004,Berlin Mitte,Europe,DE,SKU008,Hiking Boots,Footwear,2,159.99,0,319.98,online,mobile_pay,CUST001466
fdc03ae7-aa0f-447e-91dc-d53c203f4a75,2024-01-02,17:02:53,ST003,London Oxford,Europe,UK,SKU005,Training Shorts,Apparel,1,39.99,0.2,39.99,mobile_app,credit_card,CUST001415
5415b429-c422-47c1-afbd-314b026afb75,2024-01-02,18:44:23,ST002,Casablanca Mall,Africa,MA,SKU005,Training Shorts,Apparel,4,49.99,0,199.96,mobile_app,credit_card,CUST001096
17afed71-cd4a-444d-b7fa-c0bf35e29eb7,2024-01-02,14:59:58,ST002,Casablanca Mall,Africa,MA,SKU008,Hiking Boots,Footwear,4,159.99,0,639.96,online,cash,CUST000185
c6458499-fa60-48ab-902f-f1db41ec8879,2024-01-02,10:58:28,ST002,Casablanca Mall,Africa,MA,SKU005,Training Shorts,Apparel,2,37.49,0.25,74.98,mobile_app,cash,CUST001802
0c11cad4-0102-4c89-bdca-6db35d7cce1a,2024-01-02,09:52:49,ST004,Berlin Mitte,Europe,DE,SKU001,Running Shoes,Footwear,3,97.49,0.25,292.47,online,mobile_pay,CUST001510
fca68466-62f6-49c5-8bfb-b2fd99f8c8a7,2024-01-02,09:52:10,ST004,Berlin Mitte,Europe,DE,SKU006,Gym Bag,Accessories,4,44.99,0.25,179.96,mobile_app,cash,CUST001037
c2ab8972-0904-41d6-aaf5-e2734ed47221,2024-01-02,19:52:35,ST001,Paris Centre,Europe,FR,SKU006,Gym Bag,Accessories,4,50.99,0.15,203.96,mobile_app,cash,CUST000929
259be04b-d432-4fa0-aa11-0f2f8e5cc813,2024-01-02,15:50:41,ST001,Paris Centre,Europe,FR,SKU001,Running Shoes,Footwear,2,103.99,0.2,207.98,in_store,credit_card,CUST000821
66686403-6793-4a0d-895e-5c8e110c2fc1,2024-01-02,09:07:10,ST002,Casablanca Mall,Africa,MA,SKU005,Training Shorts,Apparel,3,42.49,0.15,127.47,in_store,debit_card,CUST001735
2417f28f-dcc2-45dc-937a-0f5b3080a641,2024-01-02,15:55:47,ST005,New York SoHo,Americas,US,SKU007,Tennis Racket,Equipment,3,179.99,0.1,539.97,in_store,cash,CUST000356
a62d8841-2e8d-4676-8213-771103e47b01,2024-01-02,09:26:23,ST005,New York SoHo,Americas,US,SKU006,Gym Bag,Accessories,3,59.99,0,179.97,in_store,mobile_pay,CUST001795
6d9e731b-1ee2-4f7c-be81-444c2e76bc03,2024-01-02,08:59:35,ST004,Berlin Mitte,Europe,DE,SKU010,Cycling Jersey,Apparel,2,74.99,0,149.98,mobile_app,debit_card,CUST001858
f6c73f07-fcc6-48c7-becf-358d1fde7e9f,2024-01-02,19:54:10,ST001,Paris Centre,Europe,FR,SKU008,Hiking Boots,Footwear,2,159.99,0,319.98,in_store,mobile_pay,CUST001266
6139033f-dea5-4ac2-89db-c37c8814c5aa,2024-01-02,09:23:10,ST004,Berlin Mitte,Europe,DE,SKU010,Cycling Jersey,Apparel,3,74.99,0,224.97,mobile_app,credit_card,CUST000029
7b01673a-194b-4fed-9b02-ca8e31eacaa7,2024-01-02,18:31:07,ST005,New York SoHo,Americas,US,SKU007,Tennis Racket,Equipment,4,149.99,0.25,599.96,in_store,debit_card,CUST000391
c977c855-021c-4dbf-a7ba-5471ed201281,2024-01-02,10:27:54,ST003,London Oxford,Europe,UK,SKU005,Training Shorts,Apparel,4,44.99,0.1,179.96,in_store,debit_card,CUST001688
e15009e8-c47d-46dd-b338-5983150f5aa9,2024-01-02,14:50:09,ST003,London Oxford,Europe,UK,SKU004,Water Bottle,Accessories,4,24.99,0,99.96,in_store,cash,CUST002000
15405688-f774-46ff-ab05-4f129cb6eca7,2024-01-02,13:37:43,ST003,London Oxford,Europe,UK,SKU004,Water Bottle,Accessories,4,24.99,0,99.96,mobile_app,mobile_pay,CUST000176
4fd45efd-ce6f-492d-b664-01857e29cf51,2024-01-02,13:44:25,ST001,Paris Centre,Europe,FR,SKU008,Hiking Boots,Footwear,2,119.99,0.25,239.98,mobile_app,debit_card,CUST001461
913f0a6a-fc95-4033-92f7-15d9753ad1cf,2024-01-02,09:35:03,ST004,Berlin Mitte,Europe,DE,SKU007,Tennis Racket,Equipment,3,199.99,0,599.97,in_store,cash,CUST001907
e7e936b1-528b-47f9-8922-d8b1f7a6595b,2024-01-02,18:51:38,ST002,Casablanca Mall,Africa,MA,SKU008,Hiking Boots,Footwear,3,135.99,0.15,407.97,mobile_app,credit_card,CUST000011
5e2d529c-400c-481a-8418-837907d64722,2024-01-02,14:42:23,ST003,London Oxford,Europe,UK,SKU009,Swim Goggles,Accessories,4,19.99,0,79.96,in_store,credit_card,CUST001189
ffeab9fb-ff73-4476-a557-d10620192544,2024-01-02,15:59:21,ST002,Casablanca Mall,Africa,MA,SKU005,Training Shorts,Apparel,2,42.49,0.15,84.98,online,debit_card,CUST000184
4dad9941-3801-45e1-9af9-4850b891c831,2024-01-02,12:07:20,ST003,London Oxford,Europe,UK,SKU009,Swim Goggles,Accessories,4,19.99,0,79.96,in_store,debit_card,CUST001023
9379beed-452f-46e1-b032-e3db31bdd0a5,2024-01-02,12:39:53,ST003,London Oxford,Europe,UK,SKU006,Gym Bag,Accessories,4,59.99,0,239.96,online,cash,CUST000893
39827b44-5744-4ed4-931a-fb0b1dff80bf,2024-01-02,10:35:54,ST002,Casablanca Mall,Africa,MA,SKU006,Gym Bag,Accessories,4,44.99,0.25,179.96,mobile_app,mobile_pay,CUST000109
87bda29c-2440-4013-859b-2e3ba8cb751a,2024-01-02,10:02:30,ST002,Casablanca Mall,Africa,MA,SKU003,Yoga Mat,Accessories,1,39.99,0,39.99,online,debit_card,CUST001446
b54793ea-a3de-4b0d-b08c-ea147916da02,2024-01-02,08:28:22,ST004,Berlin Mitte,Europe,DE,SKU007,Tennis Racket,Equipment,1,179.99,0.1,179.99,mobile_app,mobile_pay,CUST000938
682e9577-53f0-4dc2-92e2-322cae1bbbd3,2024-01-02,13:05:13,ST004,Berlin Mitte,Europe,DE,SKU002,Sport Jacket,Apparel,2,89.99,0,179.98,online,debit_card,CUST001710
9e1b340f-1f65-4c25-a910-3ac95e30cc00,2024-01-02,18:37:13,ST002,Casablanca Mall,Africa,MA,SKU009,Swim Goggles,Accessories,3,16.99,0.15,50.97,mobile_app,credit_card,CUST001078
67c57fe3-5c7b-4ff7-a230-af18692ec3af,2024-01-02,11:49:31,ST005,New York SoHo,Americas,US,SKU003,Yoga Mat,Accessories,4,39.99,0,159.96,mobile_app,credit_card,CUST001818
3931d8e4-ef77-4b3f-8aa7-367f82693761,2024-01-02,18:07:25,ST003,London Oxford,Europe,UK,SKU001,Running Shoes,Footwear,3,103.99,0.2,311.97,online,credit_card,CUST001715
fb886c54-cf29-46a6-8457-5010c0129eda,2024-01-02,15:53:45,ST003,London Oxford,Europe,UK,SKU003,Yoga Mat,Accessories,1,39.99,0,39.99,mobile_app,mobile_pay,CUST000930
6cd8cd62-c4c4-44ae-ab45-613a0c3ab667,2024-01-02,08:41:39,ST003,London Oxford,Europe,UK,SKU010,Cycling Jersey,Apparel,1,74.99,0,74.99,online,cash,CUST001941
f846fd09-68e2-43bc-b1d7-800fd847c576,2024-01-02,08:51:41,ST005,New York SoHo,Americas,US,SKU003,Yoga Mat,Accessories,2,29.99,0.25,59.98,online,cash,CUST001635
dcf778cb-d3a0-41fa-b661-df4840f27bfa,2024-01-02,14:16:11,ST001,Paris Centre,Europe,FR,SKU002,Sport Jacket,Apparel,4,89.99,0,359.96,in_store,mobile_pay,CUST000183
c68209eb-83e5-4c3e-9dbc-7e10957fe168,2024-01-02,20:25:18,ST001,Paris Centre,Europe,FR,SKU004,Water Bottle,Accessories,2,22.49,0.1,44.98,mobile_app,debit_card,CUST000247
8525d3ea-e5ff-4984-9762-82622df82309,2024-01-02,20:58:19,ST003,London Oxford,Europe,UK,SKU008,Hiking Boots,Footwear,4,127.99,0.2,511.96,mobile_app,debit_card,CUST000736
5b7437a5-eec7-4d05-9b30-4a0ff765d882,2024-01-02,15:56:24,ST001,Paris Centre,Europe,FR,SKU006,Gym Bag,Accessories,2,53.99,0.1,107.98,online,cash,CUST001154
7817ee4e-88f6-43eb-9c97-117392403538,2024-01-02,14:51:23,ST005,New York SoHo,Americas,US,SKU007,Tennis Racket,Equipment,1,149.99,0.25,149.99,mobile_app,debit_card,CUST000890
f8e4736d-241a-49e4-a67c-efb13338694d,2024-01-02,13:29:43,ST004,Berlin Mitte,Europe,DE,SKU002,Sport Jacket,Apparel,1,76.49,0.15,76.49,in_store,debit_card,CUST001907
a151705b-c1e3-45a9-ab64-94a020e50214,2024-01-02,15:27:05,ST004,Berlin Mitte,Europe,DE,SKU009,Swim Goggles,Accessories,1,19.99,0,19.99,online,cash,CUST000305
6f0b3f36-fcdf-4505-917c-ca2d6e1ebcb1,2024-01-02,14:18:36,ST002,Casablanca Mall,Africa,MA,SKU005,Training Shorts,Apparel,2,42.49,0.15,84.98,in_store,credit_card,CUST001879
91fc7a9e-69e0-4f47-9d6b-b24bde0fd8e1,2024-01-02,14:26:06,ST001,Paris Centre,Europe,FR,SKU009,Swim Goggles,Accessories,1,16.99,0.15,16.99,online,cash,CUST000728
b5f4d5f3-2232-4010-af31-d7b51f518891,2024-01-02,16:01:07,ST003,London Oxford,Europe,UK,SKU010,Cycling Jersey,Apparel,1,56.24,0.25,56.24,mobile_app,mobile_pay,CUST000368
c03adbc3-07a4-4d44-96cf-dbedd1a546ce,2024-01-02,14:56:45,ST002,Casablanca Mall,Africa,MA,SKU007,Tennis Racket,Equipment,1,199.99,0,199.99,online,cash,CUST001203
41677ad5-41b3-484b-9949-cd7a3e6deddf,2024-01-02,21:51:11,ST004,Berlin Mitte,Europe,DE,SKU008,Hiking Boots,Footwear,3,159.99,0,479.97,in_store,debit_card,CUST000161
b3a6d357-e908-422b-86f4-59d8c3a4b746,2024-01-02,16:01:00,ST005,New York SoHo,Americas,US,SKU005,Training Shorts,Apparel,1,44.99,0.1,44.99,online,credit_card,CUST000028
572892d2-a192-4abc-b043-93a4c6245ed3,2024-01-02,14:55:42,ST002,Casablanca Mall,Africa,MA,SKU008,Hiking Boots,Footwear,4,127.99,0.2,511.96,mobile_app,mobile_pay,CUST000621
655e3ecd-96f8-4978-82cf-a746864eda69,2024-01-02,18:44:43,ST005,New York SoHo,Americas,US,SKU010,Cycling Jersey,Apparel,3,59.99,0.2,179.97,online,cash,CUST000180
df65cf2a-15b8-4fd0-a072-8a4bbb09f9b3,2024-01-02,09:52:01,ST002,Casablanca Mall,Africa,MA,SKU003,Yoga Mat,Accessories,1,39.99,0,39.99,mobile_app,debit_card,CUST001760
9d37a3a2-fa4d-4618-ba87-db0fc2491703,2024-01-02,10:41:15,ST001,Paris Centre,Europe,FR,SKU004,Water Bottle,Accessories,4,19.99,0.2,79.96,online,debit_card,CUST000177
ac5fb41c-5a13-4ce7-87a3-5e6a01b14a50,2024-01-02,14:01:07,ST003,London Oxford,Europe,UK,SKU008,Hiking Boots,Footwear,2,143.99,0.1,287.98,in_store,debit_card,CUST001514
d1a04a05-972b-4d75-8b2b-75e99754e935,2024-01-02,21:28:37,ST004,Berlin Mitte,Europe,DE,SKU008,Hiking Boots,Footwear,4,159.99,0,639.96,in_store,debit_card,CUST000604
c566cd40-6465-4537-97be-f52594bde5f9,2024-01-02,08:06:40,ST005,New York SoHo,Americas,US,SKU007,Tennis Racket,Equipment,1,199.99,0,199.99,mobile_app,mobile_pay,CUST000852
ef0f2f89-e8f9-487a-aa54-a8cd0df594d6,2024-01-02,15:25:31,ST004,Berlin Mitte,Europe,DE,SKU010,Cycling Jersey,Apparel,3,74.99,0,224.97,mobile_app,mobile_pay,CUST000475
83cbad06-a0f0-4b26-98f6-30cfa1292051,2024-01-02,17:20:35,ST001,Paris Centre,Europe,FR,SKU009,Swim Goggles,Accessories,1,17.99,0.1,17.99,in_store,cash,CUST001829
cabe5ea5-0283-4299-8b3e-0e121aad7970,2024-01-02,17:41:22,ST004,Berlin Mitte,Europe,DE,SKU008,Hiking Boots,Footwear,1,143.99,0.1,143.99,online,mobile_pay,CUST000043
7bd5f7d0-c13a-449a-88b7-786e137b08c9,2024-01-02,13:28:14,ST002,Casablanca Mall,Africa,MA,SKU005,Training Shorts,Apparel,2,44.99,0.1,89.98,mobile_app,debit_card,CUST001204
abe83ec9-04ac-431e-bf9e-d488154c8bee,2024-01-02,12:46:45,ST003,London Oxford,Europe,UK,SKU010,Cycling Jersey,Apparel,4,74.99,0,299.96,online,mobile_pay,CUST001707
01519cc3-e7ad-4e8f-b280-0997d79e2229,2024-01-02,11:18:44,ST003,London Oxford,Europe,UK,SKU008,Hiking Boots,Footwear,2,135.99,0.15,271.98,mobile_app,credit_card,CUST001367
f57ef49e-654e-4382-8569-7c9449e39ee4,2024-01-02,10:38:31,ST004,Berlin Mitte,Europe,DE,SKU003,Yoga Mat,Accessories,2,39.99,0,79.98,in_store,mobile_pay,CUST001932
3102fd6f-da2e-4b4c-bf65-3e71d072afa7,2024-01-02,16:03:01,ST004,Berlin Mitte,Europe,DE,SKU005,Training Shorts,Apparel,2,49.99,0,99.98,online,cash,CUST000732
e35ba929-98dc-4a8d-9c26-4ba6220c789b,2024-01-02,09:21:27,ST002,Casablanca Mall,Africa,MA,SKU003,Yoga Mat,Accessories,1,29.99,0.25,29.99,in_store,debit_card,CUST000248
be19ff7b-538b-4d98-9c8c-7251e038edc2,2024-01-02,13:50:22,ST005,New York SoHo,Americas,US,SKU004,Water Bottle,Accessories,4,24.99,0,99.96,in_store,cash,CUST001836
e6563d5c-691c-4855-9186-d084fc216e31,2024-01-02,08:59:28,ST002,Casablanca Mall,Africa,MA,SKU009,Swim Goggles,Accessories,1,15.99,0.2,15.99,online,credit_card,CUST001997
871bbc5d-63cd-47f8-8dc0-fc6a4cc65b83,2024-01-02,16:02:32,ST001,Paris Centre,Europe,FR,SKU010,Cycling Jersey,Apparel,1,56.24,0.25,56.24,in_store,debit_card,CUST001291
d91f898b-3b90-4166-85de-0bf8b2076b87,2024-01-02,19:18:45,ST001,Paris Centre,Europe,FR,SKU004,Water Bottle,Accessories,3,24.99,0,74.97,online,mobile_pay,CUST001501
d4fff2e8-d3ad-439e-9824-57b5afe5b490,2024-01-02,21:08:07,ST001,Paris Centre,Europe,FR,SKU003,Yoga Mat,Accessories,3,39.99,0,119.97,in_store,mobile_pay,CUST001986
1500cc2d-dcec-4de5-93ea-8b85ff671d88,2024-01-02,20:30:21,ST004,Berlin Mitte,Europe,DE,SKU001,Running Shoes,Footwear,2,97.49,0.25,194.98,online,debit_card,CUST000175
08af58f0-9d3c-4547-8347-6dbc5d143237,2024-01-02,18:42:15,ST003,London Oxford,Europe,UK,SKU006,Gym Bag,Accessories,4,59.99,0,239.96,in_store,mobile_pay,CUST001613
893c7128-01be-4aa2-bc6a-3c59ed08ae16,2024-01-02,14:57:29,ST002,Casablanca Mall,Africa,MA,SKU003,Yoga Mat,Accessories,4,35.99,0.1,143.96,mobile_app,cash,CUST001933
6ac81e09-1385-48ae-a269-95857a15b80f,2024-01-02,08:45:51,ST001,Paris Centre,Europe,FR,SKU008,Hiking Boots,Footwear,2,119.99,0.25,239.98,mobile_app,credit_card,CUST000174
d645f465-fa92-48bc-a789-cc3a498c8326,2024-01-02,10:27:03,ST003,London Oxford,Europe,UK,SKU006,Gym Bag,Accessories,4,44.99,0.25,179.96,online,credit_card,CUST001353
ed653e7d-4b15-4c7d-ad20-86fe23d81178,2024-01-02,19:51:42,ST002,Casablanca Mall,Africa,MA,SKU010,Cycling Jersey,Apparel,1,59.99,0.2,59.99,mobile_app,cash,CUST000859
29fac174-03b9-495f-81c4-b2aea5b581b2,2024-01-02,19:20:58,ST004,Berlin Mitte,Europe,DE,SKU009,Swim Goggles,Accessories,3,15.99,0.2,47.97,online,credit_card,CUST001694
365a5495-d8c8-4b85-bb43-60e162af2035,2024-01-02,14:28:41,ST003,London Oxford,Europe,UK,SKU009,Swim Goggles,Accessories,2,15.99,0.2,31.98,in_store,mobile_pay,CUST001429
10da1f94-3c2c-49d3-95f4-af0404239380,2024-01-02,09:02:34,ST003,London Oxford,Europe,UK,SKU007,Tennis Racket,Equipment,2,199.99,0,399.98,online,mobile_pay,CUST001486
c1140f42-1e58-48cf-af9f-b348ce9d0631,2024-01-02,09:32:35,ST002,Casablanca Mall,Africa,MA,SKU009,Swim Goggles,Accessories,3,19.99,0,59.97,online,cash,CUST001551
eae53763-f55e-4b37-99a6-a7e236b91f6d,2024-01-02,16:37:16,ST002,Casablanca Mall,Africa,MA,SKU001,Running Shoes,Footwear,1,97.49,0.25,97.49,in_store,cash,CUST001488
5ba3a3a3-15c2-4851-9fab-5604d10583c4,2024-01-02,08:53:23,ST004,Berlin Mitte,Europe,DE,SKU009,Swim Goggles,Accessories,1,15.99,0.2,15.99,online,cash,CUST000254
c6d88dff-9ee4-4624-9842-20d4ff86c5d2,2024-01-02,17:47:00,ST001,Paris Centre,Europe,FR,SKU002,Sport Jacket,Apparel,4,89.99,0,359.96,online,cash,CUST000484
76949963-1149-4439-b1ef-f949ef3ed259,2024-01-02,12:18:42,ST005,New York SoHo,Americas,US,SKU010,Cycling Jersey,Apparel,2,74.99,0,149.98,mobile_app,debit_card,CUST001463
c41ed4e5-b1a4-481e-ba1c-0a8898d281ef,2024-01-02,13:33:37,ST004,Berlin Mitte,Europe,DE,SKU009,Swim Goggles,Accessories,2,19.99,0,39.98,in_store,cash,CUST000931
73a9cd02-c3ca-4e72-b3ce-002f1824d51a,2024-01-02,14:05:05,ST001,Paris Centre,Europe,FR,SKU003,Yoga Mat,Accessories,4,29.99,0.25,119.96,in_store,mobile_pay,CUST001820
b764cb61-af4d-4615-ab4c-c47414467d22,2024-01-02,09:23:43,ST002,Casablanca Mall,Africa,MA,SKU008,Hiking Boots,Footwear,2,143.99,0.1,287.98,mobile_app,mobile_pay,CUST001205
09289c4e-cd64-4ca9-91a9-bb6a816c4227,2024-01-02,12:37:31,ST005,New York SoHo,Americas,US,SKU009,Swim Goggles,Accessories,4,14.99,0.25,59.96,mobile_app,mobile_pay,CUST000902
2795235c-ed17-4d20-b7bb-193337b550a6,2024-01-02,16:08:31,ST004,Berlin Mitte,Europe,DE,SKU007,Tennis Racket,Equipment,2,199.99,0,399.98,mobile_app,mobile_pay,CUST000265
05b8e94a-d068-4a15-b915-9e28fc347375,2024-01-02,11:29:30,ST005,New York SoHo,Americas,US,SKU009,Swim Goggles,Accessories,1,15.99,0.2,15.99,in_store,debit_card,CUST001934
bdc292b2-a9da-420c-87fd-f4c4d511589f,2024-01-02,21:26:07,ST005,New York SoHo,Americas,US,SKU006,Gym Bag,Accessories,1,50.99,0.15,50.99,in_store,cash,CUST001171
3822201a-ed45-4bcf-8adf-beb7ee454af9,2024-01-02,13:19:23,ST003,London Oxford,Europe,UK,SKU001,Running Shoes,Footwear,2,129.99,0,259.98,online,cash,CUST000996
6217af2c-7f43-4d28-a883-b7d6527dea44,2024-01-02,17:26:03,ST001,Paris Centre,Europe,FR,SKU003,Yoga Mat,Accessories,2,29.99,0.25,59.98,online,cash,CUST000442
521439ab-23a8-40b4-8be4-72a0cd0868fc,2024-01-02,16:22:04,ST002,Casablanca Mall,Africa,MA,SKU008,Hiking Boots,Footwear,1,159.99,0,159.99,in_store,mobile_pay,CUST000986
251b2501-09ab-4dda-86de-8577f4306aed,2024-01-02,20:24:30,ST005,New York SoHo,Americas,US,SKU005,Training Shorts,Apparel,4,49.99,0,199.96,mobile_app,debit_card,CUST001561
3a45e87d-23a9-49ad-88ba-59f16c7d95b8,2024-01-02,15:42:28,ST002,Casablanca Mall,Africa,MA,SKU009,Swim Goggles,Accessories,4,14.99,0.25,59.96,in_store,cash,CUST000183
b8801cab-fa0d-442a-9fdc-a9483c71da2c,2024-01-02,11:57:25,ST005,New York SoHo,Americas,US,SKU010,Cycling Jersey,Apparel,4,67.49,0.1,269.96,online,credit_card,CUST001963
768249d6-11cb-490e-8230-f925cff504ed,2024-01-02,10:45:01,ST004,Berlin Mitte,Europe,DE,SKU005,Training Shorts,Apparel,1,37.49,0.25,37.49,mobile_app,cash,CUST001150
53d893fc-26cd-4742-a201-fc02352749cc,2024-01-02,17:34:36,ST001,Paris Centre,Europe,FR,SKU009,Swim Goggles,Accessories,1,19.99,0,19.99,in_store,debit_card,CUST001538
ee345956-ab11-41e4-8b53-ad5c99aaebec,2024-01-02,18:59:34,ST004,Berlin Mitte,Europe,DE,SKU009,Swim Goggles,Accessories,1,19.99,0,19.99,in_store,credit_card,CUST000564
55859a22-75e8-4d4c-91aa-54432b26409d,2024-01-02,20:34:38,ST002,Casablanca Mall,Africa,MA,SKU004,Water Bottle,Accessories,4,24.99,0,99.96,online,mobile_pay,CUST001207
ac7d57f9-cd51-46f0-b3cf-e49273a3850a,2024-01-02,14:11:26,ST001,Paris Centre,Europe,FR,SKU008,Hiking Boots,Footwear,1,159.99,0,159.99,in_store,cash,CUST000783
fd21591c-f282-4c35-a2a2-2f17471cf982,2024-01-02,16:10:18,ST003,London Oxford,Europe,UK,SKU002,Sport Jacket,Apparel,1,89.99,0,89.99,in_store,debit_card,CUST000524
f756930f-c17f-44d4-9a69-fc6856f6c155,2024-01-02,18:10:03,ST001,Paris Centre,Europe,FR,SKU003,Yoga Mat,Accessories,3,35.99,0.1,107.97,mobile_app,cash,CUST000372
d230db10-e910-40a1-bb88-5da63198cd2d,2024-01-02,09:20:09,ST001,Paris Centre,Europe,FR,SKU001,Running Shoes,Footwear,3,116.99,0.1,350.97,online,cash,CUST000529
2ebfc0f0-06b3-4d4e-9594-9e15fa0bc7ab,2024-01-02,11:48:38,ST004,Berlin Mitte,Europe,DE,SKU002,Sport Jacket,Apparel,1,89.99,0,89.99,mobile_app,debit_card,CUST001010
ea738ef9-b19a-40d8-9a0c-045953631b69,2024-01-02,12:03:20,ST005,New York SoHo,Americas,US,SKU009,Swim Goggles,Accessories,4,19.99,0,79.96,online,mobile_pay,CUST000135
b12e51fc-48cb-43b9-9cc6-7bdb410a9bc7,2024-01-02,11:58:56,ST004,Berlin Mitte,Europe,DE,SKU001,Running Shoes,Footwear,4,103.99,0.2,415.96,in_store,cash,CUST001135
e8927ba4-2302-452f-838e-ca6cd7815bbb,2024-01-02,16:41:50,ST005,New York SoHo,Americas,US,SKU002,Sport Jacket,Apparel,2,67.49,0.25,134.98,in_store,cash,CUST001164
cdb833de-b4d4-4646-ac13-fc420dafcff6,2024-01-02,18:32:13,ST004,Berlin Mitte,Europe,DE,SKU008,Hiking Boots,Footwear,1,119.99,0.25,119.99,in_store,cash,CUST001107
8dfe8ba1-7441-4b92-90e3-cdb2d23d419d,2024-01-02,15:02:00,ST002,Casablanca Mall,Africa,MA,SKU004,Water Bottle,Accessories,4,21.24,0.15,84.96,online,cash,CUST001338
0ce4b60b-7c8f-4804-bc83-6cdf6406ead5,2024-01-02,12:38:16,ST002,Casablanca Mall,Africa,MA,SKU001,Running Shoes,Footwear,1,116.99,0.1,116.99,mobile_app,mobile_pay,CUST000720
c7875e2c-4b61-40a1-95dd-83a44b4750cf,2024-01-02,10:47:34,ST002,Casablanca Mall,Africa,MA,SKU010,Cycling Jersey,Apparel,3,74.99,0,224.97,mobile_app,credit_card,CUST000616
913e393f-f638-4d53-a69e-cd72405aa316,2024-01-02,10:46:35,ST001,Paris Centre,Europe,FR,SKU007,Tennis Racket,Equipment,1,149.99,0.25,149.99,online,mobile_pay,CUST000432
f9f7beb6-a978-470a-bbbc-0b0d61081bc1,2024-01-02,13:40:16,ST005,New York SoHo,Americas,US,SKU009,Swim Goggles,Accessories,3,15.99,0.2,47.97,mobile_app,mobile_pay,CUST000560
6fd20622-f946-42b9-adc1-9ca93c1f0031,2024-01-02,15:38:21,ST002,Casablanca Mall,Africa,MA,SKU006,Gym Bag,Accessories,3,59.99,0,179.97,in_store,debit_card,CUST001324
0632b5c3-b294-49d5-9755-87bfe37f4669,2024-01-02,08:43:11,ST001,Paris Centre,Europe,FR,SKU010,Cycling Jersey,Apparel,4,74.99,0,299.96,online,mobile_pay,CUST001562
6aa199d1-859c-42d1-8388-4588ac662a07,2024-01-02,18:41:04,ST004,Berlin Mitte,Europe,DE,SKU009,Swim Goggles,Accessories,1,14.99,0.25,14.99,mobile_app,credit_card,CUST001828
3ab3c9b6-e260-43e5-8bf4-dd734dc67bca,2024-01-02,14:52:38,ST004,Berlin Mitte,Europe,DE,SKU002,Sport Jacket,Apparel,3,67.49,0.25,202.47,online,mobile_pay,CUST000363
841718d3-7265-4636-b10f-3ed83d80c75b,2024-01-02,11:28:00,ST001,Paris Centre,Europe,FR,SKU002,Sport Jacket,Apparel,4,89.99,0,359.96,in_store,credit_card,CUST001554
fd920b70-f9f5-410d-8fa8-82a88131b2e2,2024-01-02,21:39:40,ST003,London Oxford,Europe,UK,SKU006,Gym Bag,Accessories,2,59.99,0,119.98,online,debit_card,CUST000480
a4f44a93-a22a-4035-bb97-796c73475691,2024-01-02,15:57:45,ST004,Berlin Mitte,Europe,DE,SKU006,Gym Bag,Accessories,1,59.99,0,59.99,mobile_app,debit_card,CUST000015
f2c1c844-b968-414b-99b9-441803df0fc9,2024-01-02,12:36:32,ST002,Casablanca Mall,Africa,MA,SKU007,Tennis Racket,Equipment,1,149.99,0.25,149.99,online,debit_card,CUST001131
699a0ad3-b094-4da1-b435-592e1fd781aa,2024-01-02,17:08:47,ST002,Casablanca Mall,Africa,MA,SKU010,Cycling Jersey,Apparel,2,74.99,0,149.98,in_store,debit_card,CUST000532
1eb2a533-35bc-49a8-ad46-54edef5cb861,2024-01-02,21:43:01,ST005,New York SoHo,Americas,US,SKU004,Water Bottle,Accessories,3,24.99,0,74.97,mobile_app,cash,CUST001395
af9b6052-396f-4a10-8109-6b376bdfaf84,2024-01-02,18:43:41,ST005,New York SoHo,Americas,US,SKU008,Hiking Boots,Footwear,1,143.99,0.1,143.99,in_store,cash,CUST000886
5129c3d0-d700-41dd-81d0-2a925b23e090,2024-01-02,16:29:31,ST004,Berlin Mitte,Europe,DE,SKU005,Training Shorts,Apparel,1,39.99,0.2,39.99,online,credit_card,CUST001811
77be6f4a-7145-4b74-afb3-56e9d8a4923e,2024-01-02,16:28:20,ST002,Casablanca Mall,Africa,MA,SKU001,Running Shoes,Footwear,3,116.99,0.1,350.97,in_store,mobile_pay,CUST000399
a51d5673-d1fc-4377-bb6b-4acdf5443493,2024-01-02,11:44:27,ST003,London Oxford,Europe,UK,SKU002,Sport Jacket,Apparel,1,71.99,0.2,71.99,in_store,debit_card,CUST000404
d2e1583a-4e6e-4e62-aa97-6016abfe9fac,2024-01-02,18:40:06,ST002,Casablanca Mall,Africa,MA,SKU006,Gym Bag,Accessories,3,59.99,0,179.97,in_store,mobile_pay,CUST000885
bfdabed7-435b-4b71-b439-cad1a316230f,2024-01-02,12:15:06,ST001,Paris Centre,Europe,FR,SKU010,Cycling Jersey,Apparel,3,56.24,0.25,168.72,online,debit_card,CUST001964
20745a3e-e9bb-4375-a311-e671f2f2b25c,2024-01-02,20:15:04,ST003,London Oxford,Europe,UK,SKU001,Running Shoes,Footwear,3,110.49,0.15,331.47,mobile_app,mobile_pay,CUST001565
ee8490e7-9942-40c6-aabb-4559ed7dcfee,2024-01-02,08:58:02,ST001,Paris Centre,Europe,FR,SKU008,Hiking Boots,Footwear,1,159.99,0,159.99,online,cash,CUST001823
f94d7ddc-15b7-4b93-8d28-e56fac911f9c,2024-01-02,15:03:19,ST001,Paris Centre,Europe,FR,SKU003,Yoga Mat,Accessories,1,29.99,0.25,29.99,mobile_app,mobile_pay,CUST000135
0540f583-d436-439b-b1f2-03db1ac2bae5,2024-01-02,21:24:25,ST001,Paris Centre,Europe,FR,SKU001,Running Shoes,Footwear,1,129.99,0,129.99,in_store,mobile_pay,CUST000478
644e110f-39d0-413f-9fe7-e32c99e3df91,2024-01-02,14:29:50,ST005,New York SoHo,Americas,US,SKU010,Cycling Jersey,Apparel,1,67.49,0.1,67.49,online,credit_card,CUST000696
1831d7b0-5b2a-45d6-8bc6-fd8cc234466b,2024-01-02,11:06:06,ST001,Paris Centre,Europe,FR,SKU008,Hiking Boots,Footwear,3,135.99,0.15,407.97,in_store,credit_card,CUST001215
92ada4af-bdc4-4fb3-8431-d5e550d8ebf7,2024-01-02,16:16:22,ST002,Casablanca Mall,Africa,MA,SKU010,Cycling Jersey,Apparel,2,59.99,0.2,119.98,online,mobile_pay,CUST001485
495854f8-828b-4f06-a477-d38eb239b98f,2024-01-02,10:51:02,ST005,New York SoHo,Americas,US,SKU008,Hiking Boots,Footwear,2,159.99,0,319.98,in_store,debit_card,CUST000639
2e350adc-02c9-4161-ab94-2795cb31552f,2024-01-02,17:56:34,ST005,New York SoHo,Americas,US,SKU007,Tennis Racket,Equipment,3,199.99,0,599.97,in_store,debit_card,CUST000962
5f69df39-0ac1-4c1b-b967-d13c5144bc5c,2024-01-02,13:00:33,ST003,London Oxford,Europe,UK,SKU010,Cycling Jersey,Apparel,3,74.99,0,224.97,mobile_app,debit_card,CUST000118
d07b120f-efa9-4397-81a2-81368e479507,2024-01-02,13:12:12,ST002,Casablanca Mall,Africa,MA,SKU009,Swim Goggles,Accessories,1,17.99,0.1,17.99,mobile_app,debit_card,CUST001609
041941d2-09e6-4ce8-962a-990132e3f0ed,2024-01-02,15:44:44,ST001,Paris Centre,Europe,FR,SKU006,Gym Bag,Accessories,2,47.99,0.2,95.98,online,cash,CUST001745
b5eaa4a1-6eb2-4cfa-9bf1-b8ce9ccc2bba,2024-01-02,12:26:21,ST005,New York SoHo,Americas,US,SKU010,Cycling Jersey,Apparel,3,63.74,0.15,191.22,in_store,credit_card,CUST000931
d518c696-393b-46b9-8043-38cf2cbb5f49,2024-01-02,18:14:44,ST001,Paris Centre,Europe,FR,SKU008,Hiking Boots,Footwear,2,159.99,0,319.98,in_store,mobile_pay,CUST001278
2f92f801-40ac-4780-8237-663bd9a8d329,2024-01-02,20:52:21,ST002,Casablanca Mall,Africa,MA,SKU004,Water Bottle,Accessories,4,19.99,0.2,79.96,mobile_app,mobile_pay,CUST000421
a7edc486-b4da-4bb6-b37d-df4856f8ea10,2024-01-02,08:04:22,ST004,Berlin Mitte,Europe,DE,SKU003,Yoga Mat,Accessories,1,39.99,0,39.99,in_store,credit_card,CUST000292
46928453-7ab0-426b-9768-760198089012,2024-01-02,17:58:48,ST003,London Oxford,Europe,UK,SKU008,Hiking Boots,Footwear,2,127.99,0.2,255.98,online,credit_card,CUST001998
5d5621cf-d191-4b20-a2bb-962da3f7cc64,2024-01-02,10:14:56,ST001,Paris Centre,Europe,FR,SKU004,Water Bottle,Accessories,2,24.99,0,49.98,online,debit_card,CUST000696
40f4dbee-e8fa-4a3d-857a-d0fed1545313,2024-01-02,08:11:53,ST005,New York SoHo,Americas,US,SKU004,Water Bottle,Accessories,2,24.99,0,49.98,online,credit_card,CUST000043
23ad0124-1764-4708-a744-a555e62c2b6e,2024-01-02,11:19:29,ST002,Casablanca Mall,Africa,MA,SKU007,Tennis Racket,Equipment,1,199.99,0,199.99,in_store,cash,CUST001658
c07c4105-0650-48f9-afad-4fb921de0dc3,2024-01-02,09:07:09,ST003,London Oxford,Europe,UK,SKU003,Yoga Mat,Accessories,4,31.99,0.2,127.96,in_store,debit_card,CUST000393
f9683a92-1dc8-4310-93ce-d8b8fcffcca5,2024-01-02,17:27:40,ST005,New York SoHo,Americas,US,SKU007,Tennis Racket,Equipment,3,199.99,0,599.97,in_store,credit_card,CUST001563
78d5a474-a9a1-45f8-9f47-3db1873b9d96,2024-01-02,16:18:50,ST005,New York SoHo,Americas,US,SKU010,Cycling Jersey,Apparel,2,56.24,0.25,112.48,in_store,cash,CUST000507
b3434f68-418d-4b89-9d0b-0fb6cf4a3658,2024-01-02,16:37:56,ST001,Paris Centre,Europe,FR,SKU005,Training Shorts,Apparel,2,37.49,0.25,74.98,online,debit_card,CUST001490
05c07ce5-25a6-4e95-8686-02167a1a2e35,2024-01-02,16:24:48,ST001,Paris Centre,Europe,FR,SKU008,Hiking Boots,Footwear,1,159.99,0,159.99,mobile_app,cash,CUST001022
4304cdf2-bd58-4903-8067-b525ba598027,2024-01-02,19:23:33,ST005,New York SoHo,Americas,US,SKU008,Hiking Boots,Footwear,2,159.99,0,319.98,mobile_app,mobile_pay,CUST001466
de567ed0-6004-470f-8b2e-a24a71a7c2e5,2024-01-02,14:40:58,ST004,Berlin Mitte,Europe,DE,SKU008,Hiking Boots,Footwear,3,135.99,0.15,407.97,mobile_app,credit_card,CUST000425
361e692e-d069-447a-9cb2-aedf462b2b07,2024-01-02,11:25:13,ST002,Casablanca Mall,Africa,MA,SKU004,Water Bottle,Accessories,4,18.74,0.25,74.96,online,mobile_pay,CUST001821
13ef62fb-7afa-4691-b810-f42911a24cdd,2024-01-02,13:16:35,ST004,Berlin Mitte,Europe,DE,SKU010,Cycling Jersey,Apparel,2,56.24,0.25,112.48,in_store,debit_card,CUST001540
37ee7fc9-4f73-402e-b1aa-7ede25f53359,2024-01-02,13:14:37,ST001,Paris Centre,Europe,FR,SKU005,Training Shorts,Apparel,4,42.49,0.15,169.96,in_store,mobile_pay,CUST001050
dd4fcf0a-bdd7-4e43-ab77-fb12b05e729f,2024-01-02,15:27:26,ST005,New York SoHo,Americas,US,SKU006,Gym Bag,Accessories,4,53.99,0.1,215.96,online,mobile_pay,CUST000650
6db8a0dc-8ca8-46ba-a918-6337be556967,2024-01-02,15:14:16,ST003,London Oxford,Europe,UK,SKU007,Tennis Racket,Equipment,1,199.99,0,199.99,mobile_app,credit_card,CUST000736
ac61fdab-3a0e-4bf5-8979-724b4a472c4d,2024-01-02,12:59:14,ST001,Paris Centre,Europe,FR,SKU005,Training Shorts,Apparel,1,37.49,0.25,37.49,in_store,credit_card,CUST000147
7afac4e1-aa3e-484b-ac6d-78637db49813,2024-01-02,11:43:21,ST003,London Oxford,Europe,UK,SKU001,Running Shoes,Footwear,2,129.99,0,259.98,online,cash,CUST001527
49b2b2d3-c95b-45ad-b829-0e5a60862e04,2024-01-02,20:45:47,ST003,London Oxford,Europe,UK,SKU004,Water Bottle,Accessories,2,18.74,0.25,37.48,mobile_app,cash,CUST000018
50c3d4c7-58aa-46bc-b7be-0f17dd81da3e,2024-01-02,14:25:52,ST003,London Oxford,Europe,UK,SKU005,Training Shorts,Apparel,3,37.49,0.25,112.47,mobile_app,credit_card,CUST000967
12683717-0fd4-4630-a941-984b6b9f8dea,2024-01-02,11:46:47,ST005,New York SoHo,Americas,US,SKU003,Yoga Mat,Accessories,4,39.99,0,159.96,in_store,mobile_pay,CUST000479
b192d91c-f696-4a43-9268-43fd41bf672d,2024-01-02,21:29:21,ST005,New York SoHo,Americas,US,SKU010,Cycling Jersey,Apparel,4,59.99,0.2,239.96,in_store,cash,CUST001733
bde95732-50a8-43bb-aa02-674cbc75262f,2024-01-02,15:28:54,ST002,Casablanca Mall,Africa,MA,SKU007,Tennis Racket,Equipment,4,199.99,0,799.96,mobile_app,credit_card,CUST000768
beab1a91-ae8e-4940-a902-2485462b0ae9,2024-01-02,19:00:31,ST002,Casablanca Mall,Africa,MA,SKU010,Cycling Jersey,Apparel,2,74.99,0,149.98,mobile_app,cash,CUST000696
68d22fdf-bf60-46e2-8c30-de1b3b16e196,2024-01-02,20:25:48,ST002,Casablanca Mall,Africa,MA,SKU007,Tennis Racket,Equipment,4,159.99,0.2,639.96,mobile_app,cash,CUST000668
538beda7-14ef-4135-928d-533d51c1fca1,2024-01-02,10:21:36,ST005,New York SoHo,Americas,US,SKU001,Running Shoes,Footwear,1,129.99,0,129.99,mobile_app,mobile_pay,CUST000781
fd17b652-bd9f-4cc3-a326-26c10eb0a427,2024-01-02,14:12:30,ST002,Casablanca Mall,Africa,MA,SKU007,Tennis Racket,Equipment,1,169.99,0.15,169.99,in_store,cash,CUST001167
9a1acd39-2346-4d2c-8a58-c6054f8e1dfa,2024-01-02,09:43:35,ST004,Berlin Mitte,Europe,DE,SKU005,Training Shorts,Apparel,1,49.99,0,49.99,in_store,credit_card,CUST001693
e8164b01-f48b-4bb8-9028-8a41adbc26fa,2024-01-02,11:04:58,ST005,New York SoHo,Americas,US,SKU008,Hiking Boots,Footwear,1,159.99,0,159.99,online,cash,CUST000422
5ffbf804-1a11-4a8e-9693-ff21e6635027,2024-01-02,08:23:33,ST002,Casablanca Mall,Africa,MA,SKU005,Training Shorts,Apparel,1,44.99,0.1,44.99,in_store,debit_card,CUST000670
afe72dfc-23ab-43a8-8e8a-c3983c4be955,2024-01-02,10:34:26,ST004,Berlin Mitte,Europe,DE,SKU007,Tennis Racket,Equipment,2,199.99,0,399.98,online,credit_card,CUST000797
f651f154-4256-4c39-ab96-a93cc415e29e,2024-01-02,14:52:45,ST002,Casablanca Mall,Africa,MA,SKU003,Yoga Mat,Accessories,2,39.99,0,79.98,mobile_app,mobile_pay,CUST000326
714ed3a6-869c-4897-834d-cde447c1323c,2024-01-02,11:32:45,ST005,New York SoHo,Americas,US,SKU010,Cycling Jersey,Apparel,3,63.74,0.15,191.22,mobile_app,mobile_pay,CUST000565
0b0c48c2-8ddb-4968-8799-ab03adbe3a8c,2024-01-02,09:52:25,ST002,Casablanca Mall,Africa,MA,SKU001,Running Shoes,Footwear,2,116.99,0.1,233.98,mobile_app,debit_card,CUST001077
d0a464e0-2302-4a0e-b779-e866a708adc4,2024-01-02,15:36:02,ST003,London Oxford,Europe,UK,SKU010,Cycling Jersey,Apparel,4,67.49,0.1,269.96,mobile_app,credit_card,CUST000590
1d723687-efe3-4d89-93f8-bf219095ea5a,2024-01-02,17:52:51,ST004,Berlin Mitte,Europe,DE,SKU006,Gym Bag,Accessories,3,53.99,0.1,161.97,in_store,mobile_pay,CUST000511
b2761a04-8895-4fe2-ac1f-7a41664b3dcd,2024-01-02,14:58:42,ST002,Casablanca Mall,Africa,MA,SKU010,Cycling Jersey,Apparel,4,67.49,0.1,269.96,in_store,credit_card,CUST000806
b63a461e-7cbc-4db2-b6d2-39b71755f29a,2024-01-02,18:34:18,ST001,Paris Centre,Europe,FR,SKU004,Water Bottle,Accessories,2,24.99,0,49.98,mobile_app,credit_card,CUST001430
7033f042-2996-4f0f-98b6-a67471a59d48,2024-01-02,16:07:23,ST002,Casablanca Mall,Africa,MA,SKU008,Hiking Boots,Footwear,4,119.99,0.25,479.96,in_store,credit_card,CUST001034
315d631b-57be-46a9-a114-70b23b05d256,2024-01-02,12:13:32,ST003,London Oxford,Europe,UK,SKU007,Tennis Racket,Equipment,4,199.99,0,799.96,in_store,mobile_pay,CUST000055
49f07de6-bb83-4081-83fa-433ee3e8072a,2024-01-02,19:25:54,ST001,Paris Centre,Europe,FR,SKU008,Hiking Boots,Footwear,4,159.99,0,639.96,in_store,mobile_pay,CUST000078
c224178a-a1db-48cf-a919-6a1b4f8435dd,2024-01-02,10:20:42,ST001,Paris Centre,Europe,FR,SKU005,Training Shorts,Apparel,1,39.99,0.2,39.99,mobile_app,mobile_pay,CUST000993
efde126f-9816-49e3-b575-5e1a859de426,2024-01-02,18:15:45,ST004,Berlin Mitte,Europe,DE,SKU002,Sport Jacket,Apparel,1,76.49,0.15,76.49,online,debit_card,CUST000965
2282f1ff-8027-4a8c-80a6-5dd3bed9ebd7,2024-01-02,08:38:06,ST003,London Oxford,Europe,UK,SKU003,Yoga Mat,Accessories,2,29.99,0.25,59.98,in_store,cash,CUST000255
2ad0a9bd-4e87-4b10-a4c4-c23429004dc9,2024-01-02,18:48:00,ST005,New York SoHo,Americas,US,SKU007,Tennis Racket,Equipment,2,199.99,0,399.98,mobile_app,cash,CUST000315
a1508384-cf58-48e2-891e-55bd044cdca4,2024-01-02,19:02:57,ST004,Berlin Mitte,Europe,DE,SKU006,Gym Bag,Accessories,2,59.99,0,119.98,mobile_app,debit_card,CUST000906
abea8246-6bc9-4878-92d6-d90a71841a61,2024-01-02,19:19:28,ST001,Paris Centre,Europe,FR,SKU009,Swim Goggles,Accessories,1,17.99,0.1,17.99,in_store,credit_card,CUST000100
0c3f8a7e-1a32-4a79-a773-f2be9f231a1a,2024-01-02,11:12:05,ST004,Berlin Mitte,Europe,DE,SKU004,Water Bottle,Accessories,2,24.99,0,49.98,in_store,mobile_pay,CUST000058
13ea16fe-22d1-42bc-8670-a962379b9282,2024-01-02,18:04:14,ST001,Paris Centre,Europe,FR,SKU006,Gym Bag,Accessories,2,47.99,0.2,95.98,in_store,debit_card,CUST001483
460ad3fb-1852-4fa7-80f8-42781f512405,2024-01-02,09:52:20,ST002,Casablanca Mall,Africa,MA,SKU001,Running Shoes,Footwear,4,110.49,0.15,441.96,online,debit_card,CUST001280
e0db49e1-7371-4c35-8081-375fa5bca655,2024-01-02,09:14:13,ST002,Casablanca Mall,Africa,MA,SKU009,Swim Goggles,Accessories,4,17.99,0.1,71.96,in_store,cash,CUST000663
efd55517-3415-4159-80f5-234d3e7f662b,2024-01-02,13:00:24,ST002,Casablanca Mall,Africa,MA,SKU001,Running Shoes,Footwear,4,103.99,0.2,415.96,in_store,mobile_pay,CUST000451
9b14ea08-7cba-415c-9e6d-f35ba30ec6e2,2024-01-02,09:56:13,ST001,Paris Centre,Europe,FR,SKU005,Training Shorts,Apparel,3,49.99,0,149.97,online,cash,CUST001572
1676b2e6-7a01-466c-be54-38f2c6e9a9f6,2024-01-02,16:50:59,ST005,New York SoHo,Americas,US,SKU008,Hiking Boots,Footwear,1,127.99,0.2,127.99,mobile_app,debit_card,CUST000516
2426fba0-9d71-4ac6-a876-644736dc166f,2024-01-02,19:24:43,ST001,Paris Centre,Europe,FR,SKU010,Cycling Jersey,Apparel,3,59.99,0.2,179.97,mobile_app,debit_card,CUST000681
060d6c00-c44e-4865-9ff2-e13128908abc,2024-01-02,13:01:38,ST002,Casablanca Mall,Africa,MA,SKU006,Gym Bag,Accessories,4,59.99,0,239.96,mobile_app,mobile_pay,CUST000784
4dbf4881-5891-429f-834c-cdc04e4215a6,2024-01-02,08:39:48,ST005,New York SoHo,Americas,US,SKU004,Water Bottle,Accessories,1,24.99,0,24.99,in_store,cash,CUST000485
7483b3b8-9872-42c6-a41e-8e557737c59d,2024-01-02,10:23:31,ST004,Berlin Mitte,Europe,DE,SKU004,Water Bottle,Accessories,1,24.99,0,24.99,online,debit_card,CUST000311
362a5079-d917-43a1-9aab-deb60b71fe1d,2024-01-02,19:38:28,ST004,Berlin Mitte,Europe,DE,SKU004,Water Bottle,Accessories,1,24.99,0,24.99,mobile_app,cash,CUST000275
808ee861-744c-4996-b9e9-93c0cbed197f,2024-01-02,20:26:41,ST003,London Oxford,Europe,UK,SKU006,Gym Bag,Accessories,1,50.99,0.15,50.99,online,credit_card,CUST000470
4d3ae016-68dd-4d64-803a-480d1ed822e1,2024-01-02,16:03:58,ST003,London Oxford,Europe,UK,SKU006,Gym Bag,Accessories,2,59.99,0,119.98,mobile_app,debit_card,CUST001642
5fb77722-7dfb-414e-8acd-6d7a50ffcf0b,2024-01-02,13:11:28,ST002,Casablanca Mall,Africa,MA,SKU010,Cycling Jersey,Apparel,4,63.74,0.15,254.96,mobile_app,credit_card,CUST000133
6c5ec08c-22f8-4762-af1b-0de8b06e7daa,2024-01-02,18:09:13,ST004,Berlin Mitte,Europe,DE,SKU002,Sport Jacket,Apparel,2,89.99,0,179.98,in_store,credit_card,CUST000356
7f6548dc-6315-4204-9830-7cd29c12ca5a,2024-01-02,16:05:27,ST005,New York SoHo,Americas,US,SKU009,Swim Goggles,Accessories,2,19.99,0,39.98,mobile_app,mobile_pay,CUST000638
3165fdbc-2616-434f-a729-84f5ad5c0fa2,2024-01-02,10:38:15,ST002,Casablanca Mall,Africa,MA,SKU004,Water Bottle,Accessories,2,22.49,0.1,44.98,online,cash,CUST001181
e91d311e-b6c3-4d9d-b25e-496b55a3d342,2024-01-02,20:30:05,ST004,Berlin Mitte,Europe,DE,SKU004,Water Bottle,Accessories,3,18.74,0.25,56.22,online,mobile_pay,CUST000774
7823d9c6-e1e9-4376-bdd1-86cee8da4e6b,2024-01-02,16:39:47,ST002,Casablanca Mall,Africa,MA,SKU008,Hiking Boots,Footwear,4,143.99,0.1,575.96,online,debit_card,CUST001679
a2f1e936-6e47-443e-b5e9-090a3586e0df,2024-01-02,21:05:48,ST004,Berlin Mitte,Europe,DE,SKU001,Running Shoes,Footwear,4,116.99,0.1,467.96,online,debit_card,CUST001133
046a047e-b2d1-49a8-be4e-1858e89db3eb,2024-01-02,12:29:18,ST002,Casablanca Mall,Africa,MA,SKU005,Training Shorts,Apparel,4,44.99,0.1,179.96,online,mobile_pay,CUST000148
c635fa8b-ff20-4d4c-8e61-f403ee0c5cbf,2024-01-02,10:58:12,ST003,London Oxford,Europe,UK,SKU003,Yoga Mat,Accessories,4,39.99,0,159.96,in_store,credit_card,CUST001765
c40fe11e-181d-4d58-9cdb-91b0339cceaa,2024-01-02,14:25:47,ST005,New York SoHo,Americas,US,SKU006,Gym Bag,Accessories,4,53.99,0.1,215.96,online,mobile_pay,CUST001003
b147f525-c0d0-49ff-b1a9-58a6da85150d,2024-01-02,08:58:07,ST003,London Oxford,Europe,UK,SKU010,Cycling Jersey,Apparel,1,67.49,0.1,67.49,online,debit_card,CUST000398
417938a2-686c-4dc7-be04-b843b128613b,2024-01-02,19:31:40,ST004,Berlin Mitte,Europe,DE,SKU005,Training Shorts,Apparel,3,42.49,0.15,127.47,mobile_app,cash,CUST001427
3e9380d4-b15b-43b4-a4e7-734f6e12cc81,2024-01-02,11:15:30,ST001,Paris Centre,Europe,FR,SKU007,Tennis Racket,Equipment,4,159.99,0.2,639.96,in_store,cash,CUST001293
41f7e7cd-8bb1-4dde-9701-469ba4225425,2024-01-02,15:43:09,ST001,Paris Centre,Europe,FR,SKU003,Yoga Mat,Accessories,3,33.99,0.15,101.97,online,debit_card,CUST001234
3716eb29-6cac-4860-a1ca-703a35dad238,2024-01-02,20:05:41,ST005,New York SoHo,Americas,US,SKU003,Yoga Mat,Accessories,1,39.99,0,39.99,mobile_app,mobile_pay,CUST000815
4e45c273-8d89-43a9-a10b-b2b8f4a0d706,2024-01-02,10:53:27,ST005,New York SoHo,Americas,US,SKU002,Sport Jacket,Apparel,2,80.99,0.1,161.98,online,cash,CUST001026
9c71a1bb-9ef4-4a78-bca5-5cfafc89d9ef,2024-01-02,14:48:56,ST005,New York SoHo,Americas,US,SKU007,Tennis Racket,Equipment,3,159.99,0.2,479.97,mobile_app,credit_card,CUST000224
f72f0617-2810-437a-99ac-5e067c0247b6,2024-01-02,19:13:59,ST005,New York SoHo,Americas,US,SKU006,Gym Bag,Accessories,2,59.99,0,119.98,mobile_app,mobile_pay,CUST001432
961f9846-0b84-4b7e-8e9a-c2b64f13f6b4,2024-01-02,15:00:06,ST003,London Oxford,Europe,UK,SKU001,Running Shoes,Footwear,2,97.49,0.25,194.98,in_store,mobile_pay,CUST001076
3d525b31-e7fd-4359-a95a-8906a6bc7d80,2024-01-02,10:23:11,ST004,Berlin Mitte,Europe,DE,SKU005,Training Shorts,Apparel,4,49.99,0,199.96,mobile_app,debit_card,CUST000406
0e613bd7-0463-432f-8c46-63014cc99a42,2024-01-02,17:52:13,ST004,Berlin Mitte,Europe,DE,SKU003,Yoga Mat,Accessories,1,35.99,0.1,35.99,in_store,debit_card,CUST000121
bb8d4ea2-7b4f-4062-8531-765a3d93d328,2024-01-02,14:28:40,ST002,Casablanca Mall,Africa,MA,SKU004,Water Bottle,Accessories,3,18.74,0.25,56.22,mobile_app,credit_card,CUST001779
42a38a62-544b-4421-a556-3590dca70417,2024-01-02,14:07:17,ST002,Casablanca Mall,Africa,MA,SKU002,Sport Jacket,Apparel,3,89.99,0,269.97,in_store,cash,CUST000061
e580d651-6eb4-417f-9cca-1a698d4e05c0,2024-01-02,18:48:06,ST005,New York SoHo,Americas,US,SKU004,Water Bottle,Accessories,4,22.49,0.1,89.96,in_store,credit_card,CUST000545
bc193821-559f-4cc8-883e-303033e40dde,2024-01-02,11:33:50,ST001,Paris Centre,Europe,FR,SKU010,Cycling Jersey,Apparel,1,74.99,0,74.99,in_store,mobile_pay,CUST001235
31d14a95-f06b-4d37-8054-9c7226c73cff,2024-01-02,20:21:38,ST005,New York SoHo,Americas,US,SKU005,Training Shorts,Apparel,4,44.99,0.1,179.96,online,cash,CUST000760
9d79cd1e-66fd-4016-9f08-6a9978e60ebd,2024-01-02,18:25:24,ST003,London Oxford,Europe,UK,SKU006,Gym Bag,Accessories,2,59.99,0,119.98,mobile_app,credit_card,CUST001998
98ad4ecd-8da8-44e3-9322-8db5d2abcdec,2024-01-02,15:55:44,ST003,London Oxford,Europe,UK,SKU006,Gym Bag,Accessories,1,59.99,0,59.99,online,debit_card,CUST000053
588368ee-0855-45ad-a866-0bef576530c3,2024-01-02,20:52:15,ST005,New York SoHo,Americas,US,SKU002,Sport Jacket,Apparel,3,71.99,0.2,215.97,online,mobile_pay,CUST001267
b67033be-6097-478d-81c5-e3df2b1a32af,2024-01-02,11:00:40,ST004,Berlin Mitte,Europe,DE,SKU009,Swim Goggles,Accessories,4,15.99,0.2,63.96,online,credit_card,CUST001298
beef7f86-50a2-48e4-bf19-6c95e0a32ffb,2024-01-02,15:14:38,ST003,London Oxford,Europe,UK,SKU001,Running Shoes,Footwear,3,103.99,0.2,311.97,online,mobile_pay,CUST001514
d81d4f1b-feaa-436e-b926-10ab4b577f91,2024-01-02,15:42:54,ST005,New York SoHo,Americas,US,SKU002,Sport Jacket,Apparel,3,80.99,0.1,242.97,mobile_app,credit_card,CUST001504
0df9d2d2-a0ad-465e-a80e-387dad9eb680,2024-01-02,10:55:33,ST004,Berlin Mitte,Europe,DE,SKU005,Training Shorts,Apparel,2,39.99,0.2,79.98,mobile_app,credit_card,CUST000262
dc932043-d483-4675-a126-d5642353e2ce,2024-01-02,18:35:55,ST004,Berlin Mitte,Europe,DE,SKU002,Sport Jacket,Apparel,3,67.49,0.25,202.47,online,debit_card,CUST001836
b12de233-3422-4fcb-b9a8-07ffff768450,2024-01-02,16:15:15,ST004,Berlin Mitte,Europe,DE,SKU002,Sport Jacket,Apparel,4,71.99,0.2,287.96,in_store,debit_card,CUST001543
f1e008ba-ec86-4cf2-afb1-e4c8626a168e,2024-01-02,08:10:59,ST001,Paris Centre,Europe,FR,SKU002,Sport Jacket,Apparel,4,71.99,0.2,287.96,online,mobile_pay,CUST001570
0c54e9df-a20b-46af-95b7-d9ce2d94436c,2024-01-02,15:57:42,ST003,London Oxford,Europe,UK,SKU004,Water Bottle,Accessories,3,19.99,0.2,59.97,in_store,debit_card,CUST001890
7be0ae14-ac2d-4853-bc70-d0f39b0f0fd9,2024-01-02,19:21:55,ST005,New York SoHo,Americas,US,SKU008,Hiking Boots,Footwear,1,119.99,0.25,119.99,in_store,credit_card,CUST001319
e96662c1-2a6d-43a6-b666-fa61957a9798,2024-01-02,18:50:35,ST003,London Oxford,Europe,UK,SKU007,Tennis Racket,Equipment,4,159.99,0.2,639.96,online,debit_card,CUST000458
05165dc9-bec2-4a2a-89c2-eee78ddfb591,2024-01-02,09:05:21,ST003,London Oxford,Europe,UK,SKU002,Sport Jacket,Apparel,3,89.99,0,269.97,mobile_app,debit_card,CUST001525
474bb1f9-683f-4ea9-be11-f6c59138867e,2024-01-03,21:20:24,ST001,Paris Centre,Europe,FR,SKU010,Cycling Jersey,Apparel,3,74.99,0,224.97,mobile_app,credit_card,CUST000637
0b732e14-7472-477e-a584-c7d00c480960,2024-01-03,14:27:20,ST001,Paris Centre,Europe,FR,SKU010,Cycling Jersey,Apparel,2,56.24,0.25,112.48,online,debit_card,CUST001065
c8f0118e-3214-43bf-aab6-7109fdcf7593,2024-01-03,14:00:34,ST005,New York SoHo,Americas,US,SKU010,Cycling Jersey,Apparel,2,74.99,0,149.98,online,cash,CUST000297
16d9d1e0-049b-4a0c-ab8e-15d7b09056d4,2024-01-03,15:09:38,ST003,London Oxford,Europe,UK,SKU004,Water Bottle,Accessories,4,19.99,0.2,79.96,online,debit_card,CUST001530
87625f25-904b-463e-805b-6faf425b2533,2024-01-03,16:44:07,ST001,Paris Centre,Europe,FR,SKU010,Cycling Jersey,Apparel,3,74.99,0,224.97,online,mobile_pay,CUST001293
35a47a9a-ed70-4d26-a68d-10a683e9f0a2,2024-01-03,14:03:51,ST002,Casablanca Mall,Africa,MA,SKU008,Hiking Boots,Footwear,3,127.99,0.2,383.97,online,debit_card,CUST001696
9ba0af3f-0afb-4236-bee1-139cc1fd0a4e,2024-01-03,20:11:54,ST002,Casablanca Mall,Africa,MA,SKU004,Water Bottle,Accessories,1,18.74,0.25,18.74,online,mobile_pay,CUST000613
1103f6dd-e184-4291-860e-9532d9c39d54,2024-01-03,14:43:30,ST002,Casablanca Mall,Africa,MA,SKU001,Running Shoes,Footwear,4,129.99,0,519.96,online,mobile_pay,CUST000801
6f10afff-1366-4a20-90f5-29dab63878df,2024-01-03,19:59:12,ST001,Paris Centre,Europe,FR,SKU009,Swim Goggles,Accessories,3,19.99,0,59.97,mobile_app,mobile_pay,CUST000200
69f626b5-8712-4f0d-b947-8a40b11affb9,2024-01-03,19:19:29,ST002,Casablanca Mall,Africa,MA,SKU006,Gym Bag,Accessories,1,44.99,0.25,44.99,mobile_app,debit_card,CUST001183
edbd66b3-c77c-452d-8a6f-4a8515031586,2024-01-03,10:13:13,ST002,Casablanca Mall,Africa,MA,SKU008,Hiking Boots,Footwear,4,159.99,0,639.96,mobile_app,debit_card,CUST001506
1d9fabae-733f-4c86-ba0c-a1b51cb591be,2024-01-03,20:54:09,ST001,Paris Centre,Europe,FR,SKU006,Gym Bag,Accessories,1,47.99,0.2,47.99,online,mobile_pay,CUST001392
aa880918-cd6b-4744-8b74-b41fa17d20f9,2024-01-03,15:11:03,ST002,Casablanca Mall,Africa,MA,SKU001,Running Shoes,Footwear,1,129.99,0,129.99,in_store,cash,CUST001216
0f5f938d-2b72-4403-97c9-4fea5efed5da,2024-01-03,08:07:15,ST004,Berlin Mitte,Europe,DE,SKU003,Yoga Mat,Accessories,4,39.99,0,159.96,online,mobile_pay,CUST000620
8c1f0184-d394-45da-941b-9b78ec3e6a6c,2024-01-03,19:50:42,ST005,New York SoHo,Americas,US,SKU003,Yoga Mat,Accessories,4,29.99,0.25,119.96,mobile_app,credit_card,CUST001593
31a305e0-cbae-43a1-ba3a-388a601efd10,2024-01-03,18:28:23,ST004,Berlin Mitte,Europe,DE,SKU007,Tennis Racket,Equipment,3,159.99,0.2,479.97,in_store,credit_card,CUST000239
3ed31a33-ca6e-4e55-9e6c-4126f1ed3a3a,2024-01-03,18:58:32,ST001,Paris Centre,Europe,FR,SKU002,Sport Jacket,Apparel,4,71.99,0.2,287.96,in_store,credit_card,CUST001202
3cfdf7e5-bf0b-41ed-a0b7-fe25a5d0fb26,2024-01-03,19:47:06,ST005,New York SoHo,Americas,US,SKU010,Cycling Jersey,Apparel,4,74.99,0,299.96,mobile_app,debit_card,CUST000787
4b92642f-7b3e-4c71-be8b-9330f7e278df,2024-01-03,10:06:20,ST004,Berlin Mitte,Europe,DE,SKU007,Tennis Racket,Equipment,3,169.99,0.15,509.97,in_store,debit_card,CUST000831
5135be11-38a4-401f-802f-8346289e7eda,2024-01-03,16:53:37,ST001,Paris Centre,Europe,FR,SKU007,Tennis Racket,Equipment,4,199.99,0,799.96,mobile_app,credit_card,CUST001544
c73aaefd-15ec-4ba0-ac0e-835ffee8ffd2,2024-01-03,17:44:11,ST002,Casablanca Mall,Africa,MA,SKU002,Sport Jacket,Apparel,2,67.49,0.25,134.98,in_store,mobile_pay,CUST001640
5969c0fb-44d0-472d-9408-addcd80efa20,2024-01-03,17:13:41,ST003,London Oxford,Europe,UK,SKU002,Sport Jacket,Apparel,1,89.99,0,89.99,in_store,credit_card,CUST001152
c1f7aadb-0ac2-48e4-a2fb-151ae9c8c719,2024-01-03,16:19:23,ST003,London Oxford,Europe,UK,SKU001,Running Shoes,Footwear,1,129.99,0,129.99,mobile_app,debit_card,CUST000867
3ee0fc3c-b3c6-4098-be92-1d9fceffef60,2024-01-03,16:57:50,ST001,Paris Centre,Europe,FR,SKU004,Water Bottle,Accessories,3,24.99,0,74.97,online,mobile_pay,CUST000287
cc43ccb4-1c4e-4baa-9d85-99cb3e2cb949,2024-01-03,13:38:34,ST005,New York SoHo,Americas,US,SKU008,Hiking Boots,Footwear,3,135.99,0.15,407.97,mobile_app,debit_card,CUST001409
1fa7fa2a-9c5a-422a-84ce-db0f919addf1,2024-01-03,11:09:19,ST001,Paris Centre,Europe,FR,SKU001,Running Shoes,Footwear,2,129.99,0,259.98,in_store,debit_card,CUST001234
18c922ed-d96b-44c4-b950-a2077bea73ae,2024-01-03,10:46:39,ST005,New York SoHo,Americas,US,SKU004,Water Bottle,Accessories,3,24.99,0,74.97,online,credit_card,CUST001127
20bb2da8-9c36-4874-9192-5936ec2335b5,2024-01-03,10:25:29,ST003,London Oxford,Europe,UK,SKU005,Training Shorts,Apparel,4,39.99,0.2,159.96,in_store,cash,CUST001386
7dd4840e-a092-4769-8a4f-db32fec80b4a,2024-01-03,18:46:17,ST004,Berlin Mitte,Europe,DE,SKU003,Yoga Mat,Accessories,2,39.99,0,79.98,mobile_app,debit_card,CUST001464
60ac024f-ab05-44e9-bb3a-5989c53699b8,2024-01-03,21:09:20,ST003,London Oxford,Europe,UK,SKU010,Cycling Jersey,Apparel,2,67.49,0.1,134.98,online,mobile_pay,CUST000054
36878b6e-b701-48ec-a831-5e65f734b206,2024-01-03,09:34:07,ST005,New York SoHo,Americas,US,SKU004,Water Bottle,Accessories,1,24.99,0,24.99,mobile_app,mobile_pay,CUST000136
20d65e3a-f54b-4eec-9178-2f8433bbea29,2024-01-03,20:17:09,ST003,London Oxford,Europe,UK,SKU002,Sport Jacket,Apparel,3,89.99,0,269.97,in_store,cash,CUST000021
c791cefd-cd20-4544-91a3-cc5d2d3c0126,2024-01-03,09:50:59,ST001,Paris Centre,Europe,FR,SKU007,Tennis Racket,Equipment,2,179.99,0.1,359.98,in_store,debit_card,CUST001079
754ee513-fd49-439a-8207-ca9225f516c6,2024-01-03,16:22:44,ST003,London Oxford,Europe,UK,SKU010,Cycling Jersey,Apparel,4,74.99,0,299.96,mobile_app,cash,CUST001130
f291c393-94a2-4f6a-92cd-a9214fd14f23,2024-01-03,10:20:48,ST003,London Oxford,Europe,UK,SKU010,Cycling Jersey,Apparel,1,74.99,0,74.99,online,debit_card,CUST000707
be7309b0-1556-4f3d-8784-6a2d6959c142,2024-01-03,17:08:16,ST005,New York SoHo,Americas,US,SKU009,Swim Goggles,Accessories,4,17.99,0.1,71.96,in_store,debit_card,CUST001347
012485a6-5514-49f5-9632-6ea3b94ac9ae,2024-01-03,19:17:03,ST002,Casablanca Mall,Africa,MA,SKU003,Yoga Mat,Accessories,4,33.99,0.15,135.96,mobile_app,cash,CUST001449
7e43aa82-7406-401d-b265-9e853e56cc41,2024-01-03,15:11:28,ST002,Casablanca Mall,Africa,MA,SKU010,Cycling Jersey,Apparel,4,59.99,0.2,239.96,online,mobile_pay,CUST001029
9c7cbe71-5fe1-47b4-b834-862fde5beebf,2024-01-03,19:56:59,ST003,London Oxford,Europe,UK,SKU005,Training Shorts,Apparel,4,42.49,0.15,169.96,in_store,cash,CUST001302
643145bd-4c6c-436f-b9e7-5bc74d7e068f,2024-01-03,13:54:05,ST001,Paris Centre,Europe,FR,SKU005,Training Shorts,Apparel,4,37.49,0.25,149.96,mobile_app,credit_card,CUST000158
9ca51c63-4144-4258-94a0-2d3fcdb570c4,2024-01-03,08:05:47,ST002,Casablanca Mall,Africa,MA,SKU002,Sport Jacket,Apparel,2,76.49,0.15,152.98,online,mobile_pay,CUST001656
b9535abd-aded-4a53-8a34-fa0a52b7127a,2024-01-03,15:32:43,ST001,Paris Centre,Europe,FR,SKU007,Tennis Racket,Equipment,2,179.99,0.1,359.98,mobile_app,credit_card,CUST000831
d37d955d-b2a0-4161-98f8-4657d845ae23,2024-01-03,19:00:45,ST001,Paris Centre,Europe,FR,SKU010,Cycling Jersey,Apparel,2,56.24,0.25,112.48,online,cash,CUST000501
0441e615-df79-4859-88fd-8cc3a756691f,2024-01-03,15:10:43,ST005,New York SoHo,Americas,US,SKU010,Cycling Jersey,Apparel,1,63.74,0.15,63.74,mobile_app,debit_card,CUST000359
084adcaa-88a9-4e36-bc30-cc74cb82515c,2024-01-03,13:03:27,ST001,Paris Centre,Europe,FR,SKU006,Gym Bag,Accessories,2,50.99,0.15,101.98,online,mobile_pay,CUST000350
b6e49c1d-f821-41a3-8c32-5449ea4e2ccf,2024-01-03,11:53:34,ST003,London Oxford,Europe,UK,SKU002,Sport Jacket,Apparel,3,71.99,0.2,215.97,in_store,cash,CUST000613
195a4d7b-64cc-496b-b20d-e3b9343ab59c,2024-01-03,08:47:40,ST004,Berlin Mitte,Europe,DE,SKU005,Training Shorts,Apparel,3,49.99,0,149.97,mobile_app,mobile_pay,CUST000446
aa6ba551-a30c-45e7-8de0-cd85f58eed49,2024-01-03,17:54:31,ST003,London Oxford,Europe,UK,SKU009,Swim Goggles,Accessories,1,17.99,0.1,17.99,in_store,cash,CUST000013
6be037a5-becc-4a69-b319-1369a2540aa2,2024-01-03,13:06:00,ST005,New York SoHo,Americas,US,SKU008,Hiking Boots,Footwear,3,159.99,0,479.97,online,debit_card,CUST000824
0236cfbc-c1ee-47fa-9a22-6862e1d7a667,2024-01-03,15:12:05,ST003,London Oxford,Europe,UK,SKU001,Running Shoes,Footwear,1,116.99,0.1,116.99,mobile_app,debit_card,CUST000842
c3335702-c9d3-478d-ab26-6d71b2f530a5,2024-01-03,20:42:16,ST001,Paris Centre,Europe,FR,SKU008,Hiking Boots,Footwear,1,159.99,0,159.99,in_store,mobile_pay,CUST000810
31167e94-f804-432c-b600-13512fcc4780,2024-01-03,10:34:51,ST003,London Oxford,Europe,UK,SKU005,Training Shorts,Apparel,3,44.99,0.1,134.97,online,credit_card,CUST000899
c0a36ca2-d59e-47ae-a377-65c391d72256,2024-01-03,19:27:00,ST004,Berlin Mitte,Europe,DE,SKU003,Yoga Mat,Accessories,2,39.99,0,79.98,online,debit_card,CUST000227
bc88324f-e85e-41ba-b5aa-17b1e938be83,2024-01-03,14:26:47,ST002,Casablanca Mall,Africa,MA,SKU005,Training Shorts,Apparel,1,49.99,0,49.99,online,credit_card,CUST000329
3a810f3a-dd90-4401-a0d3-40ba7e34d13e,2024-01-03,14:31:35,ST002,Casablanca Mall,Africa,MA,SKU008,Hiking Boots,Footwear,3,159.99,0,479.97,online,debit_card,CUST000666
8a6fb78f-5774-4478-bfd2-80145f464438,2024-01-03,09:06:50,ST004,Berlin Mitte,Europe,DE,SKU009,Swim Goggles,Accessories,4,19.99,0,79.96,in_store,debit_card,CUST000319
0e5d4350-998d-4a5c-a2ca-36460a888c54,2024-01-03,18:15:03,ST003,London Oxford,Europe,UK,SKU009,Swim Goggles,Accessories,1,14.99,0.25,14.99,mobile_app,cash,CUST000880
62998e0f-c16e-49e3-a903-11ad07a6bbee,2024-01-03,12:18:31,ST005,New York SoHo,Americas,US,SKU001,Running Shoes,Footwear,4,116.99,0.1,467.96,in_store,mobile_pay,CUST000508
f0616906-2066-4bd4-b65e-9032ea77d211,2024-01-03,12:49:07,ST005,New York SoHo,Americas,US,SKU003,Yoga Mat,Accessories,2,39.99,0,79.98,online,debit_card,CUST001365
e7de2a41-ea07-4f05-8b88-4d0352ac48fc,2024-01-03,20:51:06,ST004,Berlin Mitte,Europe,DE,SKU004,Water Bottle,Accessories,4,19.99,0.2,79.96,mobile_app,debit_card,CUST000387
5b02f877-6b6d-40f5-a5dc-c5117834b13e,2024-01-03,10:25:02,ST005,New York SoHo,Americas,US,SKU003,Yoga Mat,Accessories,2,39.99,0,79.98,online,debit_card,CUST001903
68f0523b-0886-4eba-8afb-7e4751ac7c98,2024-01-03,11:05:55,ST002,Casablanca Mall,Africa,MA,SKU007,Tennis Racket,Equipment,1,169.99,0.15,169.99,in_store,mobile_pay,CUST000835
aeb95606-141a-425a-8a54-01b5aec0fda1,2024-01-03,13:27:30,ST005,New York SoHo,Americas,US,SKU005,Training Shorts,Apparel,2,49.99,0,99.98,in_store,mobile_pay,CUST001319
8dca79f0-0b07-400a-932b-5d4273cb8bc0,2024-01-03,13:17:22,ST001,Paris Centre,Europe,FR,SKU005,Training Shorts,Apparel,1,49.99,0,49.99,mobile_app,mobile_pay,CUST000506
2599f300-ed2a-4015-b8ac-731c478d8450,2024-01-03,08:03:42,ST003,London Oxford,Europe,UK,SKU001,Running Shoes,Footwear,2,129.99,0,259.98,mobile_app,cash,CUST000435
5873f65d-81cf-45cd-b1eb-e873366ce575,2024-01-03,09:27:11,ST003,London Oxford,Europe,UK,SKU008,Hiking Boots,Footwear,3,135.99,0.15,407.97,online,mobile_pay,CUST000745
6eb6ea54-6b3a-4e70-87dd-19598eddea52,2024-01-03,18:00:43,ST003,London Oxford,Europe,UK,SKU005,Training Shorts,Apparel,1,49.99,0,49.99,mobile_app,debit_card,CUST000679
612f98a6-8279-4e68-a95b-2a119ead97bd,2024-01-03,18:17:13,ST003,London Oxford,Europe,UK,SKU006,Gym Bag,Accessories,3,59.99,0,179.97,mobile_app,mobile_pay,CUST000179
51be68a6-33d6-4e12-8af9-47416979e21f,2024-01-03,17:58:56,ST001,Paris Centre,Europe,FR,SKU003,Yoga Mat,Accessories,1,39.99,0,39.99,mobile_app,debit_card,CUST000396
6dad9146-76b7-4713-b510-03ff9dfd8ac3,2024-01-03,17:21:19,ST004,Berlin Mitte,Europe,DE,SKU002,Sport Jacket,Apparel,1,76.49,0.15,76.49,mobile_app,mobile_pay,CUST001559
b1f208fc-b8ae-4d6f-81c8-a6b40ebf1d39,2024-01-03,10:12:26,ST002,Casablanca Mall,Africa,MA,SKU009,Swim Goggles,Accessories,2,19.99,0,39.98,mobile_app,cash,CUST001826
e95feff2-2e02-4a72-893d-71070c4d0b60,2024-01-03,18:45:07,ST005,New York SoHo,Americas,US,SKU006,Gym Bag,Accessories,3,53.99,0.1,161.97,online,credit_card,CUST000989
bfcc5e5a-57af-4a76-bbf9-b09763e3ce40,2024-01-03,17:17:44,ST004,Berlin Mitte,Europe,DE,SKU009,Swim Goggles,Accessories,1,19.99,0,19.99,in_store,cash,CUST000094
7985df44-2471-49ab-8f8f-668f6d62dcfe,2024-01-03,21:25:31,ST005,New York SoHo,Americas,US,SKU001,Running Shoes,Footwear,2,103.99,0.2,207.98,mobile_app,credit_card,CUST000339
920c6cfa-af94-42bf-a0db-d6d7fdf4559e,2024-01-03,20:24:25,ST004,Berlin Mitte,Europe,DE,SKU009,Swim Goggles,Accessories,4,16.99,0.15,67.96,mobile_app,cash,CUST000424
10cddc06-379f-4ebb-933a-b14bbbb2b543,2024-01-03,11:37:44,ST002,Casablanca Mall,Africa,MA,SKU001,Running Shoes,Footwear,2,110.49,0.15,220.98,in_store,mobile_pay,CUST001032
3b0e83fc-fafc-42a3-bc92-fe55e860e2ac,2024-01-03,11:18:45,ST005,New York SoHo,Americas,US,SKU005,Training Shorts,Apparel,3,37.49,0.25,112.47,online,credit_card,CUST000351
afe380ef-322c-4a9f-ba6f-5b24dde2777b,2024-01-03,08:40:09,ST002,Casablanca Mall,Africa,MA,SKU001,Running Shoes,Footwear,2,129.99,0,259.98,online,debit_card,CUST000554
37cd7622-7007-4d86-8af3-4b16dc06663c,2024-01-03,09:00:41,ST001,Paris Centre,Europe,FR,SKU004,Water Bottle,Accessories,2,21.24,0.15,42.48,online,cash,CUST000665
40aedc2b-38ab-43ec-80e6-b3ce399d0325,2024-01-03,10:26:57,ST001,Paris Centre,Europe,FR,SKU009,Swim Goggles,Accessories,3,15.99,0.2,47.97,mobile_app,cash,CUST000665
49bcb7d7-960b-4f4f-aed3-e883f0630759,2024-01-03,19:17:11,ST001,Paris Centre,Europe,FR,SKU001,Running Shoes,Footwear,3,129.99,0,389.97,online,credit_card,CUST001101
3a3a7b7c-885f-463c-96fe-dd1e34df7057,2024-01-03,12:55:40,ST005,New York SoHo,Americas,US,SKU002,Sport Jacket,Apparel,4,71.99,0.2,287.96,mobile_app,debit_card,CUST001673
f16162ab-0f79-45e0-a96e-83db3e35b454,2024-01-03,11:37:40,ST004,Berlin Mitte,Europe,DE,SKU004,Water Bottle,Accessories,3,24.99,0,74.97,online,debit_card,CUST000914
fecaa0ff-aa84-4813-9206-9bb0a6dc7f4e,2024-01-03,15:05:31,ST002,Casablanca Mall,Africa,MA,SKU007,Tennis Racket,Equipment,3,199.99,0,599.97,in_store,mobile_pay,CUST000379
7de7c512-0c2b-42b8-91f4-a54435840fa7,2024-01-03,10:41:18,ST002,Casablanca Mall,Africa,MA,SKU004,Water Bottle,Accessories,4,19.99,0.2,79.96,in_store,cash,CUST000334
232dc3ca-9995-4184-b95a-bd9b20399786,2024-01-03,10:04:27,ST002,Casablanca Mall,Africa,MA,SKU007,Tennis Racket,Equipment,2,199.99,0,399.98,in_store,mobile_pay,CUST001862
bc156dc5-3f97-4f97-a21d-68538af8993c,2024-01-03,20:51:00,ST004,Berlin Mitte,Europe,DE,SKU002,Sport Jacket,Apparel,2,71.99,0.2,143.98,mobile_app,credit_card,CUST000774
6cd77af8-116c-466d-9582-7d9a2bf5608f,2024-01-03,08:48:53,ST004,Berlin Mitte,Europe,DE,SKU001,Running Shoes,Footwear,1,97.49,0.25,97.49,mobile_app,credit_card,CUST000271
841fabaa-a808-4ec6-a460-9fc651744458,2024-01-03,18:38:00,ST002,Casablanca Mall,Africa,MA,SKU002,Sport Jacket,Apparel,3,89.99,0,269.97,in_store,credit_card,CUST001111
59f48e5e-0e05-40ef-a65d-8f4f625a84f4,2024-01-03,15:48:36,ST003,London Oxford,Europe,UK,SKU002,Sport Jacket,Apparel,2,89.99,0,179.98,online,debit_card,CUST000630
74d45193-4526-42e8-bce2-6f21b9440dc2,2024-01-03,08:34:44,ST003,London Oxford,Europe,UK,SKU008,Hiking Boots,Footwear,2,159.99,0,319.98,online,credit_card,CUST000044
e6a0d64a-8491-434f-b9a6-4b6fd78fd7fb,2024-01-03,16:56:53,ST001,Paris Centre,Europe,FR,SKU002,Sport Jacket,Apparel,3,89.99,0,269.97,online,debit_card,CUST000003
a69b21f1-d780-4a24-8f9d-9a7014499b26,2024-01-03,14:09:22,ST002,Casablanca Mall,Africa,MA,SKU001,Running Shoes,Footwear,2,116.99,0.1,233.98,mobile_app,cash,CUST000463
79151d0d-d1a9-44d5-8b6e-54054bbee00a,2024-01-03,09:14:06,ST004,Berlin Mitte,Europe,DE,SKU002,Sport Jacket,Apparel,4,89.99,0,359.96,online,cash,CUST000157
6fd66ec7-d66f-4fb5-a786-f6ae5d6429d9,2024-01-03,09:57:02,ST005,New York SoHo,Americas,US,SKU006,Gym Bag,Accessories,1,59.99,0,59.99,mobile_app,debit_card,CUST000365
61c74f84-824d-45b6-8522-f2cbff0678ba,2024-01-03,10:43:27,ST004,Berlin Mitte,Europe,DE,SKU009,Swim Goggles,Accessories,3,16.99,0.15,50.97,in_store,cash,CUST001280
3310bac9-e802-40cf-b413-05d5efebd8f5,2024-01-03,15:42:23,ST003,London Oxford,Europe,UK,SKU006,Gym Bag,Accessories,1,59.99,0,59.99,online,credit_card,CUST001616
518d2eb0-dc86-41a4-92b5-82bee739bf15,2024-01-03,10:24:28,ST001,Paris Centre,Europe,FR,SKU003,Yoga Mat,Accessories,2,39.99,0,79.98,mobile_app,mobile_pay,CUST001669
d9b7fee5-8283-41ef-a39d-6eb6c26cdfb1,2024-01-03,12:09:05,ST001,Paris Centre,Europe,FR,SKU002,Sport Jacket,Apparel,4,71.99,0.2,287.96,online,debit_card,CUST000373
9bd11a39-8d95-43b3-847e-8242f78bf52c,2024-01-03,14:30:44,ST004,Berlin Mitte,Europe,DE,SKU006,Gym Bag,Accessories,3,53.99,0.1,161.97,online,cash,CUST000284
6775ce32-c733-4e1f-a61b-ab92e33e57c5,2024-01-03,15:34:34,ST002,Casablanca Mall,Africa,MA,SKU007,Tennis Racket,Equipment,4,169.99,0.15,679.96,online,debit_card,CUST000788
5d920599-3da4-49b0-a878-96c8b56886e1,2024-01-03,17:49:44,ST001,Paris Centre,Europe,FR,SKU010,Cycling Jersey,Apparel,4,63.74,0.15,254.96,mobile_app,debit_card,CUST001440
1153bf46-ae16-4eff-b58b-2b39c62808d8,2024-01-03,11:54:01,ST001,Paris Centre,Europe,FR,SKU004,Water Bottle,Accessories,3,24.99,0,74.97,online,mobile_pay,CUST001962
d090d766-a631-4c64-a1f6-7b04c4fbd760,2024-01-03,13:54:54,ST002,Casablanca Mall,Africa,MA,SKU002,Sport Jacket,Apparel,1,89.99,0,89.99,in_store,cash,CUST000943
fc2f440f-f79c-43f5-a9a6-e8168952e108,2024-01-03,11:52:14,ST002,Casablanca Mall,Africa,MA,SKU009,Swim Goggles,Accessories,4,19.99,0,79.96,in_store,debit_card,CUST000241
78ea1821-6fa6-4473-843c-5d0d40a000eb,2024-01-03,14:23:03,ST002,Casablanca Mall,Africa,MA,SKU007,Tennis Racket,Equipment,1,159.99,0.2,159.99,mobile_app,credit_card,CUST001358
da96cae1-346e-4e81-816c-c78ce4afda1b,2024-01-03,17:55:10,ST005,New York SoHo,Americas,US,SKU002,Sport Jacket,Apparel,4,67.49,0.25,269.96,in_store,debit_card,CUST000749
202e23c1-0183-4181-886e-f8ae358117e6,2024-01-03,08:36:53,ST002,Casablanca Mall,Africa,MA,SKU002,Sport Jacket,Apparel,2,89.99,0,179.98,online,debit_card,CUST001568
990a9fb8-ac1d-4c83-9844-1dcd196cf779,2024-01-03,16:44:19,ST002,Casablanca Mall,Africa,MA,SKU008,Hiking Boots,Footwear,2,127.99,0.2,255.98,online,mobile_pay,CUST001480
a2cde00b-73bb-4edb-95fb-49321ee31145,2024-01-03,09:09:03,ST003,London Oxford,Europe,UK,SKU008,Hiking Boots,Footwear,1,159.99,0,159.99,mobile_app,credit_card,CUST001238
7c15ecf8-d5ab-4031-b347-719f03578537,2024-01-03,14:53:27,ST002,Casablanca Mall,Africa,MA,SKU009,Swim Goggles,Accessories,2,19.99,0,39.98,mobile_app,mobile_pay,CUST001135
f2e616e5-e1cb-40c0-bb5f-bcf48456c669,2024-01-03,11:27:59,ST003,London Oxford,Europe,UK,SKU010,Cycling Jersey,Apparel,3,59.99,0.2,179.97,in_store,cash,CUST001993
db56bf36-5f8a-4b1e-95ed-899421a5b80b,2024-01-03,19:13:25,ST001,Paris Centre,Europe,FR,SKU009,Swim Goggles,Accessories,4,19.99,0,79.96,mobile_app,credit_card,CUST000449
e2ce4e78-e3b0-40cd-9ed9-dd2cf283160a,2024-01-03,19:29:30,ST004,Berlin Mitte,Europe,DE,SKU003,Yoga Mat,Accessories,1,29.99,0.25,29.99,online,mobile_pay,CUST001695
f4e90e11-3432-4e17-9c33-f7e22b3f75bc,2024-01-03,13:41:27,ST004,Berlin Mitte,Europe,DE,SKU003,Yoga Mat,Accessories,1,29.99,0.25,29.99,in_store,cash,CUST000223
59ef68fd-6f94-4c8f-879c-c698c34a13da,2024-01-03,20:54:21,ST001,Paris Centre,Europe,FR,SKU002,Sport Jacket,Apparel,3,76.49,0.15,229.47,in_store,debit_card,CUST000578
04e583ee-a3a0-401a-9630-f8c84c5d3cfe,2024-01-03,11:38:00,ST002,Casablanca Mall,Africa,MA,SKU009,Swim Goggles,Accessories,1,19.99,0,19.99,online,debit_card,CUST001130
c65a2ab0-c125-4674-93cb-8a28eeb99137,2024-01-03,09:36:36,ST002,Casablanca Mall,Africa,MA,SKU001,Running Shoes,Footwear,2,129.99,0,259.98,in_store,mobile_pay,CUST000094
5ccc1a2d-676b-44f1-93d1-f4db128415ae,2024-01-03,08:22:48,ST001,Paris Centre,Europe,FR,SKU006,Gym Bag,Accessories,1,59.99,0,59.99,online,mobile_pay,CUST001025
d47e8bf2-9fe6-4652-99c8-cf39087e101c,2024-01-03,13:08:44,ST002,Casablanca Mall,Africa,MA,SKU006,Gym Bag,Accessories,4,47.99,0.2,191.96,mobile_app,credit_card,CUST000679
87a07830-12ad-465d-93d2-2e0631c6eb45,2024-01-03,20:49:09,ST004,Berlin Mitte,Europe,DE,SKU009,Swim Goggles,Accessories,1,16.99,0.15,16.99,in_store,mobile_pay,CUST000977
583fa30f-898b-4af9-8c20-a5f54d54ff0e,2024-01-03,10:43:29,ST005,New York SoHo,Americas,US,SKU001,Running Shoes,Footwear,3,129.99,0,389.97,in_store,credit_card,CUST001952
1a371931-4c87-48dd-a46a-18163ab31fc2,2024-01-03,19:10:32,ST002,Casablanca Mall,Africa,MA,SKU004,Water Bottle,Accessories,2,18.74,0.25,37.48,mobile_app,cash,CUST000917
0b4c1e31-88a9-4d7f-9fd9-616d9cda9ca3,2024-01-03,17:54:27,ST002,Casablanca Mall,Africa,MA,SKU006,Gym Bag,Accessories,3,59.99,0,179.97,in_store,mobile_pay,CUST000490
1fb87094-6d25-416b-b4e7-350a045dd509,2024-01-03,17:40:31,ST002,Casablanca Mall,Africa,MA,SKU010,Cycling Jersey,Apparel,1,74.99,0,74.99,in_store,credit_card,CUST000293
df95c1b9-9e65-48fc-88a6-0bbe3bbba35f,2024-01-03,09:29:20,ST003,London Oxford,Europe,UK,SKU009,Swim Goggles,Accessories,1,17.99,0.1,17.99,in_store,cash,CUST000331
4f1b4b72-b595-4435-8f97-782749f3dc32,2024-01-03,09:04:11,ST001,Paris Centre,Europe,FR,SKU005,Training Shorts,Apparel,3,49.99,0,149.97,mobile_app,mobile_pay,CUST000529
a3977a08-607d-4472-8821-fbfcb32bbc65,2024-01-03,10:07:36,ST004,Berlin Mitte,Europe,DE,SKU005,Training Shorts,Apparel,4,39.99,0.2,159.96,online,credit_card,CUST000745
50c802a3-932d-496e-a892-15df72744eba,2024-01-03,17:58:43,ST003,London Oxford,Europe,UK,SKU007,Tennis Racket,Equipment,4,149.99,0.25,599.96,in_store,mobile_pay,CUST000752
a93eb0ff-f451-4fff-8453-dec76c5fbf49,2024-01-03,09:43:26,ST005,New York SoHo,Americas,US,SKU010,Cycling Jersey,Apparel,3,74.99,0,224.97,mobile_app,mobile_pay,CUST000539
6e81a058-508e-4915-b6e6-3fc51d617530,2024-01-03,20:15:44,ST001,Paris Centre,Europe,FR,SKU010,Cycling Jersey,Apparel,1,59.99,0.2,59.99,mobile_app,credit_card,CUST000317
feaa66e9-9d43-45ee-96b0-d532f17ea8c3,2024-01-03,17:25:54,ST001,Paris Centre,Europe,FR,SKU005,Training Shorts,Apparel,4,49.99,0,199.96,in_store,debit_card,CUST000796
1e2019bf-de83-4626-92fd-d13a47a85bfc,2024-01-03,15:41:34,ST004,Berlin Mitte,Europe,DE,SKU002,Sport Jacket,Apparel,3,80.99,0.1,242.97,online,credit_card,CUST000176
e98a531e-2468-4f64-a0e8-9aaf2111848e,2024-01-03,14:12:25,ST002,Casablanca Mall,Africa,MA,SKU002,Sport Jacket,Apparel,4,67.49,0.25,269.96,online,credit_card,CUST000650
a06c7440-67b5-4a64-af21-3f82d1ebd296,2024-01-03,19:47:30,ST003,London Oxford,Europe,UK,SKU010,Cycling Jersey,Apparel,4,74.99,0,299.96,in_store,cash,CUST000931
b8169975-16d6-4c2b-a70f-394974fb159d,2024-01-03,10:40:13,ST001,Paris Centre,Europe,FR,SKU009,Swim Goggles,Accessories,2,17.99,0.1,35.98,online,credit_card,CUST001232
99a7de78-7e99-45e8-86f6-7fc585b07bf0,2024-01-03,14:30:13,ST004,Berlin Mitte,Europe,DE,SKU001,Running Shoes,Footwear,3,97.49,0.25,292.47,in_store,debit_card,CUST001778
31a7d807-9a3e-4b41-9863-b1cded79ee3a,2024-01-03,18:11:05,ST001,Paris Centre,Europe,FR,SKU007,Tennis Racket,Equipment,3,199.99,0,599.97,in_store,credit_card,CUST000561
42a793ac-40dc-4bda-a57e-139541f77730,2024-01-03,19:28:55,ST004,Berlin Mitte,Europe,DE,SKU002,Sport Jacket,Apparel,3,67.49,0.25,202.47,online,debit_card,CUST001372
e075af7c-cc0a-4c6d-96cc-4293325c319e,2024-01-03,14:21:48,ST003,London Oxford,Europe,UK,SKU003,Yoga Mat,Accessories,1,39.99,0,39.99,online,debit_card,CUST000407
bb5c6fa5-47b4-4cd5-a8b9-f425abd6bb74,2024-01-03,16:44:50,ST003,London Oxford,Europe,UK,SKU007,Tennis Racket,Equipment,4,179.99,0.1,719.96,in_store,mobile_pay,CUST000727
7e7418df-fa24-47bc-b631-b044b5d7133c,2024-01-03,20:57:38,ST005,New York SoHo,Americas,US,SKU007,Tennis Racket,Equipment,1,169.99,0.15,169.99,in_store,credit_card,CUST001481
3733520d-6ef0-4dfb-9ee5-9ed5a1753cdc,2024-01-03,18:52:46,ST005,New York SoHo,Americas,US,SKU010,Cycling Jersey,Apparel,2,74.99,0,149.98,mobile_app,cash,CUST000030
b4ad1e66-6dc6-4e47-875b-c26d2cdf9d95,2024-01-03,21:20:07,ST002,Casablanca Mall,Africa,MA,SKU008,Hiking Boots,Footwear,2,143.99,0.1,287.98,mobile_app,mobile_pay,CUST000539
a33cc3ec-18ef-40da-9c15-a55ba4641779,2024-01-03,21:08:40,ST005,New York SoHo,Americas,US,SKU001,Running Shoes,Footwear,4,97.49,0.25,389.96,online,credit_card,CUST000075
82376e02-d5f8-4381-8fdf-182b7639a04d,2024-01-03,16:49:10,ST002,Casablanca Mall,Africa,MA,SKU004,Water Bottle,Accessories,4,19.99,0.2,79.96,mobile_app,mobile_pay,CUST000443
419b7f09-c774-4024-bae7-746b6dc47f9b,2024-01-03,17:00:23,ST003,London Oxford,Europe,UK,SKU004,Water Bottle,Accessories,2,19.99,0.2,39.98,online,credit_card,CUST000619
28802cfc-7bad-4fb7-9883-2eb37046a6dd,2024-01-03,15:41:29,ST003,London Oxford,Europe,UK,SKU009,Swim Goggles,Accessories,1,15.99,0.2,15.99,online,mobile_pay,CUST000721
5c19b65e-aac4-48f2-a2be-58ae918b89ea,2024-01-03,20:21:07,ST003,London Oxford,Europe,UK,SKU009,Swim Goggles,Accessories,4,16.99,0.15,67.96,in_store,mobile_pay,CUST000878
91c534a9-5936-4f2c-b619-487439e8a303,2024-01-03,14:24:18,ST003,London Oxford,Europe,UK,SKU003,Yoga Mat,Accessories,2,33.99,0.15,67.98,mobile_app,mobile_pay,CUST001299
410d47c2-4992-43ef-86a6-a4a618acd6d1,2024-01-03,20:53:06,ST003,London Oxford,Europe,UK,SKU010,Cycling Jersey,Apparel,1,74.99,0,74.99,in_store,credit_card,CUST001263
b440180b-1c7e-49ef-8975-45953ca9382a,2024-01-03,20:39:59,ST004,Berlin Mitte,Europe,DE,SKU002,Sport Jacket,Apparel,4,71.99,0.2,287.96,mobile_app,credit_card,CUST001298
f300c0c7-7d52-4aac-a2da-d81c2330e1f4,2024-01-03,12:54:26,ST004,Berlin Mitte,Europe,DE,SKU009,Swim Goggles,Accessories,1,15.99,0.2,15.99,in_store,debit_card,CUST001592
c8183377-c004-4139-add8-613ec87a86a5,2024-01-03,11:54:30,ST004,Berlin Mitte,Europe,DE,SKU009,Swim Goggles,Accessories,4,19.99,0,79.96,in_store,cash,CUST001982
596b051f-705c-4d6d-b45d-a17382314a68,2024-01-03,13:50:14,ST004,Berlin Mitte,Europe,DE,SKU007,Tennis Racket,Equipment,4,199.99,0,799.96,mobile_app,cash,CUST000549
66b056c7-e68d-4fc2-afae-b480f919b031,2024-01-03,11:00:57,ST003,London Oxford,Europe,UK,SKU005,Training Shorts,Apparel,4,39.99,0.2,159.96,online,credit_card,CUST000032
65cc8821-852d-40c3-9316-649adbb708ef,2024-01-03,21:33:52,ST001,Paris Centre,Europe,FR,SKU003,Yoga Mat,Accessories,3,29.99,0.25,89.97,mobile_app,cash,CUST000687
ede448c5-dc45-4a7d-9df4-2987a89f2151,2024-01-03,16:25:12,ST002,Casablanca Mall,Africa,MA,SKU010,Cycling Jersey,Apparel,4,74.99,0,299.96,mobile_app,mobile_pay,CUST001697
9c66f7d4-68ea-4e9e-bd04-23ad64c86c1b,2024-01-03,18:24:46,ST001,Paris Centre,Europe,FR,SKU010,Cycling Jersey,Apparel,4,74.99,0,299.96,in_store,mobile_pay,CUST001852
a3bd6553-46e4-4568-9ad7-ea0c521143ee,2024-01-03,11:06:45,ST003,London Oxford,Europe,UK,SKU009,Swim Goggles,Accessories,2,17.99,0.1,35.98,in_store,credit_card,CUST001294
1b092ee3-8908-4654-be3c-5cc12736cdec,2024-01-03,16:10:20,ST005,New York SoHo,Americas,US,SKU007,Tennis Racket,Equipment,3,149.99,0.25,449.97,in_store,credit_card,CUST000192
0072dc8f-9d1a-4d1d-afa0-72be0f0e905b,2024-01-03,20:37:09,ST001,Paris Centre,Europe,FR,SKU007,Tennis Racket,Equipment,1,159.99,0.2,159.99,in_store,credit_card,CUST001172
d5983eba-aba0-4514-82c1-6359c01c2b8e,2024-01-03,18:40:49,ST004,Berlin Mitte,Europe,DE,SKU001,Running Shoes,Footwear,2,116.99,0.1,233.98,online,debit_card,CUST000491
472eb546-06aa-4fca-8c3d-480db6b94d4b,2024-01-03,21:15:46,ST002,Casablanca Mall,Africa,MA,SKU005,Training Shorts,Apparel,2,42.49,0.15,84.98,online,cash,CUST001351
525312a7-b3ab-4d32-9da4-15e08a323129,2024-01-03,18:01:40,ST001,Paris Centre,Europe,FR,SKU005,Training Shorts,Apparel,1,49.99,0,49.99,mobile_app,credit_card,CUST000228
4d621bd4-e992-4a87-9153-5b3fbc103a09,2024-01-03,10:18:16,ST004,Berlin Mitte,Europe,DE,SKU010,Cycling Jersey,Apparel,1,74.99,0,74.99,in_store,credit_card,CUST000159
4f79584a-c19a-445a-aad0-bd1313b59c85,2024-01-03,09:31:50,ST004,Berlin Mitte,Europe,DE,SKU006,Gym Bag,Accessories,2,53.99,0.1,107.98,in_store,mobile_pay,CUST000151
ce76a77f-5c84-480d-83e8-342cd87765cb,2024-01-03,14:24:56,ST004,Berlin Mitte,Europe,DE,SKU002,Sport Jacket,Apparel,2,71.99,0.2,143.98,online,mobile_pay,CUST001656
8ea41b0d-b287-4500-886b-1764a244f431,2024-01-03,10:42:36,ST002,Casablanca Mall,Africa,MA,SKU003,Yoga Mat,Accessories,3,39.99,0,119.97,mobile_app,credit_card,CUST000241
02b5332d-09bd-4bcb-bbba-11ce438f4fa5,2024-01-03,17:34:00,ST003,London Oxford,Europe,UK,SKU006,Gym Bag,Accessories,4,50.99,0.15,203.96,in_store,cash,CUST001898
3743ef96-f008-4c9e-b1cd-48357b75090e,2024-01-03,08:33:32,ST001,Paris Centre,Europe,FR,SKU004,Water Bottle,Accessories,1,21.24,0.15,21.24,in_store,debit_card,CUST001776
60125b8d-0530-4df9-b6e3-53e2d3b469e9,2024-01-03,13:08:14,ST003,London Oxford,Europe,UK,SKU002,Sport Jacket,Apparel,2,89.99,0,179.98,in_store,debit_card,CUST000549
809ce063-dbfb-4079-bad2-eeda0f4e2983,2024-01-03,13:45:35,ST003,London Oxford,Europe,UK,SKU008,Hiking Boots,Footwear,2,159.99,0,319.98,mobile_app,cash,CUST000957
e46229ea-ac1c-47c8-9a70-86939e522b75,2024-01-03,12:11:12,ST004,Berlin Mitte,Europe,DE,SKU007,Tennis Racket,Equipment,4,199.99,0,799.96,mobile_app,cash,CUST001970
a9468df7-3762-41cd-9710-cd87094444b7,2024-01-03,20:13:46,ST004,Berlin Mitte,Europe,DE,SKU002,Sport Jacket,Apparel,3,89.99,0,269.97,online,mobile_pay,CUST001809
b373e2b2-fd70-4d81-aded-dd2b294b785c,2024-01-03,13:39:06,ST004,Berlin Mitte,Europe,DE,SKU007,Tennis Racket,Equipment,3,149.99,0.25,449.97,mobile_app,mobile_pay,CUST000880
7541bba0-dd42-408f-b184-d96ec5831bc9,2024-01-03,18:52:04,ST002,Casablanca Mall,Africa,MA,SKU010,Cycling Jersey,Apparel,3,74.99,0,224.97,online,debit_card,CUST001822
f00531f7-06aa-45f4-bc1a-f53dfdc3467f,2024-01-03,14:18:38,ST001,Paris Centre,Europe,FR,SKU009,Swim Goggles,Accessories,3,16.99,0.15,50.97,mobile_app,cash,CUST000816
21b81564-343d-41c5-b374-1a8723282305,2024-01-03,13:27:50,ST001,Paris Centre,Europe,FR,SKU002,Sport Jacket,Apparel,2,67.49,0.25,134.98,in_store,cash,CUST000503
b0875770-5881-4c21-8206-1a6689284faf,2024-01-03,10:49:20,ST001,Paris Centre,Europe,FR,SKU004,Water Bottle,Accessories,3,24.99,0,74.97,in_store,credit_card,CUST000653
9be87e0c-ae3b-4193-b1d6-09df472ccaf9,2024-01-03,17:50:20,ST001,Paris Centre,Europe,FR,SKU006,Gym Bag,Accessories,2,53.99,0.1,107.98,in_store,credit_card,CUST000790
1e06e79c-ddb4-40d5-9cfc-7a013ba9aa0d,2024-01-03,11:06:35,ST003,London Oxford,Europe,UK,SKU010,Cycling Jersey,Apparel,2,63.74,0.15,127.48,online,credit_card,CUST001176
299cb82a-3e1c-4056-95d5-b7cc87e547d0,2024-01-03,13:12:12,ST004,Berlin Mitte,Europe,DE,SKU007,Tennis Racket,Equipment,3,149.99,0.25,449.97,in_store,mobile_pay,CUST001022
2210cf5e-3dee-4554-8bf0-df84166401d0,2024-01-03,09:28:10,ST001,Paris Centre,Europe,FR,SKU005,Training Shorts,Apparel,4,49.99,0,199.96,mobile_app,cash,CUST001211
4269a9f3-5cdb-4a57-9dbc-8b577309ba61,2024-01-03,08:41:50,ST004,Berlin Mitte,Europe,DE,SKU004,Water Bottle,Accessories,1,24.99,0,24.99,mobile_app,credit_card,CUST001868
665ec6ed-5b9f-4970-a51b-e193974aa968,2024-01-03,14:02:57,ST004,Berlin Mitte,Europe,DE,SKU005,Training Shorts,Apparel,2,37.49,0.25,74.98,mobile_app,credit_card,CUST000691
7afe7836-a74e-4396-8ab7-411aea5d1e7d,2024-01-03,21:51:26,ST001,Paris Centre,Europe,FR,SKU002,Sport Jacket,Apparel,4,89.99,0,359.96,mobile_app,cash,CUST000563
0a1c2082-84e7-4a6d-9b28-e51ea33df7d6,2024-01-03,16:49:20,ST003,London Oxford,Europe,UK,SKU006,Gym Bag,Accessories,4,59.99,0,239.96,online,credit_card,CUST000806
e8c6f4f3-d56f-4eba-a901-96042f8c9b79,2024-01-03,18:58:07,ST003,London Oxford,Europe,UK,SKU008,Hiking Boots,Footwear,4,119.99,0.25,479.96,online,credit_card,CUST000060
838ad7d3-6d57-47ca-a101-0c183a096e25,2024-01-03,09:20:55,ST002,Casablanca Mall,Africa,MA,SKU001,Running Shoes,Footwear,1,129.99,0,129.99,mobile_app,mobile_pay,CUST000464
5e52330f-1597-4448-a795-39203e0edd58,2024-01-03,20:23:52,ST002,Casablanca Mall,Africa,MA,SKU002,Sport Jacket,Apparel,2,71.99,0.2,143.98,mobile_app,credit_card,CUST001914
f4f8e2cb-f531-4bc6-8974-496bc4215170,2024-01-03,08:19:04,ST001,Paris Centre,Europe,FR,SKU005,Training Shorts,Apparel,1,49.99,0,49.99,online,cash,CUST001409
acbdee46-32ab-4683-8c21-e817458a19ab,2024-01-03,10:59:08,ST005,New York SoHo,Americas,US,SKU007,Tennis Racket,Equipment,3,159.99,0.2,479.97,mobile_app,mobile_pay,CUST000246
64346f96-1677-41b1-8d37-3e62c39c80ad,2024-01-03,17:56:54,ST002,Casablanca Mall,Africa,MA,SKU006,Gym Bag,Accessories,2,44.99,0.25,89.98,online,mobile_pay,CUST001369
047d72e3-6740-4733-8566-8d82f924f219,2024-01-03,15:42:31,ST001,Paris Centre,Europe,FR,SKU009,Swim Goggles,Accessories,2,16.99,0.15,33.98,online,cash,CUST001583
2622d7ae-a5af-4b13-aee7-0f70d40af38d,2024-01-03,20:18:45,ST004,Berlin Mitte,Europe,DE,SKU004,Water Bottle,Accessories,1,24.99,0,24.99,in_store,cash,CUST001144
a4a8d1cf-87f1-45a4-b3f9-e8fa1577ef4c,2024-01-03,15:03:13,ST002,Casablanca Mall,Africa,MA,SKU004,Water Bottle,Accessories,1,24.99,0,24.99,in_store,debit_card,CUST000959
fb44b528-f6c4-48d8-9575-3622476f5384,2024-01-03,13:13:52,ST004,Berlin Mitte,Europe,DE,SKU004,Water Bottle,Accessories,4,24.99,0,99.96,mobile_app,cash,CUST001558
c1eb4c20-0c03-4416-8600-3e3c8f5653b2,2024-01-03,16:06:58,ST003,London Oxford,Europe,UK,SKU008,Hiking Boots,Footwear,2,119.99,0.25,239.98,in_store,debit_card,CUST001878
9ecbf45a-5870-435a-9dc7-13f519579cf6,2024-01-03,17:32:12,ST003,London Oxford,Europe,UK,SKU007,Tennis Racket,Equipment,4,149.99,0.25,599.96,online,debit_card,CUST000141
8b1e056c-1573-4360-9a26-9dbcff5fbe92,2024-01-03,12:55:36,ST003,London Oxford,Europe,UK,SKU007,Tennis Racket,Equipment,2,159.99,0.2,319.98,mobile_app,credit_card,CUST000302
b8270908-128f-4e5f-b048-da01471351b8,2024-01-03,08:57:29,ST004,Berlin Mitte,Europe,DE,SKU002,Sport Jacket,Apparel,1,89.99,0,89.99,in_store,cash,CUST000059
7a908335-110f-47cf-86dc-9040911dc107,2024-01-03,12:07:59,ST004,Berlin Mitte,Europe,DE,SKU009,Swim Goggles,Accessories,4,19.99,0,79.96,mobile_app,credit_card,CUST000726
1d9613ee-0e0d-4fb6-a693-b8124d542df5,2024-01-03,16:27:32,ST004,Berlin Mitte,Europe,DE,SKU004,Water Bottle,Accessories,2,22.49,0.1,44.98,online,credit_card,CUST000904
266d6180-b97c-49f1-b3f3-c87f631bd97e,2024-01-03,18:24:46,ST003,London Oxford,Europe,UK,SKU006,Gym Bag,Accessories,1,59.99,0,59.99,online,debit_card,CUST000603
f5feab0a-d414-4e6c-ac2d-2b7ec50d0ffa,2024-01-03,12:33:38,ST002,Casablanca Mall,Africa,MA,SKU007,Tennis Racket,Equipment,2,169.99,0.15,339.98,online,mobile_pay,CUST000224
8f6010d9-fb9c-4682-a0ec-c6d7eb64cda1,2024-01-03,09:03:57,ST001,Paris Centre,Europe,FR,SKU004,Water Bottle,Accessories,1,24.99,0,24.99,in_store,cash,CUST000489
6018bbc7-9145-41ff-9123-f979b181c23f,2024-01-03,11:56:39,ST001,Paris Centre,Europe,FR,SKU009,Swim Goggles,Accessories,1,19.99,0,19.99,mobile_app,mobile_pay,CUST000803
1179ff11-5690-4a49-af70-a13c320699b7,2024-01-03,21:56:44,ST004,Berlin Mitte,Europe,DE,SKU002,Sport Jacket,Apparel,2,71.99,0.2,143.98,online,mobile_pay,CUST000422
6a7589f9-fb7a-418b-b2ac-84793e97a9aa,2024-01-03,12:45:38,ST002,Casablanca Mall,Africa,MA,SKU004,Water Bottle,Accessories,3,19.99,0.2,59.97,online,credit_card,CUST000194
c2afd859-b459-44a4-9f9e-975779513cf2,2024-01-03,12:54:58,ST002,Casablanca Mall,Africa,MA,SKU009,Swim Goggles,Accessories,4,15.99,0.2,63.96,mobile_app,debit_card,CUST000349
19a5e369-36a6-4349-abb9-4ddac5dc6ab5,2024-01-03,13:57:29,ST003,London Oxford,Europe,UK,SKU002,Sport Jacket,Apparel,2,89.99,0,179.98,in_store,credit_card,CUST001365
7f8d9be6-e671-409c-a6ce-bb223e8c9df1,2024-01-03,10:16:56,ST004,Berlin Mitte,Europe,DE,SKU007,Tennis Racket,Equipment,3,199.99,0,599.97,in_store,debit_card,CUST001392
a6b2385f-0966-455a-8884-cf51ccf62e5e,2024-01-03,17:00:31,ST001,Paris Centre,Europe,FR,SKU010,Cycling Jersey,Apparel,3,67.49,0.1,202.47,in_store,mobile_pay,CUST000225
a69bfca7-7cbf-4556-aae2-13239459d425,2024-01-03,11:33:32,ST001,Paris Centre,Europe,FR,SKU001,Running Shoes,Footwear,3,97.49,0.25,292.47,in_store,debit_card,CUST001588
77d83321-1716-422e-a275-9ac76de95dda,2024-01-03,19:21:28,ST001,Paris Centre,Europe,FR,SKU002,Sport Jacket,Apparel,3,67.49,0.25,202.47,online,cash,CUST001118
0fc69cef-e8f1-4d51-b774-ff287be26e48,2024-01-03,15:00:52,ST003,London Oxford,Europe,UK,SKU008,Hiking Boots,Footwear,3,159.99,0,479.97,online,cash,CUST001455
7e4a39ba-9190-4705-8919-cb8b1a50bdd2,2024-01-03,12:43:33,ST003,London Oxford,Europe,UK,SKU009,Swim Goggles,Accessories,4,19.99,0,79.96,mobile_app,credit_card,CUST000303
01a9b7f4-356a-49e0-8e6b-867d3bc3bad5,2024-01-03,15:01:15,ST004,Berlin Mitte,Europe,DE,SKU004,Water Bottle,Accessories,2,24.99,0,49.98,mobile_app,mobile_pay,CUST000737
b9899bf5-6d36-4223-845d-68c78264880f,2024-01-03,18:06:17,ST002,Casablanca Mall,Africa,MA,SKU002,Sport Jacket,Apparel,2,80.99,0.1,161.98,mobile_app,mobile_pay,CUST001963
d191e53d-a0d6-4c42-b4ee-6247136946b9,2024-01-03,13:56:21,ST005,New York SoHo,Americas,US,SKU003,Yoga Mat,Accessories,3,31.99,0.2,95.97,online,mobile_pay,CUST001936
4daace0a-2a30-4857-b596-e1ff9dee6f8b,2024-01-03,17:33:44,ST003,London Oxford,Europe,UK,SKU005,Training Shorts,Apparel,2,49.99,0,99.98,online,credit_card,CUST000888
6cf41b94-a462-4158-94f0-0bed78378918,2024-01-03,09:00:31,ST004,Berlin Mitte,Europe,DE,SKU010,Cycling Jersey,Apparel,3,74.99,0,224.97,mobile_app,debit_card,CUST000956
61d90001-f74d-44f6-9c21-62dccd8c7b50,2024-01-03,16:42:10,ST002,Casablanca Mall,Africa,MA,SKU009,Swim Goggles,Accessories,3,16.99,0.15,50.97,online,mobile_pay,CUST000591
e8f5ff60-8f03-4fa5-b05a-9a18754e18a6,2024-01-03,08:13:18,ST001,Paris Centre,Europe,FR,SKU005,Training Shorts,Apparel,1,44.99,0.1,44.99,mobile_app,credit_card,CUST000109
25609b18-36d2-4e89-beb7-9e9f596a76d7,2024-01-03,13:42:53,ST004,Berlin Mitte,Europe,DE,SKU005,Training Shorts,Apparel,1,44.99,0.1,44.99,in_store,credit_card,CUST000515
b81b07f1-e132-4a7b-8db6-0654c7dd4228,2024-01-03,21:32:42,ST002,Casablanca Mall,Africa,MA,SKU006,Gym Bag,Accessories,3,44.99,0.25,134.97,mobile_app,debit_card,CUST001954
0d548e28-86ba-42f1-9604-0a122eae3a69,2024-01-03,11:27:37,ST001,Paris Centre,Europe,FR,SKU005,Training Shorts,Apparel,2,39.99,0.2,79.98,in_store,cash,CUST000449
2a9692eb-80d2-417c-bd12-ae2d9732b154,2024-01-03,20:43:40,ST001,Paris Centre,Europe,FR,SKU008,Hiking Boots,Footwear,3,159.99,0,479.97,online,mobile_pay,CUST000818
94bfab63-55b1-4d30-b07c-cf56c501293b,2024-01-03,12:11:36,ST001,Paris Centre,Europe,FR,SKU005,Training Shorts,Apparel,3,42.49,0.15,127.47,online,cash,CUST001648
f881343d-a67a-4360-8229-5a4bccfe629e,2024-01-03,10:26:35,ST005,New York SoHo,Americas,US,SKU003,Yoga Mat,Accessories,2,39.99,0,79.98,in_store,cash,CUST000625
882b0d29-d1aa-4274-be20-faf4e9bef0f4,2024-01-03,10:24:50,ST001,Paris Centre,Europe,FR,SKU005,Training Shorts,Apparel,4,42.49,0.15,169.96,online,credit_card,CUST000284
cb6cc380-2b96-4aca-9171-f48e47cf5dcd,2024-01-03,18:45:22,ST005,New York SoHo,Americas,US,SKU008,Hiking Boots,Footwear,3,135.99,0.15,407.97,online,cash,CUST000876
d9ecd991-35aa-4774-b0f5-e5786a7d08ed,2024-01-03,08:58:35,ST004,Berlin Mitte,Europe,DE,SKU007,Tennis Racket,Equipment,4,179.99,0.1,719.96,in_store,mobile_pay,CUST000182
ead4f4dd-6aa6-4d9a-a858-cdc15c4f6929,2024-01-03,11:37:32,ST002,Casablanca Mall,Africa,MA,SKU010,Cycling Jersey,Apparel,3,56.24,0.25,168.72,online,debit_card,CUST001272
7742f436-6521-4c38-98e8-acd72c15b13c,2024-01-03,20:54:25,ST005,New York SoHo,Americas,US,SKU010,Cycling Jersey,Apparel,3,74.99,0,224.97,in_store,mobile_pay,CUST001373
c4f4d477-2a5f-49ff-ae9e-c9afb219c58d,2024-01-03,08:05:03,ST001,Paris Centre,Europe,FR,SKU008,Hiking Boots,Footwear,4,119.99,0.25,479.96,online,credit_card,CUST000683
d0b74dc1-a4a7-4a05-b809-a37499615aa7,2024-01-03,15:44:21,ST005,New York SoHo,Americas,US,SKU002,Sport Jacket,Apparel,3,76.49,0.15,229.47,in_store,credit_card,CUST001517
dec1fc96-414b-45d5-b43c-2fc486bae241,2024-01-03,11:33:09,ST005,New York SoHo,Americas,US,SKU009,Swim Goggles,Accessories,1,15.99,0.2,15.99,mobile_app,mobile_pay,CUST000280
8d1beb20-59f5-479c-97fb-acbbef96dde6,2024-01-03,12:46:59,ST002,Casablanca Mall,Africa,MA,SKU003,Yoga Mat,Accessories,3,31.99,0.2,95.97,in_store,mobile_pay,CUST001278
14c95523-e75a-4e08-8140-3a85a5beec8f,2024-01-03,10:38:56,ST002,Casablanca Mall,Africa,MA,SKU002,Sport Jacket,Apparel,1,89.99,0,89.99,in_store,credit_card,CUST000507
9fee47ea-33a8-4198-a501-098729a3da2d,2024-01-03,21:32:28,ST002,Casablanca Mall,Africa,MA,SKU002,Sport Jacket,Apparel,4,89.99,0,359.96,online,credit_card,CUST001897
b28ec0f7-ddfd-47fb-af18-d3a80b9c98fa,2024-01-03,10:52:15,ST001,Paris Centre,Europe,FR,SKU005,Training Shorts,Apparel,4,44.99,0.1,179.96,mobile_app,cash,CUST001683
32a8846d-5b72-48e5-b032-ec724d6fb59c,2024-01-03,10:40:01,ST005,New York SoHo,Americas,US,SKU008,Hiking Boots,Footwear,1,143.99,0.1,143.99,in_store,debit_card,CUST001677
3852ec14-f135-4b0f-a9ea-93106e237e6a,2024-01-03,15:18:18,ST002,Casablanca Mall,Africa,MA,SKU003,Yoga Mat,Accessories,2,35.99,0.1,71.98,mobile_app,credit_card,CUST001965
dd60e873-07ff-422d-bf64-9ecc4fc8c056,2024-01-03,12:25:24,ST005,New York SoHo,Americas,US,SKU008,Hiking Boots,Footwear,3,127.99,0.2,383.97,mobile_app,credit_card,CUST000951
26c994e6-5c44-4505-8f17-87e77f2e9c75,2024-01-03,12:29:07,ST004,Berlin Mitte,Europe,DE,SKU007,Tennis Racket,Equipment,2,199.99,0,399.98,mobile_app,mobile_pay,CUST000023
aaed04d1-434a-4389-86a2-37906696b7a8,2024-01-03,18:57:42,ST005,New York SoHo,Americas,US,SKU005,Training Shorts,Apparel,1,39.99,0.2,39.99,mobile_app,mobile_pay,CUST000088
442028d7-9aac-4b7f-8b4b-05240729a5a4,2024-01-03,15:17:00,ST003,London Oxford,Europe,UK,SKU003,Yoga Mat,Accessories,4,31.99,0.2,127.96,in_store,cash,CUST001026
01cbc6c4-fa9d-4a10-8957-4408bb37eba6,2024-01-03,16:24:32,ST005,New York SoHo,Americas,US,SKU004,Water Bottle,Accessories,3,19.99,0.2,59.97,in_store,debit_card,CUST001344
0a65d0cb-ce76-4c4a-a31b-7f7c31ebbff2,2024-01-03,19:54:50,ST002,Casablanca Mall,Africa,MA,SKU006,Gym Bag,Accessories,3,53.99,0.1,161.97,in_store,cash,CUST001608
9b1e9f09-fa9a-4125-bf6f-b08b440c9745,2024-01-03,18:30:24,ST003,London Oxford,Europe,UK,SKU007,Tennis Racket,Equipment,1,149.99,0.25,149.99,online,debit_card,CUST001180
4954de17-a5f5-4bb9-9376-ad8bf6e76a53,2024-01-03,19:20:37,ST005,New York SoHo,Americas,US,SKU009,Swim Goggles,Accessories,3,19.99,0,59.97,mobile_app,cash,CUST001198
4f43ab2b-2aef-4a77-8207-907de4f7b085,2024-01-03,08:54:46,ST005,New York SoHo,Americas,US,SKU007,Tennis Racket,Equipment,1,199.99,0,199.99,in_store,debit_card,CUST000198
034f8194-98e3-442e-8872-c8e715193499,2024-01-03,20:14:49,ST001,Paris Centre,Europe,FR,SKU008,Hiking Boots,Footwear,4,159.99,0,639.96,mobile_app,debit_card,CUST000216
c0b48039-c2f7-4f5f-a5d6-5bf6e2910190,2024-01-03,08:39:16,ST002,Casablanca Mall,Africa,MA,SKU007,Tennis Racket,Equipment,4,199.99,0,799.96,in_store,credit_card,CUST001735
e0b2d014-2e1f-4470-ba67-01bd3f4b535b,2024-01-03,18:53:01,ST001,Paris Centre,Europe,FR,SKU008,Hiking Boots,Footwear,3,135.99,0.15,407.97,in_store,cash,CUST000221
33922d89-979d-4d7f-a0fa-5108d3387cd4,2024-01-03,17:35:12,ST004,Berlin Mitte,Europe,DE,SKU007,Tennis Racket,Equipment,2,159.99,0.2,319.98,in_store,cash,CUST001006
86082733-fed6-4baf-808b-7e3e50b16b4a,2024-01-03,19:10:27,ST004,Berlin Mitte,Europe,DE,SKU005,Training Shorts,Apparel,2,49.99,0,99.98,mobile_app,debit_card,CUST000177
774ee457-4466-4c6a-adc5-0db9c4eef062,2024-01-03,08:51:08,ST005,New York SoHo,Americas,US,SKU001,Running Shoes,Footwear,1,129.99,0,129.99,in_store,cash,CUST001586
832747a9-5c64-4e93-b823-e4bd0bf6b667,2024-01-03,10:43:46,ST004,Berlin Mitte,Europe,DE,SKU010,Cycling Jersey,Apparel,1,74.99,0,74.99,mobile_app,mobile_pay,CUST000390
31d19b01-bf3b-43e6-a295-2d66789f80a6,2024-01-03,13:22:39,ST002,Casablanca Mall,Africa,MA,SKU010,Cycling Jersey,Apparel,4,63.74,0.15,254.96,mobile_app,debit_card,CUST001642
0e5c05ce-bf75-4064-ab9e-6b97ae17e30a,2024-01-03,14:55:04,ST001,Paris Centre,Europe,FR,SKU008,Hiking Boots,Footwear,4,127.99,0.2,511.96,mobile_app,credit_card,CUST000261
f3a29e34-10f4-4ef3-9b5b-0e7b70498281,2024-01-03,15:14:03,ST005,New York SoHo,Americas,US,SKU005,Training Shorts,Apparel,1,49.99,0,49.99,mobile_app,cash,CUST000047
25873e3b-e4e4-4269-81fc-a6762bf5ef07,2024-01-03,19:22:04,ST002,Casablanca Mall,Africa,MA,SKU005,Training Shorts,Apparel,3,44.99,0.1,134.97,in_store,cash,CUST000154
96cc30ce-df38-423a-bae3-58259f8b06e5,2024-01-03,16:59:39,ST005,New York SoHo,Americas,US,SKU010,Cycling Jersey,Apparel,2,56.24,0.25,112.48,mobile_app,cash,CUST000818
2e09d496-c00c-4289-9bcc-50eb286e8a83,2024-01-03,15:59:58,ST005,New York SoHo,Americas,US,SKU001,Running Shoes,Footwear,1,110.49,0.15,110.49,online,credit_card,CUST000067
26ce8537-bb87-4347-aebd-3b5e753e753f,2024-01-03,13:56:48,ST003,London Oxford,Europe,UK,SKU007,Tennis Racket,Equipment,3,199.99,0,599.97,in_store,debit_card,CUST000419
ececf547-4119-49bd-806d-600c14fe3734,2024-01-03,15:04:51,ST005,New York SoHo,Americas,US,SKU006,Gym Bag,Accessories,1,59.99,0,59.99,mobile_app,credit_card,CUST000709
e13fac4c-0a1e-4475-a51f-a281ebbf7d6a,2024-01-03,15:08:17,ST001,Paris Centre,Europe,FR,SKU007,Tennis Racket,Equipment,1,169.99,0.15,169.99,mobile_app,credit_card,CUST000214
7ad28bae-6d7e-4ff1-9c65-b4a0e237665f,2024-01-03,13:27:30,ST001,Paris Centre,Europe,FR,SKU008,Hiking Boots,Footwear,2,127.99,0.2,255.98,online,debit_card,CUST000044
31cf5678-4c47-4f64-b332-0046f76be3ab,2024-01-03,17:55:24,ST001,Paris Centre,Europe,FR,SKU001,Running Shoes,Footwear,2,110.49,0.15,220.98,mobile_app,credit_card,CUST001132
b0836945-9a77-4f66-82ac-e28a761c3d5f,2024-01-03,14:44:08,ST004,Berlin Mitte,Europe,DE,SKU001,Running Shoes,Footwear,4,97.49,0.25,389.96,online,mobile_pay,CUST001126
9e003bb4-43d4-4ff8-850b-b768475d59e2,2024-01-03,17:57:23,ST002,Casablanca Mall,Africa,MA,SKU002,Sport Jacket,Apparel,4,89.99,0,359.96,online,debit_card,CUST000703
53888f09-8c35-41d9-a205-a30f730543c7,2024-01-03,09:37:00,ST004,Berlin Mitte,Europe,DE,SKU001,Running Shoes,Footwear,2,129.99,0,259.98,in_store,mobile_pay,CUST001531
a33da034-949b-492f-8aaa-6b32c25ba899,2024-01-03,08:55:46,ST005,New York SoHo,Americas,US,SKU010,Cycling Jersey,Apparel,1,56.24,0.25,56.24,in_store,credit_card,CUST000157
78beb762-2e95-4dec-b8a6-c3173c29b23f,2024-01-03,12:02:20,ST001,Paris Centre,Europe,FR,SKU003,Yoga Mat,Accessories,4,39.99,0,159.96,online,debit_card,CUST000599
7f1e485f-9cb9-481b-aa45-338adadcb0e4,2024-01-03,18:07:42,ST002,Casablanca Mall,Africa,MA,SKU010,Cycling Jersey,Apparel,4,67.49,0.1,269.96,in_store,credit_card,CUST000513
5a775f13-df5e-4f8e-8aae-f5bc383a16e8,2024-01-03,19:52:22,ST005,New York SoHo,Americas,US,SKU004,Water Bottle,Accessories,4,19.99,0.2,79.96,in_store,mobile_pay,CUST001461
49d92cdd-7917-40c5-8a81-72bbb315072a,2024-01-03,18:15:33,ST003,London Oxford,Europe,UK,SKU006,Gym Bag,Accessories,3,44.99,0.25,134.97,online,cash,CUST001430
d9c2e5b7-220b-4dfc-8d21-78132c5faf13,2024-01-03,13:57:26,ST005,New York SoHo,Americas,US,SKU009,Swim Goggles,Accessories,1,19.99,0,19.99,mobile_app,mobile_pay,CUST000573
dbbe7743-7c90-4a1a-b995-b5ccc137192b,2024-01-03,16:14:19,ST001,Paris Centre,Europe,FR,SKU004,Water Bottle,Accessories,2,18.74,0.25,37.48,mobile_app,debit_card,CUST000252
18acfe82-a046-4352-a2bd-88a530eeeb8b,2024-01-03,19:28:41,ST003,London Oxford,Europe,UK,SKU003,Yoga Mat,Accessories,1,39.99,0,39.99,online,credit_card,CUST000044
80149cc1-3175-45f1-b90a-a5997c19d1f9,2024-01-03,17:24:19,ST004,Berlin Mitte,Europe,DE,SKU001,Running Shoes,Footwear,3,129.99,0,389.97,in_store,credit_card,CUST000572
d68f6913-4a05-459b-88e7-186ae3e4748e,2024-01-03,21:24:24,ST005,New York SoHo,Americas,US,SKU007,Tennis Racket,Equipment,4,199.99,0,799.96,online,credit_card,CUST000460
05c71b5e-3e83-4789-9c16-8f35e078e301,2024-01-03,14:34:03,ST002,Casablanca Mall,Africa,MA,SKU007,Tennis Racket,Equipment,2,159.99,0.2,319.98,mobile_app,cash,CUST000065
e55a4a7b-d18a-4758-b169-87b0de15e7a3,2024-01-03,20:57:21,ST005,New York SoHo,Americas,US,SKU006,Gym Bag,Accessories,1,50.99,0.15,50.99,online,debit_card,CUST001551
677a7ffa-6514-4906-a4e5-0f0086d15b19,2024-01-03,14:50:46,ST001,Paris Centre,Europe,FR,SKU006,Gym Bag,Accessories,4,44.99,0.25,179.96,mobile_app,credit_card,CUST001654
1570271a-c746-4c49-8247-da119f3be8a3,2024-01-03,18:18:54,ST001,Paris Centre,Europe,FR,SKU009,Swim Goggles,Accessories,4,15.99,0.2,63.96,mobile_app,mobile_pay,CUST000869
5b681446-8855-467b-85e8-56b80a48072e,2024-01-03,14:29:47,ST005,New York SoHo,Americas,US,SKU010,Cycling Jersey,Apparel,3,74.99,0,224.97,in_store,debit_card,CUST001859
0693786c-cc6a-4ed4-b203-d17e9b1b5ce8,2024-01-03,11:49:34,ST001,Paris Centre,Europe,FR,SKU005,Training Shorts,Apparel,3,49.99,0,149.97,online,cash,CUST001170
c9fed879-15c6-456e-a096-58018b8c6f2f,2024-01-03,12:42:16,ST004,Berlin Mitte,Europe,DE,SKU001,Running Shoes,Footwear,3,129.99,0,389.97,mobile_app,credit_card,CUST000255
c07e84b5-ae2c-44de-b2a6-e70c3189eddf,2024-01-03,12:54:11,ST003,London Oxford,Europe,UK,SKU010,Cycling Jersey,Apparel,3,56.24,0.25,168.72,online,mobile_pay,CUST000036
2844bbe0-64a9-482a-b2b7-420da3f6d36a,2024-01-03,13:30:40,ST004,Berlin Mitte,Europe,DE,SKU001,Running Shoes,Footwear,4,129.99,0,519.96,mobile_app,debit_card,CUST000837
5c7b01cc-8ae3-4e11-8e33-af49f8310fc9,2024-01-03,17:35:20,ST001,Paris Centre,Europe,FR,SKU010,Cycling Jersey,Apparel,1,74.99,0,74.99,in_store,mobile_pay,CUST000369
724f31a2-f0db-4ee0-860f-617e46ed9b24,2024-01-03,15:08:14,ST003,London Oxford,Europe,UK,SKU005,Training Shorts,Apparel,3,37.49,0.25,112.47,mobile_app,debit_card,CUST000301
13a1fdc1-a52b-4198-ba5d-0daab1b99f81,2024-01-03,18:02:11,ST005,New York SoHo,Americas,US,SKU001,Running Shoes,Footwear,2,129.99,0,259.98,mobile_app,mobile_pay,CUST001188
52f54979-d1bf-4ceb-85bd-a4b4c1fa5eee,2024-01-03,19:16:16,ST003,London Oxford,Europe,UK,SKU001,Running Shoes,Footwear,2,129.99,0,259.98,in_store,cash,CUST001107
8a8f821c-230c-453c-b0d0-d1a3ab30e6dd,2024-01-03,09:04:32,ST001,Paris Centre,Europe,FR,SKU010,Cycling Jersey,Apparel,2,74.99,0,149.98,online,credit_card,CUST001047
636ff0c9-2962-4e3b-97a9-ee06d1a190b7,2024-01-03,17:23:53,ST001,Paris Centre,Europe,FR,SKU004,Water Bottle,Accessories,2,24.99,0,49.98,mobile_app,mobile_pay,CUST000147
472395e9-5bd5-494e-ac53-992f9b088503,2024-01-03,13:38:50,ST004,Berlin Mitte,Europe,DE,SKU005,Training Shorts,Apparel,2,49.99,0,99.98,online,cash,CUST001998
8d40ca1c-3904-4808-8168-e68d30ac5e47,2024-01-03,17:01:10,ST004,Berlin Mitte,Europe,DE,SKU006,Gym Bag,Accessories,4,59.99,0,239.96,online,credit_card,CUST000596
4eec1771-0ce0-4d11-bcce-398f9180dc2a,2024-01-03,17:13:51,ST002,Casablanca Mall,Africa,MA,SKU010,Cycling Jersey,Apparel,1,74.99,0,74.99,online,cash,CUST001925
a30ec01c-55b5-4d37-ae0f-418ee99d12ce,2024-01-03,19:09:24,ST002,Casablanca Mall,Africa,MA,SKU007,Tennis Racket,Equipment,1,159.99,0.2,159.99,mobile_app,credit_card,CUST001957
46caeb76-180b-445f-a5c7-af26b7067480,2024-01-03,19:07:54,ST001,Paris Centre,Europe,FR,SKU004,Water Bottle,Accessories,4,21.24,0.15,84.96,mobile_app,credit_card,CUST001244
3d4ff958-0f27-4ad6-aff3-d6e76d860527,2024-01-03,12:12:53,ST004,Berlin Mitte,Europe,DE,SKU009,Swim Goggles,Accessories,4,19.99,0,79.96,mobile_app,cash,CUST001866
88e9fd52-ee78-4b10-b13f-7586eecd6ac3,2024-01-03,20:23:14,ST002,Casablanca Mall,Africa,MA,SKU006,Gym Bag,Accessories,2,44.99,0.25,89.98,online,cash,CUST001533
db5006d6-c876-4ba4-bb29-a88018db190b,2024-01-03,14:23:05,ST001,Paris Centre,Europe,FR,SKU004,Water Bottle,Accessories,4,19.99,0.2,79.96,online,credit_card,CUST001874
accb2e9f-051e-472c-9e2f-147d6e5a76b3,2024-01-03,20:26:14,ST003,London Oxford,Europe,UK,SKU008,Hiking Boots,Footwear,2,143.99,0.1,287.98,mobile_app,debit_card,CUST001896
926c8694-5ce2-4d8c-8420-0a417e409a95,2024-01-03,17:42:08,ST005,New York SoHo,Americas,US,SKU004,Water Bottle,Accessories,4,19.99,0.2,79.96,mobile_app,cash,CUST001630
cbf8d86a-56e3-46dc-b0d0-a44e0b2e689e,2024-01-03,09:26:26,ST003,London Oxford,Europe,UK,SKU006,Gym Bag,Accessories,3,59.99,0,179.97,mobile_app,debit_card,CUST001180
ca916b55-ce5f-45a6-ab9e-f07f6126d0c7,2024-01-03,08:10:07,ST004,Berlin Mitte,Europe,DE,SKU004,Water Bottle,Accessories,2,22.49,0.1,44.98,online,cash,CUST001568
f4d0098a-e14d-4805-80ee-af4f25d3226b,2024-01-03,21:02:53,ST005,New York SoHo,Americas,US,SKU008,Hiking Boots,Footwear,1,159.99,0,159.99,online,credit_card,CUST001414
aa9d36dc-3e6f-44a7-abef-b0f88e3eb68c,2024-01-03,21:33:58,ST002,Casablanca Mall,Africa,MA,SKU002,Sport Jacket,Apparel,2,76.49,0.15,152.98,online,mobile_pay,CUST000726
96678051-347f-42f9-aa15-b11cffa40a89,2024-01-03,12:07:21,ST002,Casablanca Mall,Africa,MA,SKU007,Tennis Racket,Equipment,2,159.99,0.2,319.98,online,credit_card,CUST001480
e24c38e5-07ec-4ed7-8948-189e547bf801,2024-01-03,14:40:28,ST001,Paris Centre,Europe,FR,SKU002,Sport Jacket,Apparel,3,80.99,0.1,242.97,mobile_app,mobile_pay,CUST000593
f0b91696-78d5-4b5d-ae26-2df7cd6acc38,2024-01-03,20:37:58,ST004,Berlin Mitte,Europe,DE,SKU003,Yoga Mat,Accessories,2,31.99,0.2,63.98,mobile_app,credit_card,CUST000312
0a09551b-09f5-4750-8a85-332499910715,2024-01-03,18:29:24,ST001,Paris Centre,Europe,FR,SKU010,Cycling Jersey,Apparel,3,59.99,0.2,179.97,online,mobile_pay,CUST000362
98c41e64-da52-4100-9632-c8d8ddf9a839,2024-01-03,09:14:19,ST005,New York SoHo,Americas,US,SKU010,Cycling Jersey,Apparel,3,56.24,0.25,168.72,online,cash,CUST000099
c5537f5e-00bd-4049-a609-26da70c2fde8,2024-01-03,13:24:20,ST005,New York SoHo,Americas,US,SKU009,Swim Goggles,Accessories,4,19.99,0,79.96,in_store,debit_card,CUST000086
c3718094-fed3-4d48-97a6-64ac12d1b522,2024-01-03,17:20:06,ST002,Casablanca Mall,Africa,MA,SKU007,Tennis Racket,Equipment,3,169.99,0.15,509.97,online,cash,CUST000340
05e6b2ff-82c6-407f-9cd1-e71e185d92e2,2024-01-03,15:14:56,ST001,Paris Centre,Europe,FR,SKU005,Training Shorts,Apparel,3,44.99,0.1,134.97,in_store,cash,CUST001924
5197d00f-02fc-4687-b7e7-f866091d686c,2024-01-03,18:17:09,ST003,London Oxford,Europe,UK,SKU010,Cycling Jersey,Apparel,1,74.99,0,74.99,in_store,debit_card,CUST001131
31116692-4112-41a7-a751-acf0793e4ceb,2024-01-03,08:57:34,ST005,New York SoHo,Americas,US,SKU003,Yoga Mat,Accessories,1,33.99,0.15,33.99,mobile_app,debit_card,CUST000014
f222cee7-8ba0-4651-abec-3c5fad7742b6,2024-01-03,12:36:27,ST004,Berlin Mitte,Europe,DE,SKU001,Running Shoes,Footwear,3,129.99,0,389.97,mobile_app,mobile_pay,CUST001067
9d07b0c8-dcaf-4bab-bccc-c73588933b7a,2024-01-03,19:45:58,ST002,Casablanca Mall,Africa,MA,SKU008,Hiking Boots,Footwear,3,159.99,0,479.97,in_store,mobile_pay,CUST001821
7c8e4ff7-1f2c-45c8-bb51-ac46d78472eb,2024-01-03,21:08:17,ST004,Berlin Mitte,Europe,DE,SKU008,Hiking Boots,Footwear,3,159.99,0,479.97,mobile_app,credit_card,CUST001984
1ca148aa-d478-444c-b8fb-840993b050cd,2024-01-03,09:20:10,ST003,London Oxford,Europe,UK,SKU002,Sport Jacket,Apparel,2,71.99,0.2,143.98,mobile_app,cash,CUST000566
c797cd40-e3a0-43b9-81ba-e61f54fd6fc4,2024-01-03,19:20:57,ST004,Berlin Mitte,Europe,DE,SKU009,Swim Goggles,Accessories,1,15.99,0.2,15.99,in_store,mobile_pay,CUST000206
5571877d-85b7-4959-be08-e6c151e580cd,2024-01-03,16:42:53,ST005,New York SoHo,Americas,US,SKU006,Gym Bag,Accessories,2,44.99,0.25,89.98,mobile_app,credit_card,CUST001944
de03b1db-6f18-4a0f-b8da-50b282dc8a7b,2024-01-03,14:55:14,ST001,Paris Centre,Europe,FR,SKU004,Water Bottle,Accessories,2,21.24,0.15,42.48,mobile_app,debit_card,CUST000544
c5d13ee9-fad3-40e3-be61-1c7c21cb5a32,2024-01-03,10:46:31,ST004,Berlin Mitte,Europe,DE,SKU003,Yoga Mat,Accessories,4,29.99,0.25,119.96,online,debit_card,CUST000407
82831a35-4672-4d3d-b9c5-6c31b324521e,2024-01-03,14:04:31,ST001,Paris Centre,Europe,FR,SKU009,Swim Goggles,Accessories,2,19.99,0,39.98,mobile_app,debit_card,CUST001455
5e932e35-1ad2-45d5-8409-2951c04aaf90,2024-01-03,12:39:24,ST002,Casablanca Mall,Africa,MA,SKU001,Running Shoes,Footwear,4,103.99,0.2,415.96,mobile_app,debit_card,CUST001307
d209308d-f95b-471f-8655-cc79fc9a1bdb,2024-01-03,21:14:56,ST003,London Oxford,Europe,UK,SKU008,Hiking Boots,Footwear,2,159.99,0,319.98,online,mobile_pay,CUST001004
7e1f64bf-79d5-4231-9453-cc1be45d6e4d,2024-01-03,15:18:06,ST004,Berlin Mitte,Europe,DE,SKU010,Cycling Jersey,Apparel,3,63.74,0.15,191.22,in_store,credit_card,CUST001973
c344ae17-856f-47ff-94bb-9aea3d98b9a2,2024-01-03,11:42:27,ST003,London Oxford,Europe,UK,SKU007,Tennis Racket,Equipment,4,199.99,0,799.96,in_store,debit_card,CUST000952
430e989e-60c9-4b0d-a232-ca508817b8da,2024-01-03,14:45:08,ST003,London Oxford,Europe,UK,SKU002,Sport Jacket,Apparel,3,71.99,0.2,215.97,online,mobile_pay,CUST001231
311b7a31-f9c5-4684-8ab1-0e43f8c5f5a2,2024-01-03,12:32:13,ST004,Berlin Mitte,Europe,DE,SKU004,Water Bottle,Accessories,1,24.99,0,24.99,online,credit_card,CUST001152
384dbfc7-ba61-47ae-bcb8-d1efc84cbaa1,2024-01-03,14:51:28,ST003,London Oxford,Europe,UK,SKU005,Training Shorts,Apparel,3,44.99,0.1,134.97,online,mobile_pay,CUST000534
99bc07e1-53b8-49b2-b353-8d6dd29f39a4,2024-01-03,11:21:40,ST001,Paris Centre,Europe,FR,SKU005,Training Shorts,Apparel,4,39.99,0.2,159.96,in_store,cash,CUST000917
6fe9a812-9d68-412e-bc7e-561ef6516135,2024-01-03,11:49:40,ST004,Berlin Mitte,Europe,DE,SKU004,Water Bottle,Accessories,2,21.24,0.15,42.48,in_store,cash,CUST000265
016e4596-63bd-4859-a825-b9ca25556789,2024-01-03,08:51:24,ST005,New York SoHo,Americas,US,SKU009,Swim Goggles,Accessories,1,15.99,0.2,15.99,in_store,cash,CUST001869
d79200c8-5ad0-4874-a21e-528c34e67ac5,2024-01-03,08:33:13,ST003,London Oxford,Europe,UK,SKU009,Swim Goggles,Accessories,1,15.99,0.2,15.99,online,debit_card,CUST000322
ef3ec010-8133-408b-8f93-62ed9968a01e,2024-01-03,20:10:58,ST005,New York SoHo,Americas,US,SKU007,Tennis Racket,Equipment,2,199.99,0,399.98,online,cash,CUST000847
27468782-62c9-4d04-aa84-65012929305b,2024-01-03,08:54:01,ST002,Casablanca Mall,Africa,MA,SKU009,Swim Goggles,Accessories,2,19.99,0,39.98,mobile_app,credit_card,CUST001028
ed6960b4-4f46-42ef-b08c-ed679d69a157,2024-01-03,12:19:01,ST004,Berlin Mitte,Europe,DE,SKU008,Hiking Boots,Footwear,1,159.99,0,159.99,in_store,debit_card,CUST000070
9796bb74-dba0-4633-861a-6160b6a20eaa,2024-01-03,14:08:52,ST003,London Oxford,Europe,UK,SKU002,Sport Jacket,Apparel,4,71.99,0.2,287.96,mobile_app,cash,CUST001766
d7bcff8e-f428-460a-87a2-b7b6a0ffed2e,2024-01-03,19:45:48,ST001,Paris Centre,Europe,FR,SKU002,Sport Jacket,Apparel,1,76.49,0.15,76.49,mobile_app,mobile_pay,CUST000042
a564ad81-9b89-4b7b-9ee6-47d303612ed6,2024-01-03,19:37:50,ST001,Paris Centre,Europe,FR,SKU009,Swim Goggles,Accessories,2,19.99,0,39.98,online,debit_card,CUST001703
954ee635-1776-4ecd-94da-45901524a7d6,2024-01-03,16:47:01,ST005,New York SoHo,Americas,US,SKU005,Training Shorts,Apparel,3,44.99,0.1,134.97,online,cash,CUST000940
7608561c-e081-4431-b54a-649c43e75f4b,2024-01-03,17:30:24,ST002,Casablanca Mall,Africa,MA,SKU002,Sport Jacket,Apparel,3,71.99,0.2,215.97,online,mobile_pay,CUST000191
5c043d56-deb9-4835-b1eb-fd168011a025,2024-01-03,12:58:44,ST002,Casablanca Mall,Africa,MA,SKU007,Tennis Racket,Equipment,3,179.99,0.1,539.97,mobile_app,debit_card,CUST000784
bd1ade04-afd5-45fc-9fa5-e243e5a61743,2024-01-03,20:34:45,ST001,Paris Centre,Europe,FR,SKU008,Hiking Boots,Footwear,4,159.99,0,639.96,in_store,mobile_pay,CUST000459
af7588f7-e5e4-4a17-a82f-63f47300e31e,2024-01-03,11:28:23,ST005,New York SoHo,Americas,US,SKU001,Running Shoes,Footwear,4,97.49,0.25,389.96,online,credit_card,CUST001317
25a675ec-89df-4f76-8e41-1b9c161228a6,2024-01-03,18:05:06,ST003,London Oxford,Europe,UK,SKU006,Gym Bag,Accessories,2,44.99,0.25,89.98,mobile_app,debit_card,CUST000426
c51e5121-f51e-4625-a0a9-650237558ad4,2024-01-03,10:25:39,ST004,Berlin Mitte,Europe,DE,SKU010,Cycling Jersey,Apparel,2,74.99,0,149.98,online,debit_card,CUST000121
3d98ae34-95ac-4682-814d-923a544db565,2024-01-03,19:21:53,ST004,Berlin Mitte,Europe,DE,SKU005,Training Shorts,Apparel,4,49.99,0,199.96,in_store,credit_card,CUST000659
05392e2e-29b5-407c-b91f-be5d92dde689,2024-01-03,08:17:44,ST005,New York SoHo,Americas,US,SKU010,Cycling Jersey,Apparel,4,56.24,0.25,224.96,in_store,mobile_pay,CUST001118
00b25b32-c0ef-49da-a226-0407214931b9,2024-01-03,15:45:30,ST004,Berlin Mitte,Europe,DE,SKU006,Gym Bag,Accessories,2,59.99,0,119.98,mobile_app,credit_card,CUST001887
17af0919-92a2-4992-8121-3f06ba222f71,2024-01-03,10:48:00,ST001,Paris Centre,Europe,FR,SKU007,Tennis Racket,Equipment,1,179.99,0.1,179.99,in_store,credit_card,CUST000341
b943fc23-4ca1-4c54-b742-9c9b7078c391,2024-01-03,14:31:10,ST002,Casablanca Mall,Africa,MA,SKU008,Hiking Boots,Footwear,1,159.99,0,159.99,mobile_app,mobile_pay,CUST000287
fd7ebbe1-49b5-4fdf-9484-4249ed613dae,2024-01-03,12:07:27,ST005,New York SoHo,Americas,US,SKU007,Tennis Racket,Equipment,4,199.99,0,799.96,online,cash,CUST001071
4dd4c53d-e63c-4f3b-a3eb-4de667c7dea9,2024-01-03,18:10:09,ST003,London Oxford,Europe,UK,SKU010,Cycling Jersey,Apparel,3,63.74,0.15,191.22,online,debit_card,CUST001645
a518436a-2fac-45ca-8265-d63e9eba0f84,2024-01-03,15:13:59,ST005,New York SoHo,Americas,US,SKU006,Gym Bag,Accessories,3,53.99,0.1,161.97,online,debit_card,CUST000337
35911313-4b2c-4885-b6e3-afbee4394f63,2024-01-03,14:11:09,ST005,New York SoHo,Americas,US,SKU008,Hiking Boots,Footwear,1,159.99,0,159.99,online,credit_card,CUST000012
780fd2e2-ef23-458b-9317-2e0c660f8090,2024-01-03,09:34:29,ST003,London Oxford,Europe,UK,SKU004,Water Bottle,Accessories,2,19.99,0.2,39.98,online,credit_card,CUST000126
443d8f90-045d-486f-a023-8666887ae54c,2024-01-03,13:40:35,ST005,New York SoHo,Americas,US,SKU008,Hiking Boots,Footwear,2,159.99,0,319.98,in_store,cash,CUST001288
13123c10-9dd8-4836-969a-c646603e57b8,2024-01-03,21:58:55,ST001,Paris Centre,Europe,FR,SKU004,Water Bottle,Accessories,3,24.99,0,74.97,online,cash,CUST000753
be57fb9f-2f21-4d9f-b211-b1ca08b559a2,2024-01-03,16:41:42,ST005,New York SoHo,Americas,US,SKU007,Tennis Racket,Equipment,3,169.99,0.15,509.97,in_store,credit_card,CUST001214
e6d3795f-3e6a-48d9-a655-fbcffbcee9be,2024-01-03,10:16:36,ST002,Casablanca Mall,Africa,MA,SKU002,Sport Jacket,Apparel,2,89.99,0,179.98,in_store,debit_card,CUST001633
fe75e64f-ef91-4323-b539-9f3eb0ff1dd9,2024-01-03,17:49:54,ST005,New York SoHo,Americas,US,SKU010,Cycling Jersey,Apparel,4,74.99,0,299.96,mobile_app,cash,CUST001980
825141e2-551b-448c-9793-115fba37e04e,2024-01-03,08:50:14,ST005,New York SoHo,Americas,US,SKU008,Hiking Boots,Footwear,2,159.99,0,319.98,in_store,credit_card,CUST001904
8865ec86-f33c-4ebc-a875-86796a864163,2024-01-03,15:55:00,ST005,New York SoHo,Americas,US,SKU003,Yoga Mat,Accessories,2,39.99,0,79.98,online,credit_card,CUST001835
7235cdb1-6a0e-4fa2-8cec-42034f857113,2024-01-03,18:30:20,ST001,Paris Centre,Europe,FR,SKU003,Yoga Mat,Accessories,4,35.99,0.1,143.96,online,credit_card,CUST000494
0ed67a35-1971-4123-b207-ffe6fd4f50e8,2024-01-03,14:45:30,ST005,New York SoHo,Americas,US,SKU007,Tennis Racket,Equipment,4,149.99,0.25,599.96,online,cash,CUST001718
72494355-7c1b-4e1d-b29f-3489e602beee,2024-01-03,21:13:10,ST005,New York SoHo,Americas,US,SKU006,Gym Bag,Accessories,1,50.99,0.15,50.99,mobile_app,cash,CUST001457
a8e3aa02-68d3-43a3-96c2-bc35ac2935e3,2024-01-03,19:50:16,ST002,Casablanca Mall,Africa,MA,SKU007,Tennis Racket,Equipment,4,179.99,0.1,719.96,mobile_app,credit_card,CUST001143
72cbecb7-552b-4894-a048-52e31faf8c8e,2024-01-03,21:23:54,ST004,Berlin Mitte,Europe,DE,SKU006,Gym Bag,Accessories,2,59.99,0,119.98,online,cash,CUST001492
b59a3980-124a-4762-bcdf-1ffb2b7e6107,2024-01-03,13:11:59,ST004,Berlin Mitte,Europe,DE,SKU004,Water Bottle,Accessories,2,22.49,0.1,44.98,mobile_app,credit_card,CUST000402
8e88fd9e-34e6-4a46-9302-21d294a3e255,2024-01-03,17:19:21,ST004,Berlin Mitte,Europe,DE,SKU006,Gym Bag,Accessories,2,59.99,0,119.98,in_store,cash,CUST001876
cd6e0044-98b6-4549-bf18-3a7dfc5eeb9f,2024-01-03,12:02:41,ST003,London Oxford,Europe,UK,SKU009,Swim Goggles,Accessories,1,16.99,0.15,16.99,online,mobile_pay,CUST000816
c2eaa7c5-891d-468c-9720-c92c21932085,2024-01-03,08:36:52,ST001,Paris Centre,Europe,FR,SKU005,Training Shorts,Apparel,3,39.99,0.2,119.97,in_store,mobile_pay,CUST001245
d9c5c900-5724-49fd-93f8-4a78df0189b0,2024-01-03,19:55:41,ST004,Berlin Mitte,Europe,DE,SKU008,Hiking Boots,Footwear,2,143.99,0.1,287.98,mobile_app,credit_card,CUST000079
11816c63-1e8c-4217-bc74-99707ed47104,2024-01-03,19:11:55,ST003,London Oxford,Europe,UK,SKU001,Running Shoes,Footwear,2,103.99,0.2,207.98,in_store,credit_card,CUST000860
e2e50327-b17b-4dd6-bdfe-6fcb53a8c975,2024-01-03,19:03:20,ST001,Paris Centre,Europe,FR,SKU001,Running Shoes,Footwear,4,103.99,0.2,415.96,in_store,cash,CUST001747
c8f19ae5-aa0a-495d-9ddd-35609dea7f69,2024-01-03,21:43:54,ST002,Casablanca Mall,Africa,MA,SKU010,Cycling Jersey,Apparel,1,74.99,0,74.99,online,debit_card,CUST001855
ecc43c0f-8378-4a13-bc0a-b5704786ac7e,2024-01-03,14:26:53,ST005,New York SoHo,Americas,US,SKU006,Gym Bag,Accessories,1,47.99,0.2,47.99,mobile_app,credit_card,CUST000134
fe7376ab-ca96-4b55-a867-774a66f6b5d9,2024-01-03,12:05:11,ST002,Casablanca Mall,Africa,MA,SKU009,Swim Goggles,Accessories,2,15.99,0.2,31.98,online,credit_card,CUST000565
96a5beec-8f0a-4330-9377-9cebaee251ac,2024-01-03,18:47:53,ST005,New York SoHo,Americas,US,SKU004,Water Bottle,Accessories,4,24.99,0,99.96,in_store,cash,CUST000561
ae2074e7-d2c2-450b-ac12-151f95f873b6,2024-01-03,15:36:53,ST005,New York SoHo,Americas,US,SKU006,Gym Bag,Accessories,1,59.99,0,59.99,mobile_app,credit_card,CUST001160
436ee018-f24a-491b-b8f2-56a798e43fdf,2024-01-03,10:46:05,ST004,Berlin Mitte,Europe,DE,SKU002,Sport Jacket,Apparel,1,89.99,0,89.99,in_store,cash,CUST001211
eee3abca-8909-4ef5-9d5e-718606ed69b3,2024-01-03,18:23:29,ST001,Paris Centre,Europe,FR,SKU003,Yoga Mat,Accessories,1,39.99,0,39.99,in_store,debit_card,CUST000631
d6c2675b-399e-418c-9b66-edf3ce342c6c,2024-01-03,14:45:18,ST002,Casablanca Mall,Africa,MA,SKU003,Yoga Mat,Accessories,3,39.99,0,119.97,in_store,cash,CUST000288
50e16518-a72d-4d89-89b6-6bffc43a3342,2024-01-03,21:12:17,ST005,New York SoHo,Americas,US,SKU006,Gym Bag,Accessories,4,59.99,0,239.96,in_store,debit_card,CUST000605
cfd259c8-384d-4fec-a9a9-0a666afc71b3,2024-01-03,15:22:37,ST003,London Oxford,Europe,UK,SKU008,Hiking Boots,Footwear,3,159.99,0,479.97,online,cash,CUST001582
62f69e79-c833-49d6-88fe-d6d06c96b656,2024-01-03,21:37:24,ST005,New York SoHo,Americas,US,SKU008,Hiking Boots,Footwear,2,159.99,0,319.98,in_store,debit_card,CUST001439
91eb6527-9c07-4c99-b318-5fb28d34496e,2024-01-03,13:44:32,ST004,Berlin Mitte,Europe,DE,SKU006,Gym Bag,Accessories,3,59.99,0,179.97,mobile_app,cash,CUST000186
59fdc413-5ddf-4653-8376-a43d9e82c63b,2024-01-03,15:16:02,ST005,New York SoHo,Americas,US,SKU004,Water Bottle,Accessories,3,24.99,0,74.97,in_store,debit_card,CUST000974
4047cee7-a069-4d2a-b88e-6503be774247,2024-01-03,17:24:42,ST002,Casablanca Mall,Africa,MA,SKU008,Hiking Boots,Footwear,3,159.99,0,479.97,mobile_app,credit_card,CUST000661
70b1dfee-6166-4d26-91da-c44c1656eda1,2024-01-03,14:30:21,ST001,Paris Centre,Europe,FR,SKU006,Gym Bag,Accessories,1,59.99,0,59.99,online,credit_card,CUST000384
d9ec62f0-124d-487a-a9ff-3f2a496bfed6,2024-01-03,16:11:48,ST003,London Oxford,Europe,UK,SKU005,Training Shorts,Apparel,2,44.99,0.1,89.98,in_store,mobile_pay,CUST001658
0a161d5a-c981-4418-97f7-16cb9bcebcb1,2024-01-03,14:30:53,ST005,New York SoHo,Americas,US,SKU008,Hiking Boots,Footwear,4,127.99,0.2,511.96,in_store,cash,CUST001482
8616e80f-b0a7-493c-ac77-fe63297581e0,2024-01-03,18:25:19,ST003,London Oxford,Europe,UK,SKU010,Cycling Jersey,Apparel,3,67.49,0.1,202.47,in_store,debit_card,CUST001563
434b5fa3-edd1-4416-a02d-dac3be299681,2024-01-03,20:17:36,ST005,New York SoHo,Americas,US,SKU002,Sport Jacket,Apparel,4,80.99,0.1,323.96,online,credit_card,CUST000336
571b9aef-5e5d-434b-afb0-f667fdfb6b53,2024-01-03,19:33:12,ST005,New York SoHo,Americas,US,SKU003,Yoga Mat,Accessories,3,33.99,0.15,101.97,mobile_app,debit_card,CUST000267
31eabcac-561e-44a7-bec0-77e9c1619165,2024-01-03,20:49:09,ST003,London Oxford,Europe,UK,SKU001,Running Shoes,Footwear,1,129.99,0,129.99,online,mobile_pay,CUST000811
1f064d38-8718-40bd-8dfb-c4726b1ed865,2024-01-03,10:12:56,ST002,Casablanca Mall,Africa,MA,SKU008,Hiking Boots,Footwear,1,127.99,0.2,127.99,in_store,cash,CUST000630
c43de345-5cdd-4804-9d3c-2870d86f89a9,2024-01-03,11:27:05,ST001,Paris Centre,Europe,FR,SKU003,Yoga Mat,Accessories,2,29.99,0.25,59.98,mobile_app,debit_card,CUST000316
293afd07-860a-4933-932c-2cf9f3ccbaea,2024-01-03,10:22:06,ST005,New York SoHo,Americas,US,SKU006,Gym Bag,Accessories,1,53.99,0.1,53.99,online,mobile_pay,CUST001432
e9f97649-5a90-47a2-aa56-ee5301ceee55,2024-01-03,15:45:15,ST002,Casablanca Mall,Africa,MA,SKU008,Hiking Boots,Footwear,4,119.99,0.25,479.96,in_store,mobile_pay,CUST000264
47e2e6f2-a686-47fa-b76c-ff44cac7a6c4,2024-01-03,13:57:18,ST003,London Oxford,Europe,UK,SKU003,Yoga Mat,Accessories,4,29.99,0.25,119.96,mobile_app,mobile_pay,CUST001223
999c1b99-cebc-4d48-a3d3-96f43f0fca7b,2024-01-03,15:42:47,ST004,Berlin Mitte,Europe,DE,SKU009,Swim Goggles,Accessories,1,19.99,0,19.99,mobile_app,credit_card,CUST000455
17f27306-dc6d-4bf3-a3b6-f323f9d55a60,2024-01-03,13:21:32,ST005,New York SoHo,Americas,US,SKU003,Yoga Mat,Accessories,2,39.99,0,79.98,in_store,mobile_pay,CUST001874
3bb10e7d-ec99-4f83-a5d9-fb3d01d26315,2024-01-03,11:02:13,ST001,Paris Centre,Europe,FR,SKU004,Water Bottle,Accessories,2,22.49,0.1,44.98,online,mobile_pay,CUST000191
d2f5d5bb-6d46-4a66-be46-9ae561b65bed,2024-01-03,10:18:19,ST003,London Oxford,Europe,UK,SKU007,Tennis Racket,Equipment,2,179.99,0.1,359.98,online,mobile_pay,CUST000072
8ed40ebc-39c5-41b7-a08b-909671203504,2024-01-03,14:43:33,ST003,London Oxford,Europe,UK,SKU007,Tennis Racket,Equipment,2,199.99,0,399.98,in_store,mobile_pay,CUST001652
9a49072d-91b9-4db1-99c5-5f86e3ba77bc,2024-01-03,21:25:51,ST001,Paris Centre,Europe,FR,SKU006,Gym Bag,Accessories,1,47.99,0.2,47.99,in_store,debit_card,CUST000654
f451e507-404a-4379-a487-bc88a5b43c1b,2024-01-03,15:00:31,ST002,Casablanca Mall,Africa,MA,SKU010,Cycling Jersey,Apparel,4,59.99,0.2,239.96,mobile_app,mobile_pay,CUST000866
4aa0500b-e7e8-4587-afaf-8f1bc9038f04,2024-01-03,19:40:07,ST001,Paris Centre,Europe,FR,SKU005,Training Shorts,Apparel,4,49.99,0,199.96,mobile_app,mobile_pay,CUST001029
d13fb70f-7a4c-4db1-badc-59a269160600,2024-01-03,16:23:07,ST003,London Oxford,Europe,UK,SKU008,Hiking Boots,Footwear,3,119.99,0.25,359.97,in_store,mobile_pay,CUST001089
972b3cd8-8bc8-40f1-84cc-1156d184a6c9,2024-01-03,13:59:45,ST004,Berlin Mitte,Europe,DE,SKU002,Sport Jacket,Apparel,2,89.99,0,179.98,mobile_app,cash,CUST000405
ef095d18-c4c5-4007-b0a2-f1568d1cf619,2024-01-03,08:29:18,ST005,New York SoHo,Americas,US,SKU010,Cycling Jersey,Apparel,4,67.49,0.1,269.96,in_store,credit_card,CUST001778
3a47b3e2-8310-45cd-b8e9-33e12354e6b8,2024-01-03,17:43:23,ST004,Berlin Mitte,Europe,DE,SKU008,Hiking Boots,Footwear,3,159.99,0,479.97,online,mobile_pay,CUST000692
7b72ef21-51c0-4c77-add3-a4598bbf7198,2024-01-03,12:22:26,ST003,London Oxford,Europe,UK,SKU001,Running Shoes,Footwear,3,129.99,0,389.97,in_store,mobile_pay,CUST000665
a470d84d-b574-427d-b55c-87f7f59148e0,2024-01-03,19:02:34,ST003,London Oxford,Europe,UK,SKU001,Running Shoes,Footwear,1,129.99,0,129.99,mobile_app,mobile_pay,CUST000510
1723ad4d-b1b8-454b-84ba-2267f9d2623a,2024-01-03,19:09:40,ST002,Casablanca Mall,Africa,MA,SKU002,Sport Jacket,Apparel,1,89.99,0,89.99,online,mobile_pay,CUST001829
01f78d91-e984-40b5-9dfb-0974a5f64b3e,2024-01-03,17:15:58,ST003,London Oxford,Europe,UK,SKU006,Gym Bag,Accessories,4,47.99,0.2,191.96,mobile_app,mobile_pay,CUST000084
783d4d6e-dfde-456f-b706-027fe1417bde,2024-01-03,10:38:46,ST001,Paris Centre,Europe,FR,SKU006,Gym Bag,Accessories,3,59.99,0,179.97,mobile_app,credit_card,CUST000783
41fed606-9cc4-4a8c-972e-0e3f66f91e0b,2024-01-03,19:19:27,ST005,New York SoHo,Americas,US,SKU002,Sport Jacket,Apparel,3,71.99,0.2,215.97,online,credit_card,CUST000377
af4d3841-98b3-4ca1-8743-07838fb66cbc,2024-01-03,20:12:36,ST003,London Oxford,Europe,UK,SKU002,Sport Jacket,Apparel,4,89.99,0,359.96,online,cash,CUST001261
c1b89dc1-8790-4a98-a4d4-45749d647636,2024-01-03,20:03:23,ST005,New York SoHo,Americas,US,SKU009,Swim Goggles,Accessories,2,15.99,0.2,31.98,mobile_app,mobile_pay,CUST000441
38b05b12-4437-4006-a578-39bf5aa9f21e,2024-01-03,16:42:02,ST004,Berlin Mitte,Europe,DE,SKU005,Training Shorts,Apparel,2,49.99,0,99.98,mobile_app,mobile_pay,CUST001864
8dfd6d5c-f61a-4ab9-85d7-0f554cf1f5d2,2024-01-03,14:13:01,ST002,Casablanca Mall,Africa,MA,SKU005,Training Shorts,Apparel,3,49.99,0,149.97,online,debit_card,CUST000563
bb99eab7-365f-45c5-9f93-c7b5367e5779,2024-01-03,11:14:01,ST003,London Oxford,Europe,UK,SKU008,Hiking Boots,Footwear,3,159.99,0,479.97,mobile_app,cash,CUST000453
f04380d4-ec7d-49a0-ba3d-40ea4474a237,2024-01-03,19:38:52,ST001,Paris Centre,Europe,FR,SKU010,Cycling Jersey,Apparel,3,59.99,0.2,179.97,online,mobile_pay,CUST001301
d0fdd26f-648a-444a-8fab-90cfed65bf85,2024-01-03,16:00:21,ST005,New York SoHo,Americas,US,SKU006,Gym Bag,Accessories,4,53.99,0.1,215.96,online,cash,CUST000710
570282f4-a0e4-450a-9d00-316bf9b90366,2024-01-03,19:31:13,ST004,Berlin Mitte,Europe,DE,SKU003,Yoga Mat,Accessories,4,29.99,0.25,119.96,mobile_app,debit_card,CUST001379
6e0962fc-e014-413b-b3d8-30722d74d107,2024-01-03,18:54:36,ST004,Berlin Mitte,Europe,DE,SKU005,Training Shorts,Apparel,4,49.99,0,199.96,in_store,mobile_pay,CUST001150
020ea9f0-1de6-4f87-a816-7edd645718c4,2024-01-03,16:23:19,ST003,London Oxford,Europe,UK,SKU002,Sport Jacket,Apparel,2,71.99,0.2,143.98,online,cash,CUST000925
c27b3d5b-57b8-4aa5-a3fb-2c16a375d653,2024-01-03,17:10:39,ST004,Berlin Mitte,Europe,DE,SKU001,Running Shoes,Footwear,2,110.49,0.15,220.98,online,mobile_pay,CUST000851
7a18d869-0a58-48fd-94a3-f94fbf5a7f65,2024-01-03,14:58:34,ST001,Paris Centre,Europe,FR,SKU005,Training Shorts,Apparel,4,49.99,0,199.96,in_store,mobile_pay,CUST001244
af681971-9b33-44cc-a138-394b1014f24b,2024-01-03,11:07:36,ST001,Paris Centre,Europe,FR,SKU002,Sport Jacket,Apparel,4,89.99,0,359.96,online,debit_card,CUST001772
6da9ecda-d529-4d78-b317-cdb61970c6db,2024-01-03,20:13:26,ST002,Casablanca Mall,Africa,MA,SKU007,Tennis Racket,Equipment,4,199.99,0,799.96,mobile_app,cash,CUST000655
c4a3faee-01de-4beb-a9df-dc09946dbe43,2024-01-03,16:34:25,ST003,London Oxford,Europe,UK,SKU002,Sport Jacket,Apparel,3,76.49,0.15,229.47,in_store,mobile_pay,CUST001014
ceb14cd0-83a8-43c2-a6fd-f28e2374c2c7,2024-01-03,21:11:25,ST004,Berlin Mitte,Europe,DE,SKU005,Training Shorts,Apparel,4,49.99,0,199.96,online,credit_card,CUST001091
7bb15370-d974-48dc-b305-39065d2e06c1,2024-01-03,09:24:37,ST003,London Oxford,Europe,UK,SKU008,Hiking Boots,Footwear,2,127.99,0.2,255.98,mobile_app,mobile_pay,CUST001996
520b8a8f-e64b-4885-9bf8-86d66d62b2d8,2024-01-03,08:39:14,ST004,Berlin Mitte,Europe,DE,SKU007,Tennis Racket,Equipment,2,159.99,0.2,319.98,in_store,credit_card,CUST001228
0f655de7-031f-42bf-9b0d-fff4aa269f2c,2024-01-03,17:15:10,ST005,New York SoHo,Americas,US,SKU007,Tennis Racket,Equipment,1,199.99,0,199.99,mobile_app,mobile_pay,CUST001402
258f5fea-5258-4dbe-b54e-200eaf2c8fc7,2024-01-03,17:56:50,ST001,Paris Centre,Europe,FR,SKU006,Gym Bag,Accessories,1,47.99,0.2,47.99,mobile_app,mobile_pay,CUST001131
f99591d0-7566-4dd8-973c-4c579e936fbf,2024-01-03,13:46:55,ST005,New York SoHo,Americas,US,SKU004,Water Bottle,Accessories,2,22.49,0.1,44.98,in_store,debit_card,CUST000968
6dc92ed2-1ba6-472a-8c24-69e4a7068e79,2024-01-03,09:57:01,ST002,Casablanca Mall,Africa,MA,SKU006,Gym Bag,Accessories,2,59.99,0,119.98,in_store,mobile_pay,CUST000941
a8570a31-7a16-4d59-99a3-eeec6f456caa,2024-01-03,20:11:29,ST002,Casablanca Mall,Africa,MA,SKU010,Cycling Jersey,Apparel,4,74.99,0,299.96,mobile_app,credit_card,CUST001646
860fd81d-5708-41a6-87f5-5c4425a11c6e,2024-01-03,15:46:04,ST005,New York SoHo,Americas,US,SKU006,Gym Bag,Accessories,2,59.99,0,119.98,in_store,credit_card,CUST001397
61004d8c-0094-4965-b772-1753239dd277,2024-01-03,14:04:50,ST004,Berlin Mitte,Europe,DE,SKU009,Swim Goggles,Accessories,4,14.99,0.25,59.96,online,cash,CUST001810
07f014f6-e40d-4ea0-b55a-f46f9461e08a,2024-01-03,15:52:46,ST005,New York SoHo,Americas,US,SKU002,Sport Jacket,Apparel,1,80.99,0.1,80.99,in_store,cash,CUST001663
a802fc19-df12-4033-bcc5-4fe6fbbb7970,2024-01-03,19:59:32,ST004,Berlin Mitte,Europe,DE,SKU001,Running Shoes,Footwear,3,116.99,0.1,350.97,mobile_app,mobile_pay,CUST000878
19cf06e6-ab7a-43ae-9f2d-f5c0dff0f3f4,2024-01-03,12:48:52,ST001,Paris Centre,Europe,FR,SKU002,Sport Jacket,Apparel,2,67.49,0.25,134.98,mobile_app,credit_card,CUST001479
676e3eaf-8585-4e48-8951-371303222d5f,2024-01-03,13:09:58,ST002,Casablanca Mall,Africa,MA,SKU006,Gym Bag,Accessories,4,47.99,0.2,191.96,in_store,mobile_pay,CUST000431
df3a7da2-c885-43e9-849a-a4ffdea4e524,2024-01-03,19:04:29,ST003,London Oxford,Europe,UK,SKU002,Sport Jacket,Apparel,3,71.99,0.2,215.97,mobile_app,mobile_pay,CUST001542
b2cfe5a7-f8f6-4934-874c-da69ae43fa43,2024-01-03,19:28:21,ST002,Casablanca Mall,Africa,MA,SKU005,Training Shorts,Apparel,3,49.99,0,149.97,online,cash,CUST001164
975da4bf-16e8-4530-ba17-c221ea1e690d,2024-01-03,10:09:33,ST003,London Oxford,Europe,UK,SKU010,Cycling Jersey,Apparel,1,56.24,0.25,56.24,online,credit_card,CUST000453
28382b41-4f80-4178-b8cf-c49873b638c3,2024-01-03,12:19:45,ST003,London Oxford,Europe,UK,SKU010,Cycling Jersey,Apparel,3,59.99,0.2,179.97,in_store,cash,CUST000974
8ce452ce-7484-47d0-91a6-3897afc3d75d,2024-01-03,20:44:08,ST004,Berlin Mitte,Europe,DE,SKU005,Training Shorts,Apparel,2,39.99,0.2,79.98,in_store,cash,CUST001760
34ebc7ef-42fb-494c-ac59-02aa4654ece3,2024-01-03,21:13:37,ST004,Berlin Mitte,Europe,DE,SKU005,Training Shorts,Apparel,2,49.99,0,99.98,online,debit_card,CUST001197
6914686a-cb71-41b1-a735-351831a63855,2024-01-03,16:47:55,ST001,Paris Centre,Europe,FR,SKU005,Training Shorts,Apparel,3,39.99,0.2,119.97,mobile_app,mobile_pay,CUST000977
8b31bcc5-2abb-4baa-9216-8377b3e90ca0,2024-01-03,10:37:54,ST005,New York SoHo,Americas,US,SKU003,Yoga Mat,Accessories,3,31.99,0.2,95.97,mobile_app,cash,CUST001072
e784cf9c-c1db-492e-bca8-05ede0ba678b,2024-01-03,10:55:33,ST003,London Oxford,Europe,UK,SKU007,Tennis Racket,Equipment,4,159.99,0.2,639.96,online,debit_card,CUST000992
1775e844-d4f5-4f36-a206-b9f151000726,2024-01-03,11:19:13,ST004,Berlin Mitte,Europe,DE,SKU001,Running Shoes,Footwear,1,129.99,0,129.99,in_store,debit_card,CUST000570
eaa723b3-38fd-4361-a50d-367b79d1937a,2024-01-03,15:29:36,ST005,New York SoHo,Americas,US,SKU002,Sport Jacket,Apparel,2,89.99,0,179.98,mobile_app,credit_card,CUST001721
a23b9bef-64ed-4bdb-8114-9db4e9018e60,2024-01-03,18:02:25,ST005,New York SoHo,Americas,US,SKU004,Water Bottle,Accessories,2,24.99,0,49.98,mobile_app,credit_card,CUST001950
4e52f2ca-19ab-429c-ab45-2a5009880aa1,2024-01-03,16:34:54,ST003,London Oxford,Europe,UK,SKU009,Swim Goggles,Accessories,1,19.99,0,19.99,mobile_app,credit_card,CUST001988
479d4a07-62d4-435b-81d8-5a3427390bee,2024-01-03,12:51:47,ST001,Paris Centre,Europe,FR,SKU008,Hiking Boots,Footwear,2,159.99,0,319.98,in_store,debit_card,CUST000468
6f8ac3ec-5083-404f-9a35-b9a74ccaf9ee,2024-01-03,12:35:17,ST004,Berlin Mitte,Europe,DE,SKU003,Yoga Mat,Accessories,1,33.99,0.15,33.99,in_store,debit_card,CUST001502
400ac0af-fe77-4a1c-9f65-a88bc263b2c0,2024-01-03,11:14:15,ST001,Paris Centre,Europe,FR,SKU003,Yoga Mat,Accessories,3,39.99,0,119.97,mobile_app,mobile_pay,CUST000951
1e9cf317-0f3c-4f80-b6e5-4f1bfe7c0185,2024-01-03,20:40:04,ST001,Paris Centre,Europe,FR,SKU009,Swim Goggles,Accessories,1,19.99,0,19.99,in_store,mobile_pay,CUST000239
72f87bb7-83ad-4e21-80f9-bee155d24807,2024-01-03,09:34:37,ST004,Berlin Mitte,Europe,DE,SKU002,Sport Jacket,Apparel,4,89.99,0,359.96,in_store,mobile_pay,CUST000615
c6606464-7e23-4019-a958-5557c34ef611,2024-01-03,09:46:56,ST005,New York SoHo,Americas,US,SKU001,Running Shoes,Footwear,4,97.49,0.25,389.96,online,debit_card,CUST001207
075f0d31-55af-4a17-a170-1dc7777b3ca7,2024-01-03,20:26:38,ST005,New York SoHo,Americas,US,SKU008,Hiking Boots,Footwear,1,159.99,0,159.99,online,mobile_pay,CUST001293
b74b8a91-ffe6-4999-991d-a34bda4106d2,2024-01-03,12:41:19,ST002,Casablanca Mall,Africa,MA,SKU006,Gym Bag,Accessories,4,50.99,0.15,203.96,online,debit_card,CUST000699
a0fdf51a-658f-4e92-a157-31d06b7adf71,2024-01-03,15:07:48,ST003,London Oxford,Europe,UK,SKU009,Swim Goggles,Accessories,3,15.99,0.2,47.97,in_store,mobile_pay,CUST000014
20f5c8ba-7fd9-469a-b735-6957d682ecc4,2024-01-03,10:11:04,ST003,London Oxford,Europe,UK,SKU009,Swim Goggles,Accessories,4,17.99,0.1,71.96,online,cash,CUST000194
0e9afe5a-6803-4fde-aaf2-9a49cefa7f1a,2024-01-03,20:06:48,ST004,Berlin Mitte,Europe,DE,SKU006,Gym Bag,Accessories,2,59.99,0,119.98,in_store,debit_card,CUST000630
e698f319-37a8-4d5b-97f1-244240c599ca,2024-01-03,16:30:06,ST005,New York SoHo,Americas,US,SKU005,Training Shorts,Apparel,3,37.49,0.25,112.47,mobile_app,cash,CUST001900
e1e02c73-931c-49c1-bf98-d54a7fcaa094,2024-01-03,10:12:49,ST005,New York SoHo,Americas,US,SKU004,Water Bottle,Accessories,2,24.99,0,49.98,online,debit_card,CUST001746
90512d13-7491-4e8f-a7bb-5eaeb6e28bc2,2024-01-03,16:30:41,ST002,Casablanca Mall,Africa,MA,SKU010,Cycling Jersey,Apparel,2,74.99,0,149.98,mobile_app,mobile_pay,CUST001597
c532744e-d638-4095-b6f9-748606c58355,2024-01-03,21:53:19,ST003,London Oxford,Europe,UK,SKU004,Water Bottle,Accessories,3,22.49,0.1,67.47,online,debit_card,CUST000628
fb2b8bb7-9d99-418f-a4d1-28986ad68fd3,2024-01-03,12:27:36,ST003,London Oxford,Europe,UK,SKU006,Gym Bag,Accessories,3,53.99,0.1,161.97,online,mobile_pay,CUST000012
499d2391-c1ab-4d62-8119-fac050cc514e,2024-01-03,18:51:08,ST004,Berlin Mitte,Europe,DE,SKU001,Running Shoes,Footwear,4,129.99,0,519.96,online,cash,CUST000040
d87a5bbd-41f1-4f6e-86be-d149ac6a798d,2024-01-03,21:23:01,ST002,Casablanca Mall,Africa,MA,SKU004,Water Bottle,Accessories,3,24.99,0,74.97,online,mobile_pay,CUST001620
70f2c198-42fe-43f1-b15d-7d3d509e46f8,2024-01-03,11:39:32,ST004,Berlin Mitte,Europe,DE,SKU006,Gym Bag,Accessories,2,44.99,0.25,89.98,online,cash,CUST000219
ea98befd-6dbd-43e9-968b-e566f3dce242,2024-01-03,19:30:46,ST001,Paris Centre,Europe,FR,SKU004,Water Bottle,Accessories,2,24.99,0,49.98,mobile_app,mobile_pay,CUST001950
adc19c7b-07cf-4805-a2f5-c8540523176d,2024-01-03,12:38:37,ST001,Paris Centre,Europe,FR,SKU007,Tennis Racket,Equipment,4,199.99,0,799.96,online,credit_card,CUST000208
e0143531-81f8-4628-8c64-529bbd015e04,2024-01-03,13:28:59,ST001,Paris Centre,Europe,FR,SKU006,Gym Bag,Accessories,3,50.99,0.15,152.97,online,credit_card,CUST000967
aaefaccb-8791-4a38-b33f-307cea8d8503,2024-01-03,19:26:52,ST002,Casablanca Mall,Africa,MA,SKU002,Sport Jacket,Apparel,3,67.49,0.25,202.47,in_store,debit_card,CUST001208
f5395c28-a4ca-4aac-aa4d-0afb5ed0b06f,2024-01-03,09:28:15,ST003,London Oxford,Europe,UK,SKU010,Cycling Jersey,Apparel,2,63.74,0.15,127.48,online,cash,CUST001141
c17673c5-a76c-446a-81e1-61240c8bc054,2024-01-03,20:49:04,ST005,New York SoHo,Americas,US,SKU005,Training Shorts,Apparel,1,49.99,0,49.99,mobile_app,cash,CUST001961
e1e134d7-3dfb-402f-b39a-c3ae11077990,2024-01-03,13:29:14,ST003,London Oxford,Europe,UK,SKU008,Hiking Boots,Footwear,2,159.99,0,319.98,online,cash,CUST000683
a10658de-c2b5-4154-8dff-5f3595023415,2024-01-03,19:59:01,ST002,Casablanca Mall,Africa,MA,SKU005,Training Shorts,Apparel,3,42.49,0.15,127.47,in_store,credit_card,CUST001316
e8b782bc-ddbf-480d-8408-033e78826627,2024-01-03,15:51:03,ST004,Berlin Mitte,Europe,DE,SKU007,Tennis Racket,Equipment,4,149.99,0.25,599.96,mobile_app,credit_card,CUST001870
03e4f7db-5ecc-4bb2-b7f1-972634b73f99,2024-01-03,14:02:32,ST005,New York SoHo,Americas,US,SKU006,Gym Bag,Accessories,1,50.99,0.15,50.99,online,mobile_pay,CUST000579
e2523b83-b1ae-46d4-8c85-45683fe33e5a,2024-01-03,09:36:05,ST005,New York SoHo,Americas,US,SKU006,Gym Bag,Accessories,1,47.99,0.2,47.99,mobile_app,credit_card,CUST001090
02370887-cccd-4d92-9ad1-44d317a5d438,2024-01-03,15:39:41,ST002,Casablanca Mall,Africa,MA,SKU009,Swim Goggles,Accessories,1,16.99,0.15,16.99,in_store,credit_card,CUST001572
bfa54ded-ee73-49f5-a2a9-0a6c57d5bc1a,2024-01-03,19:09:41,ST004,Berlin Mitte,Europe,DE,SKU005,Training Shorts,Apparel,4,44.99,0.1,179.96,online,credit_card,CUST000373
ad9b5b90-1722-4b50-be4c-f2e05e9d8bf8,2024-01-03,20:44:47,ST005,New York SoHo,Americas,US,SKU006,Gym Bag,Accessories,4,50.99,0.15,203.96,online,credit_card,CUST000823
61e55fc1-4d4f-48df-807d-449b7b7c425f,2024-01-03,21:24:01,ST005,New York SoHo,Americas,US,SKU005,Training Shorts,Apparel,1,42.49,0.15,42.49,in_store,debit_card,CUST000661
c184ed39-64ee-4df2-90bb-82c08d23350e,2024-01-03,11:37:43,ST004,Berlin Mitte,Europe,DE,SKU003,Yoga Mat,Accessories,3,29.99,0.25,89.97,online,mobile_pay,CUST001339
abaccc27-87f8-480a-9f6c-fbd3aa3584bb,2024-01-03,21:36:09,ST002,Casablanca Mall,Africa,MA,SKU010,Cycling Jersey,Apparel,3,59.99,0.2,179.97,in_store,debit_card,CUST000423
990141b5-a95f-41f5-ae53-fd01e4e3d9a8,2024-01-03,16:38:54,ST003,London Oxford,Europe,UK,SKU003,Yoga Mat,Accessories,1,39.99,0,39.99,in_store,debit_card,CUST001107
1c2a447e-ed0d-4439-b87c-bdecd41ab444,2024-01-03,13:59:14,ST003,London Oxford,Europe,UK,SKU002,Sport Jacket,Apparel,3,67.49,0.25,202.47,mobile_app,debit_card,CUST000414
1847999f-f942-4f43-9ac2-a85375de992b,2024-01-03,11:59:58,ST003,London Oxford,Europe,UK,SKU003,Yoga Mat,Accessories,4,39.99,0,159.96,in_store,cash,CUST000056
3dc154fc-c7fd-463a-8357-5d30de8ee696,2024-01-03,14:01:28,ST002,Casablanca Mall,Africa,MA,SKU008,Hiking Boots,Footwear,1,119.99,0.25,119.99,mobile_app,debit_card,CUST000780
d5fbd339-3ebb-4d64-8c85-8b6281d9725a,2024-01-03,11:13:49,ST001,Paris Centre,Europe,FR,SKU008,Hiking Boots,Footwear,4,143.99,0.1,575.96,online,credit_card,CUST000191
5912c64d-217d-4893-aa43-a00b91290726,2024-01-03,20:13:07,ST002,Casablanca Mall,Africa,MA,SKU009,Swim Goggles,Accessories,1,19.99,0,19.99,online,cash,CUST001536
59dfa4ff-5550-493a-a935-7f4fd74ac245,2024-01-03,09:51:32,ST003,London Oxford,Europe,UK,SKU007,Tennis Racket,Equipment,2,199.99,0,399.98,online,mobile_pay,CUST000523
577028f6-b02b-47a2-b39d-8fd4f2288024,2024-01-03,08:24:51,ST005,New York SoHo,Americas,US,SKU002,Sport Jacket,Apparel,4,89.99,0,359.96,online,mobile_pay,CUST001970
57b93d54-28ee-439d-8d57-577a099bdacf,2024-01-03,21:04:27,ST001,Paris Centre,Europe,FR,SKU006,Gym Bag,Accessories,3,59.99,0,179.97,mobile_app,cash,CUST000470
9c746a60-8b2d-400a-84ee-02d7664ba3ea,2024-01-03,12:46:41,ST001,Paris Centre,Europe,FR,SKU007,Tennis Racket,Equipment,4,199.99,0,799.96,online,credit_card,CUST000289
b3f2216d-552e-47a2-8f5e-20f6aed9033a,2024-01-03,16:09:08,ST002,Casablanca Mall,Africa,MA,SKU003,Yoga Mat,Accessories,1,39.99,0,39.99,mobile_app,mobile_pay,CUST001562
8af93e29-8baa-434e-815f-1122a9665330,2024-01-03,19:42:18,ST001,Paris Centre,Europe,FR,SKU001,Running Shoes,Footwear,2,97.49,0.25,194.98,online,mobile_pay,CUST001687
910406e7-3162-43db-9a9e-2b9b22beaa57,2024-01-03,16:09:47,ST002,Casablanca Mall,Africa,MA,SKU007,Tennis Racket,Equipment,2,199.99,0,399.98,mobile_app,debit_card,CUST000748
77a08b88-e758-4d83-a585-1f634ca25985,2024-01-03,11:19:25,ST001,Paris Centre,Europe,FR,SKU003,Yoga Mat,Accessories,1,35.99,0.1,35.99,mobile_app,cash,CUST001862
0483b3ed-d27d-433d-bf73-3b9c0f449658,2024-01-03,20:01:21,ST003,London Oxford,Europe,UK,SKU010,Cycling Jersey,Apparel,3,74.99,0,224.97,in_store,mobile_pay,CUST000071
ad61b1a7-1587-48d1-beb1-97dc8267dbf1,2024-01-03,14:48:38,ST002,Casablanca Mall,Africa,MA,SKU007,Tennis Racket,Equipment,1,169.99,0.15,169.99,mobile_app,debit_card,CUST000324
50e511ce-7984-4fec-9b26-af095bfecdc6,2024-01-03,09:26:04,ST001,Paris Centre,Europe,FR,SKU001,Running Shoes,Footwear,3,129.99,0,389.97,in_store,mobile_pay,CUST000952
2e16dab1-7d70-42cf-88f4-909b253b92a0,2024-01-03,21:38:51,ST004,Berlin Mitte,Europe,DE,SKU009,Swim Goggles,Accessories,4,19.99,0,79.96,mobile_app,credit_card,CUST000638
e22feaae-a29b-4e9a-88dd-96dc99efb5c8,2024-01-03,13:42:34,ST004,Berlin Mitte,Europe,DE,SKU008,Hiking Boots,Footwear,3,159.99,0,479.97,online,credit_card,CUST000979
96ba663b-2adc-4a94-8419-79dca86b9b45,2024-01-03,11:32:08,ST004,Berlin Mitte,Europe,DE,SKU010,Cycling Jersey,Apparel,2,74.99,0,149.98,in_store,debit_card,CUST001351
13bd521e-26e1-44b5-8422-0f4ce01ddf7b,2024-01-03,17:06:15,ST001,Paris Centre,Europe,FR,SKU002,Sport Jacket,Apparel,4,89.99,0,359.96,in_store,cash,CUST000379
8cb880f1-1048-4c9e-a355-718079e29ff0,2024-01-03,17:33:33,ST003,London Oxford,Europe,UK,SKU006,Gym Bag,Accessories,4,47.99,0.2,191.96,mobile_app,cash,CUST001557
934ae2a0-0a08-4cc2-a7cd-64d6a8dcae34,2024-01-03,18:09:37,ST002,Casablanca Mall,Africa,MA,SKU006,Gym Bag,Accessories,4,59.99,0,239.96,mobile_app,credit_card,CUST001532
7960375f-b29b-4e6e-8709-59b17ebeae30,2024-01-03,08:09:40,ST004,Berlin Mitte,Europe,DE,SKU001,Running Shoes,Footwear,2,129.99,0,259.98,in_store,debit_card,CUST000332
221afdd5-aac6-4489-a9e8-79bd7b377988,2024-01-03,15:30:54,ST004,Berlin Mitte,Europe,DE,SKU006,Gym Bag,Accessories,1,50.99,0.15,50.99,online,debit_card,CUST001288
fa2d2801-d8ac-47d1-aafe-75deb7ec0493,2024-01-03,15:39:16,ST005,New York SoHo,Americas,US,SKU007,Tennis Racket,Equipment,4,199.99,0,799.96,mobile_app,mobile_pay,CUST000242
1eee629d-b078-466c-9f7a-ac3a52a67174,2024-01-03,10:16:21,ST003,London Oxford,Europe,UK,SKU009,Swim Goggles,Accessories,3,19.99,0,59.97,online,mobile_pay,CUST001359
85e09dc9-1ffb-45b6-baf3-e1d767a12d19,2024-01-03,20:23:27,ST001,Paris Centre,Europe,FR,SKU006,Gym Bag,Accessories,3,59.99,0,179.97,mobile_app,credit_card,CUST001976
90ca625c-4db7-40e4-ac50-527d666ef79d,2024-01-03,15:53:07,ST005,New York SoHo,Americas,US,SKU003,Yoga Mat,Accessories,1,39.99,0,39.99,in_store,cash,CUST000259
0faeb4f9-108f-48e8-8fd8-b2f8583c9898,2024-01-03,16:05:55,ST003,London Oxford,Europe,UK,SKU005,Training Shorts,Apparel,4,44.99,0.1,179.96,mobile_app,debit_card,CUST000815
1cda417f-d5be-42db-bcf9-ef3b8158667b,2024-01-03,18:14:49,ST005,New York SoHo,Americas,US,SKU004,Water Bottle,Accessories,2,18.74,0.25,37.48,in_store,debit_card,CUST001503
e2711380-6ce6-41e3-9782-c2b2cb5804f1,2024-01-03,21:33:33,ST003,London Oxford,Europe,UK,SKU009,Swim Goggles,Accessories,2,16.99,0.15,33.98,in_store,cash,CUST001105
5d2e9c69-8e30-4faf-a201-5e22aeff25b8,2024-01-03,10:06:43,ST002,Casablanca Mall,Africa,MA,SKU009,Swim Goggles,Accessories,2,19.99,0,39.98,in_store,debit_card,CUST001727
a826229c-0a76-4c22-bb90-eac6c7265ce6,2024-01-03,11:17:03,ST002,Casablanca Mall,Africa,MA,SKU009,Swim Goggles,Accessories,4,14.99,0.25,59.96,online,cash,CUST000799
d15ffa8f-e098-42ab-8bc2-03f0d4e216ee,2024-01-03,13:08:46,ST005,New York SoHo,Americas,US,SKU007,Tennis Racket,Equipment,4,179.99,0.1,719.96,online,credit_card,CUST000154
bc2ea438-10ae-4470-b895-bedc0d3003fc,2024-01-03,19:39:38,ST003,London Oxford,Europe,UK,SKU009,Swim Goggles,Accessories,3,19.99,0,59.97,in_store,credit_card,CUST001547
8392107e-7d72-4344-be39-bb624ebcd379,2024-01-03,21:10:48,ST004,Berlin Mitte,Europe,DE,SKU003,Yoga Mat,Accessories,2,35.99,0.1,71.98,in_store,mobile_pay,CUST001611
5121677c-8e60-4149-ae43-397cefb8c149,2024-01-03,11:15:53,ST002,Casablanca Mall,Africa,MA,SKU007,Tennis Racket,Equipment,4,169.99,0.15,679.96,online,credit_card,CUST000464
b3b92784-19e6-4cb6-96de-94a03a43f683,2024-01-03,19:47:37,ST003,London Oxford,Europe,UK,SKU003,Yoga Mat,Accessories,4,39.99,0,159.96,mobile_app,debit_card,CUST000422
23caaf8c-02e2-4c8d-bcad-eae523437a64,2024-01-03,13:00:40,ST004,Berlin Mitte,Europe,DE,SKU003,Yoga Mat,Accessories,3,29.99,0.25,89.97,in_store,cash,CUST001074
126f6580-3b90-4c6e-a6d1-7fb02250ed2e,2024-01-03,18:28:19,ST001,Paris Centre,Europe,FR,SKU010,Cycling Jersey,Apparel,4,74.99,0,299.96,in_store,mobile_pay,CUST000315
5853bc43-0f47-48d5-89e6-4f8394a867fd,2024-01-03,14:53:57,ST001,Paris Centre,Europe,FR,SKU006,Gym Bag,Accessories,3,59.99,0,179.97,online,credit_card,CUST001284
cb1e6829-4c42-4508-b3fa-6b266bb24606,2024-01-03,19:55:50,ST004,Berlin Mitte,Europe,DE,SKU007,Tennis Racket,Equipment,2,159.99,0.2,319.98,online,cash,CUST000461
70f9b4c0-f8a8-4810-afb8-6ace7f7282c5,2024-01-03,17:38:55,ST005,New York SoHo,Americas,US,SKU002,Sport Jacket,Apparel,1,71.99,0.2,71.99,online,debit_card,CUST001781
39c5607f-6581-438d-90a0-c9dc60b891a1,2024-01-03,18:06:55,ST004,Berlin Mitte,Europe,DE,SKU007,Tennis Racket,Equipment,4,199.99,0,799.96,online,cash,CUST001853
159aa504-9d5f-4697-bcc0-dd94c269dc2e,2024-01-03,18:53:16,ST003,London Oxford,Europe,UK,SKU009,Swim Goggles,Accessories,3,17.99,0.1,53.97,online,credit_card,CUST000027
2c5943ca-cab9-4860-84ef-6e3950d478c6,2024-01-03,15:14:37,ST001,Paris Centre,Europe,FR,SKU008,Hiking Boots,Footwear,2,135.99,0.15,271.98,online,cash,CUST000213
31900cd8-551f-440f-896a-9771cc721801,2024-01-03,16:55:59,ST004,Berlin Mitte,Europe,DE,SKU009,Swim Goggles,Accessories,4,16.99,0.15,67.96,mobile_app,mobile_pay,CUST000087
bcd4abb6-0e35-4736-86a1-6b23a6296531,2024-01-03,09:07:48,ST005,New York SoHo,Americas,US,SKU002,Sport Jacket,Apparel,1,76.49,0.15,76.49,in_store,cash,CUST001189
f4356668-7f02-4272-afb4-43c87ada98da,2024-01-03,19:02:22,ST005,New York SoHo,Americas,US,SKU007,Tennis Racket,Equipment,4,159.99,0.2,639.96,mobile_app,mobile_pay,CUST001746
e10e0d14-b441-41f8-82ca-41c5208a040a,2024-01-03,21:51:40,ST004,Berlin Mitte,Europe,DE,SKU010,Cycling Jersey,Apparel,1,67.49,0.1,67.49,mobile_app,mobile_pay,CUST001371
a3cc7e49-0ead-441a-a734-259b291a3132,2024-01-03,18:21:06,ST001,Paris Centre,Europe,FR,SKU004,Water Bottle,Accessories,2,24.99,0,49.98,online,mobile_pay,CUST001643
8420c173-1841-46dd-82c6-2c4361ef6bda,2024-01-03,21:43:22,ST001,Paris Centre,Europe,FR,SKU008,Hiking Boots,Footwear,3,159.99,0,479.97,online,debit_card,CUST000567
a450828b-efc4-4c29-b195-1489cdb35158,2024-01-03,19:40:16,ST004,Berlin Mitte,Europe,DE,SKU001,Running Shoes,Footwear,3,116.99,0.1,350.97,in_store,debit_card,CUST001144
392c0023-b074-42ac-97fd-ba2afe7cea81,2024-01-03,13:49:52,ST005,New York SoHo,Americas,US,SKU006,Gym Bag,Accessories,4,44.99,0.25,179.96,in_store,mobile_pay,CUST001755
9abe17c1-818a-4273-a10a-06d3b219588c,2024-01-03,16:47:51,ST001,Paris Centre,Europe,FR,SKU006,Gym Bag,Accessories,3,50.99,0.15,152.97,in_store,cash,CUST001698
de25b616-ebf3-45ee-8d85-cd2e24047a92,2024-01-03,14:20:39,ST003,London Oxford,Europe,UK,SKU002,Sport Jacket,Apparel,1,71.99,0.2,71.99,online,debit_card,CUST001550
c9f69d03-657c-41b2-b138-6a08ed4a8e8e,2024-01-03,19:31:22,ST004,Berlin Mitte,Europe,DE,SKU004,Water Bottle,Accessories,3,18.74,0.25,56.22,online,mobile_pay,CUST001835
153d2b80-e75f-46a9-890f-70d6ee73fd45,2024-01-03,08:07:12,ST003,London Oxford,Europe,UK,SKU003,Yoga Mat,Accessories,2,39.99,0,79.98,mobile_app,cash,CUST001862
daf82b7a-68ed-4bda-b367-e0cf5e2ea9a9,2024-01-03,16:34:11,ST005,New York SoHo,Americas,US,SKU009,Swim Goggles,Accessories,3,14.99,0.25,44.97,online,credit_card,CUST000407
51b8acd2-6a1e-41de-9fe6-a4d85cc05713,2024-01-03,12:09:45,ST001,Paris Centre,Europe,FR,SKU002,Sport Jacket,Apparel,4,67.49,0.25,269.96,online,cash,CUST000813
5e11a6d6-492e-4795-87e6-c109c6f4faf1,2024-01-03,19:52:56,ST002,Casablanca Mall,Africa,MA,SKU007,Tennis Racket,Equipment,1,149.99,0.25,149.99,online,credit_card,CUST000664
4af34f6e-d7f4-4f92-b53c-a88ad6f27a62,2024-01-03,16:09:42,ST002,Casablanca Mall,Africa,MA,SKU008,Hiking Boots,Footwear,1,159.99,0,159.99,online,credit_card,CUST001013
b004e8b4-b3b3-4552-99db-8f3e81717666,2024-01-03,15:41:51,ST002,Casablanca Mall,Africa,MA,SKU004,Water Bottle,Accessories,2,24.99,0,49.98,in_store,debit_card,CUST000026
373b34ce-a4bb-4709-8841-4a931413080b,2024-01-03,17:30:53,ST003,London Oxford,Europe,UK,SKU004,Water Bottle,Accessories,1,18.74,0.25,18.74,online,mobile_pay,CUST001140
278f34a0-4e0b-47a7-9122-3ff6324b58b1,2024-01-03,10:54:33,ST005,New York SoHo,Americas,US,SKU010,Cycling Jersey,Apparel,2,67.49,0.1,134.98,mobile_app,mobile_pay,CUST001285
a2774d8e-7e18-4e44-939f-66e833fceb12,2024-01-03,20:23:51,ST005,New York SoHo,Americas,US,SKU007,Tennis Racket,Equipment,3,159.99,0.2,479.97,online,mobile_pay,CUST000759
0aea6063-5b99-4cff-ba5e-e3e0e214e9e6,2024-01-03,13:04:44,ST003,London Oxford,Europe,UK,SKU004,Water Bottle,Accessories,3,21.24,0.15,63.72,in_store,cash,CUST001762
744dd76f-8df8-4930-8b2e-2d7bb875c2d0,2024-01-03,20:32:45,ST002,Casablanca Mall,Africa,MA,SKU009,Swim Goggles,Accessories,2,19.99,0,39.98,online,cash,CUST000215
de8967bb-6e6d-48a5-ac1a-86eb7060ff84,2024-01-03,19:41:35,ST005,New York SoHo,Americas,US,SKU004,Water Bottle,Accessories,3,19.99,0.2,59.97,in_store,mobile_pay,CUST000552
aa8af12b-5603-4426-99e4-f26ddbc6b484,2024-01-03,15:31:37,ST005,New York SoHo,Americas,US,SKU001,Running Shoes,Footwear,4,110.49,0.15,441.96,online,credit_card,CUST001953
4f3ebfec-1d05-4750-8d5f-f312d2cf6fb6,2024-01-03,18:03:57,ST002,Casablanca Mall,Africa,MA,SKU001,Running Shoes,Footwear,4,110.49,0.15,441.96,online,mobile_pay,CUST001777
6b154fab-f5a5-427b-bd18-1802917cdac7,2024-01-03,19:17:36,ST002,Casablanca Mall,Africa,MA,SKU002,Sport Jacket,Apparel,3,89.99,0,269.97,online,credit_card,CUST001462
6ab43c08-8afc-4603-a4ea-7d0bd371ad81,2024-01-03,20:08:25,ST005,New York SoHo,Americas,US,SKU008,Hiking Boots,Footwear,4,127.99,0.2,511.96,in_store,mobile_pay,CUST000635
7c253461-a6ee-44a0-85b3-49ec5fd16818,2024-01-03,17:51:56,ST005,New York SoHo,Americas,US,SKU005,Training Shorts,Apparel,3,49.99,0,149.97,mobile_app,mobile_pay,CUST000296
529d15eb-297e-4db8-9784-abcd3c3cb218,2024-01-03,08:39:03,ST005,New York SoHo,Americas,US,SKU010,Cycling Jersey,Apparel,3,56.24,0.25,168.72,mobile_app,cash,CUST001204
dce31593-8d49-4b01-b9bd-77ccf1b7bdec,2024-01-03,14:46:10,ST001,Paris Centre,Europe,FR,SKU002,Sport Jacket,Apparel,1,76.49,0.15,76.49,mobile_app,debit_card,CUST000510
6ff520e8-9b59-46af-855d-992f9116401d,2024-01-03,18:59:31,ST005,New York SoHo,Americas,US,SKU003,Yoga Mat,Accessories,2,39.99,0,79.98,mobile_app,credit_card,CUST000680
0d4cf44f-3d71-4608-aca8-a13576857d74,2024-01-03,19:43:24,ST001,Paris Centre,Europe,FR,SKU002,Sport Jacket,Apparel,4,76.49,0.15,305.96,online,mobile_pay,CUST001427
d3918c0e-2e6f-4c95-8cfe-f827b07e0c2c,2024-01-03,09:19:22,ST004,Berlin Mitte,Europe,DE,SKU003,Yoga Mat,Accessories,3,39.99,0,119.97,in_store,mobile_pay,CUST001801
eebdb978-85a1-4244-ad93-c5b94a6eba55,2024-01-03,12:25:12,ST003,London Oxford,Europe,UK,SKU008,Hiking Boots,Footwear,1,159.99,0,159.99,in_store,cash,CUST001326
e7913442-7875-4196-a9e7-3f702679057f,2024-01-03,09:33:16,ST001,Paris Centre,Europe,FR,SKU006,Gym Bag,Accessories,4,44.99,0.25,179.96,in_store,credit_card,CUST001141
589339b1-1825-4ddd-bba4-9df105401793,2024-01-03,08:33:00,ST001,Paris Centre,Europe,FR,SKU006,Gym Bag,Accessories,1,59.99,0,59.99,in_store,cash,CUST000788
970c3f5e-5955-47bc-b45a-82e938072ab6,2024-01-03,09:11:12,ST003,London Oxford,Europe,UK,SKU001,Running Shoes,Footwear,3,97.49,0.25,292.47,mobile_app,mobile_pay,CUST000373
d22eb4ae-f2a2-4da9-b08a-5244db68db9b,2024-01-03,21:43:58,ST005,New York SoHo,Americas,US,SKU004,Water Bottle,Accessories,3,24.99,0,74.97,in_store,cash,CUST001176
9009eec7-b784-46e7-826f-c08e992b5b1d,2024-01-03,10:52:52,ST002,Casablanca Mall,Africa,MA,SKU008,Hiking Boots,Footwear,2,135.99,0.15,271.98,online,credit_card,CUST001275
925a8987-4050-4215-b82b-fbcdce636bb8,2024-01-03,12:59:18,ST001,Paris Centre,Europe,FR,SKU009,Swim Goggles,Accessories,1,14.99,0.25,14.99,in_store,cash,CUST001399
c32f2533-499b-4e65-bf14-9164bd42511c,2024-01-03,15:12:38,ST002,Casablanca Mall,Africa,MA,SKU010,Cycling Jersey,Apparel,2,74.99,0,149.98,in_store,cash,CUST001921
1cf4f0df-9f1d-4d8f-ab0f-23dfa4a124e4,2024-01-03,15:07:42,ST004,Berlin Mitte,Europe,DE,SKU009,Swim Goggles,Accessories,4,14.99,0.25,59.96,mobile_app,credit_card,CUST000693
2bce3d61-4e78-4843-af46-8390cc7e6b15,2024-01-03,21:31:12,ST002,Casablanca Mall,Africa,MA,SKU006,Gym Bag,Accessories,2,59.99,0,119.98,online,credit_card,CUST000734
c86e4205-643a-4361-a162-8e81e0059460,2024-01-03,16:05:42,ST001,Paris Centre,Europe,FR,SKU008,Hiking Boots,Footwear,1,119.99,0.25,119.99,mobile_app,cash,CUST001868
b3a90fc3-53b9-4135-ab5e-480d2fd86744,2024-01-03,16:41:12,ST005,New York SoHo,Americas,US,SKU010,Cycling Jersey,Apparel,4,56.24,0.25,224.96,online,cash,CUST000278
4bc2a1c4-e1ac-4d2f-bdb1-5a02b5ee8f37,2024-01-03,14:25:27,ST004,Berlin Mitte,Europe,DE,SKU004,Water Bottle,Accessories,3,19.99,0.2,59.97,online,credit_card,CUST001005
61c2909f-c141-4bd4-a215-876d5bedbd59,2024-01-03,16:30:39,ST001,Paris Centre,Europe,FR,SKU008,Hiking Boots,Footwear,1,159.99,0,159.99,online,cash,CUST001020
340e232b-4547-436f-98b5-14beadca8a20,2024-01-03,09:19:57,ST003,London Oxford,Europe,UK,SKU001,Running Shoes,Footwear,1,129.99,0,129.99,mobile_app,debit_card,CUST001313
aade72fd-62d2-456b-9537-993fa5127962,2024-01-03,12:24:12,ST003,London Oxford,Europe,UK,SKU001,Running Shoes,Footwear,1,129.99,0,129.99,online,credit_card,CUST001688
43438efe-aabb-422c-b282-3b05d234b35c,2024-01-03,13:43:44,ST004,Berlin Mitte,Europe,DE,SKU009,Swim Goggles,Accessories,2,16.99,0.15,33.98,in_store,debit_card,CUST000203
3f54654f-c420-4c14-b132-09292187dd7e,2024-01-03,13:04:45,ST004,Berlin Mitte,Europe,DE,SKU003,Yoga Mat,Accessories,2,31.99,0.2,63.98,in_store,mobile_pay,CUST000424
b6681066-716a-4dba-8dd6-6748d19949ee,2024-01-03,14:13:57,ST005,New York SoHo,Americas,US,SKU010,Cycling Jersey,Apparel,1,74.99,0,74.99,mobile_app,credit_card,CUST001893
96afbd3c-c46b-4def-973d-d2b7b9321ffe,2024-01-03,21:58:53,ST003,London Oxford,Europe,UK,SKU001,Running Shoes,Footwear,2,103.99,0.2,207.98,online,debit_card,CUST000799
7df2cfd5-e586-4db9-b997-733f1538e7f8,2024-01-03,10:09:38,ST002,Casablanca Mall,Africa,MA,SKU006,Gym Bag,Accessories,4,59.99,0,239.96,in_store,cash,CUST001807
dbecae65-7be5-458a-b0a6-a1208ee34b9e,2024-01-03,18:47:58,ST004,Berlin Mitte,Europe,DE,SKU010,Cycling Jersey,Apparel,3,74.99,0,224.97,online,mobile_pay,CUST001414
15d4c2a5-d646-4605-aed0-13f0d43951f8,2024-01-03,12:53:57,ST001,Paris Centre,Europe,FR,SKU007,Tennis Racket,Equipment,4,179.99,0.1,719.96,in_store,mobile_pay,CUST000520
15221f69-77a9-4891-82dd-50ed7bd20e10,2024-01-03,19:49:28,ST005,New York SoHo,Americas,US,SKU001,Running Shoes,Footwear,4,129.99,0,519.96,in_store,debit_card,CUST000145
1dac110a-2b70-4ae9-933d-e312f89f3f33,2024-01-03,15:04:11,ST001,Paris Centre,Europe,FR,SKU002,Sport Jacket,Apparel,2,67.49,0.25,134.98,mobile_app,cash,CUST000343
338744ae-0fe5-4d63-a72a-f28da6e1d357,2024-01-03,12:18:54,ST003,London Oxford,Europe,UK,SKU007,Tennis Racket,Equipment,3,169.99,0.15,509.97,mobile_app,cash,CUST000223
bdbdb88f-8dec-4e18-81c7-b0508000f21d,2024-01-03,16:54:31,ST001,Paris Centre,Europe,FR,SKU007,Tennis Racket,Equipment,2,199.99,0,399.98,in_store,debit_card,CUST001062
54fecf4c-c6fd-45c4-b58e-53bdf1c3acbd,2024-01-03,09:14:02,ST001,Paris Centre,Europe,FR,SKU008,Hiking Boots,Footwear,4,159.99,0,639.96,online,debit_card,CUST000172
2e631cb3-257b-4382-ae36-1caff4bead64,2024-01-03,13:28:47,ST001,Paris Centre,Europe,FR,SKU004,Water Bottle,Accessories,4,21.24,0.15,84.96,in_store,mobile_pay,CUST001223
8772f691-b153-447a-bcf2-79e5bb1b9f1f,2024-01-03,11:46:20,ST001,Paris Centre,Europe,FR,SKU009,Swim Goggles,Accessories,2,14.99,0.25,29.98,in_store,credit_card,CUST001943
0b280416-3fc1-4f02-ad9c-62ed54ad35ca,2024-01-03,13:29:12,ST002,Casablanca Mall,Africa,MA,SKU006,Gym Bag,Accessories,3,59.99,0,179.97,mobile_app,credit_card,CUST000802
b261e37d-fc72-4ffe-93e7-9e32cce4231f,2024-01-03,09:14:11,ST004,Berlin Mitte,Europe,DE,SKU003,Yoga Mat,Accessories,3,33.99,0.15,101.97,mobile_app,debit_card,CUST000688
ac9e8878-3b77-46d5-b293-9200222ca889,2024-01-03,21:15:38,ST004,Berlin Mitte,Europe,DE,SKU001,Running Shoes,Footwear,4,129.99,0,519.96,mobile_app,cash,CUST001141
3f4c7507-01bf-426a-b1b8-0de601baafce,2024-01-03,09:43:04,ST002,Casablanca Mall,Africa,MA,SKU003,Yoga Mat,Accessories,3,39.99,0,119.97,online,credit_card,CUST001267
40c37339-c750-4245-ac9b-2a88e27925fa,2024-01-03,10:57:06,ST002,Casablanca Mall,Africa,MA,SKU006,Gym Bag,Accessories,3,59.99,0,179.97,mobile_app,debit_card,CUST000013
919713ea-ae20-4b05-b4b6-11abfd0405a9,2024-01-03,14:49:36,ST004,Berlin Mitte,Europe,DE,SKU001,Running Shoes,Footwear,1,97.49,0.25,97.49,in_store,debit_card,CUST001561
39fef365-cfcf-4d19-a422-c9091e70c4bd,2024-01-03,18:52:58,ST001,Paris Centre,Europe,FR,SKU010,Cycling Jersey,Apparel,1,74.99,0,74.99,online,mobile_pay,CUST000579
cc81f2cd-007e-4fb5-a9b3-cec5e1e42a6c,2024-01-03,11:43:31,ST005,New York SoHo,Americas,US,SKU007,Tennis Racket,Equipment,4,159.99,0.2,639.96,mobile_app,cash,CUST000707
77516bc7-cdf7-430c-a3e6-42b0e4c2c85c,2024-01-03,16:56:23,ST004,Berlin Mitte,Europe,DE,SKU008,Hiking Boots,Footwear,2,143.99,0.1,287.98,in_store,debit_card,CUST000588
d08f9a72-fe23-4ed0-ab12-87424672ca33,2024-01-03,13:47:01,ST002,Casablanca Mall,Africa,MA,SKU007,Tennis Racket,Equipment,3,199.99,0,599.97,online,cash,CUST000295
0c87f0b1-21a9-4ea9-8c9d-5fc43e3c1afc,2024-01-03,16:54:14,ST001,Paris Centre,Europe,FR,SKU008,Hiking Boots,Footwear,4,127.99,0.2,511.96,online,debit_card,CUST001721
c3fca1aa-4321-495c-9b23-ede5a3b250d4,2024-01-03,14:29:46,ST003,London Oxford,Europe,UK,SKU004,Water Bottle,Accessories,4,22.49,0.1,89.96,online,mobile_pay,CUST001951
6af4f8e8-68dd-40e7-88b5-abb389da0930,2024-01-03,13:42:25,ST004,Berlin Mitte,Europe,DE,SKU008,Hiking Boots,Footwear,3,159.99,0,479.97,in_store,debit_card,CUST000504
4eed351d-8003-446d-85b8-cf2985023568,2024-01-03,19:42:50,ST002,Casablanca Mall,Africa,MA,SKU004,Water Bottle,Accessories,2,18.74,0.25,37.48,mobile_app,cash,CUST001844
6d31f993-9ffd-44d2-a5eb-8056a04c3307,2024-01-03,18:19:13,ST004,Berlin Mitte,Europe,DE,SKU009,Swim Goggles,Accessories,4,19.99,0,79.96,online,debit_card,CUST000964
a0829e2e-de5e-4d8f-bd19-c216889cd793,2024-01-03,21:49:55,ST001,Paris Centre,Europe,FR,SKU009,Swim Goggles,Accessories,4,19.99,0,79.96,mobile_app,mobile_pay,CUST000105
67d3f587-d4be-4a33-8c99-a7d46950dea2,2024-01-03,10:42:24,ST002,Casablanca Mall,Africa,MA,SKU004,Water Bottle,Accessories,3,21.24,0.15,63.72,mobile_app,mobile_pay,CUST000370
48195565-ac9d-4697-a743-1172de009ca9,2024-01-03,17:42:11,ST004,Berlin Mitte,Europe,DE,SKU001,Running Shoes,Footwear,2,116.99,0.1,233.98,online,debit_card,CUST001314
fd8f92ca-6479-40a0-a761-348a6f811cd1,2024-01-03,14:20:29,ST004,Berlin Mitte,Europe,DE,SKU010,Cycling Jersey,Apparel,2,74.99,0,149.98,in_store,debit_card,CUST001562
227f38b4-da74-4b98-b279-06f0c18f9938,2024-01-03,09:50:04,ST004,Berlin Mitte,Europe,DE,SKU006,Gym Bag,Accessories,1,47.99,0.2,47.99,in_store,credit_card,CUST000018
0985ac63-218c-472b-a4e6-dc8e1ef4e1e6,2024-01-03,13:12:47,ST001,Paris Centre,Europe,FR,SKU006,Gym Bag,Accessories,1,59.99,0,59.99,in_store,debit_card,CUST000630
06c5a3cb-1dfd-4338-b452-657ff27c433d,2024-01-03,21:28:30,ST001,Paris Centre,Europe,FR,SKU006,Gym Bag,Accessories,3,50.99,0.15,152.97,online,debit_card,CUST000594
c4705531-316e-4c88-adca-c33334f831e1,2024-01-03,10:26:07,ST003,London Oxford,Europe,UK,SKU002,Sport Jacket,Apparel,2,89.99,0,179.98,mobile_app,mobile_pay,CUST000325
bb8ab92a-5d54-413b-ad65-da43aba81ad8,2024-01-03,12:44:54,ST005,New York SoHo,Americas,US,SKU009,Swim Goggles,Accessories,4,15.99,0.2,63.96,in_store,credit_card,CUST001360
a893a0aa-3a78-40ae-b509-fba28c36057f,2024-01-03,08:08:56,ST002,Casablanca Mall,Africa,MA,SKU008,Hiking Boots,Footwear,1,119.99,0.25,119.99,online,mobile_pay,CUST000777
ba5612a8-60ab-48fd-ba47-bc2281f3db5f,2024-01-03,19:52:23,ST004,Berlin Mitte,Europe,DE,SKU003,Yoga Mat,Accessories,1,33.99,0.15,33.99,online,debit_card,CUST000917
5b3f1e23-614c-4583-bd1a-64c00510a8f0,2024-01-03,09:56:23,ST001,Paris Centre,Europe,FR,SKU008,Hiking Boots,Footwear,3,159.99,0,479.97,in_store,debit_card,CUST000277
a17bb4fc-444c-4fa1-a928-24df6a135c83,2024-01-03,09:59:50,ST005,New York SoHo,Americas,US,SKU005,Training Shorts,Apparel,4,49.99,0,199.96,mobile_app,debit_card,CUST001970
0512372e-d4ee-4716-bbe0-987ab1452b74,2024-01-03,17:51:31,ST003,London Oxford,Europe,UK,SKU005,Training Shorts,Apparel,1,49.99,0,49.99,in_store,mobile_pay,CUST000347
594ace27-af68-4837-bf02-68e3a8aad13c,2024-01-03,12:33:57,ST003,London Oxford,Europe,UK,SKU005,Training Shorts,Apparel,2,42.49,0.15,84.98,in_store,mobile_pay,CUST000653
d8be36af-4568-4433-9695-a3d353bfb1db,2024-01-03,12:16:28,ST002,Casablanca Mall,Africa,MA,SKU001,Running Shoes,Footwear,2,103.99,0.2,207.98,online,cash,CUST000083
e5ae7012-e403-4b35-8ed9-6c3c1889a725,2024-01-03,16:02:08,ST003,London Oxford,Europe,UK,SKU008,Hiking Boots,Footwear,1,159.99,0,159.99,mobile_app,credit_card,CUST001505
41cb3a55-f474-4ab2-bfa6-ad5a7401190a,2024-01-03,11:57:30,ST005,New York SoHo,Americas,US,SKU001,Running Shoes,Footwear,3,116.99,0.1,350.97,online,mobile_pay,CUST000074
304d2594-05a4-4be6-a2eb-f5bc3885e813,2024-01-03,20:32:54,ST003,London Oxford,Europe,UK,SKU007,Tennis Racket,Equipment,3,199.99,0,599.97,online,mobile_pay,CUST001449
7848140b-749f-4d4f-a10b-b6fbc8613e69,2024-01-03,12:35:12,ST003,London Oxford,Europe,UK,SKU003,Yoga Mat,Accessories,3,31.99,0.2,95.97,online,cash,CUST000547
916c8fea-6ba7-4ec7-a150-84d0f8782ee2,2024-01-03,18:58:20,ST001,Paris Centre,Europe,FR,SKU008,Hiking Boots,Footwear,1,119.99,0.25,119.99,mobile_app,credit_card,CUST000048
c602bd7a-b01a-4c2a-a7bf-6bac37f11dbe,2024-01-03,10:23:04,ST002,Casablanca Mall,Africa,MA,SKU002,Sport Jacket,Apparel,2,89.99,0,179.98,in_store,debit_card,CUST001596
2d0272e9-c241-4401-913d-b48fff4eaa8a,2024-01-03,08:47:51,ST001,Paris Centre,Europe,FR,SKU002,Sport Jacket,Apparel,1,71.99,0.2,71.99,online,credit_card,CUST000320
fe572bfc-208a-4508-a629-5218dd98b369,2024-01-03,18:06:39,ST005,New York SoHo,Americas,US,SKU008,Hiking Boots,Footwear,3,119.99,0.25,359.97,in_store,credit_card,CUST001443
6791378a-ee76-4023-a86e-8a96c3518f67,2024-01-03,09:45:05,ST002,Casablanca Mall,Africa,MA,SKU004,Water Bottle,Accessories,1,24.99,0,24.99,in_store,mobile_pay,CUST001622
0a58df1a-d2f8-438e-8a43-6d8e2415e678,2024-01-03,09:24:20,ST002,Casablanca Mall,Africa,MA,SKU004,Water Bottle,Accessories,1,19.99,0.2,19.99,mobile_app,debit_card,CUST000975
893769b7-d959-4ec4-a887-40eb05cc2770,2024-01-03,12:46:43,ST002,Casablanca Mall,Africa,MA,SKU008,Hiking Boots,Footwear,2,143.99,0.1,287.98,mobile_app,credit_card,CUST000907
37f3472f-e53a-40ab-8e82-1d3de233acbd,2024-01-03,10:12:16,ST002,Casablanca Mall,Africa,MA,SKU009,Swim Goggles,Accessories,1,19.99,0,19.99,in_store,debit_card,CUST001434
4a3e6208-2b2a-4f42-866e-5c5d1dd46978,2024-01-03,21:20:48,ST001,Paris Centre,Europe,FR,SKU002,Sport Jacket,Apparel,2,89.99,0,179.98,in_store,debit_card,CUST000809
1aed2349-a8a5-4368-bce2-e6b06e0908d4,2024-01-03,18:18:13,ST005,New York SoHo,Americas,US,SKU005,Training Shorts,Apparel,4,42.49,0.15,169.96,online,cash,CUST001689
754751d7-5a34-4e51-b5e6-a5b835324a7c,2024-01-03,18:16:18,ST003,London Oxford,Europe,UK,SKU004,Water Bottle,Accessories,1,19.99,0.2,19.99,in_store,credit_card,CUST000127
344124e8-282d-402d-8cc4-106edc8c3f52,2024-01-03,08:39:48,ST001,Paris Centre,Europe,FR,SKU008,Hiking Boots,Footwear,3,127.99,0.2,383.97,online,credit_card,CUST001381
90598b27-6e53-47c2-b87c-581428e7d924,2024-01-03,17:49:58,ST004,Berlin Mitte,Europe,DE,SKU001,Running Shoes,Footwear,1,129.99,0,129.99,online,credit_card,CUST001166
300138b1-8624-4b38-8540-d6d3a8549633,2024-01-03,19:51:30,ST003,London Oxford,Europe,UK,SKU006,Gym Bag,Accessories,4,59.99,0,239.96,online,mobile_pay,CUST000615
a3d071c1-876c-48ae-bca6-33ca4dc7e2b4,2024-01-03,17:10:02,ST004,Berlin Mitte,Europe,DE,SKU006,Gym Bag,Accessories,2,59.99,0,119.98,mobile_app,cash,CUST000840
3faeef55-f33a-4705-afe9-99ea66d93996,2024-01-03,21:25:29,ST004,Berlin Mitte,Europe,DE,SKU008,Hiking Boots,Footwear,3,119.99,0.25,359.97,online,mobile_pay,CUST000313
ed85736a-52bf-43f9-bd5c-c60ee1c30ede,2024-01-03,21:08:50,ST002,Casablanca Mall,Africa,MA,SKU007,Tennis Racket,Equipment,4,199.99,0,799.96,online,mobile_pay,CUST001783
24d000d7-35dd-4253-9336-540823351787,2024-01-03,14:50:52,ST002,Casablanca Mall,Africa,MA,SKU007,Tennis Racket,Equipment,3,199.99,0,599.97,mobile_app,debit_card,CUST000310
edcb0bff-7a58-4a8f-aff5-488d1e5f8cbd,2024-01-03,08:25:30,ST005,New York SoHo,Americas,US,SKU003,Yoga Mat,Accessories,2,39.99,0,79.98,in_store,cash,CUST000691
d2317453-ca19-41a2-9a74-0d47ef24108d,2024-01-03,10:19:53,ST002,Casablanca Mall,Africa,MA,SKU001,Running Shoes,Footwear,4,116.99,0.1,467.96,mobile_app,cash,CUST000467
46350c65-7f0d-4439-9e84-22bb7c396184,2024-01-03,14:54:10,ST002,Casablanca Mall,Africa,MA,SKU008,Hiking Boots,Footwear,4,143.99,0.1,575.96,online,credit_card,CUST000724
3c696585-3389-452c-9e92-7c69e5549bd6,2024-01-03,15:38:18,ST001,Paris Centre,Europe,FR,SKU002,Sport Jacket,Apparel,3,71.99,0.2,215.97,in_store,debit_card,CUST001063
7bd95ddf-791a-42e3-bf03-ac3031065130,2024-01-03,08:19:40,ST004,Berlin Mitte,Europe,DE,SKU004,Water Bottle,Accessories,4,22.49,0.1,89.96,in_store,cash,CUST001292
7ace4dba-ca60-41e8-8472-dea1d64b1ec6,2024-01-03,09:38:08,ST003,London Oxford,Europe,UK,SKU010,Cycling Jersey,Apparel,4,63.74,0.15,254.96,mobile_app,cash,CUST000699
2f201719-b7d5-4d73-9a4d-9379b2238f3b,2024-01-03,15:04:01,ST003,London Oxford,Europe,UK,SKU003,Yoga Mat,Accessories,3,33.99,0.15,101.97,online,cash,CUST000855
a94f700d-1731-450f-bcee-f686fce279bb,2024-01-03,11:58:55,ST002,Casablanca Mall,Africa,MA,SKU004,Water Bottle,Accessories,3,19.99,0.2,59.97,online,mobile_pay,CUST001612
07732fe3-c06d-498c-bd7f-d34d000c0bdd,2024-01-03,20:21:44,ST003,London Oxford,Europe,UK,SKU009,Swim Goggles,Accessories,3,16.99,0.15,50.97,in_store,debit_card,CUST001978
c5891e27-919d-42aa-8011-4a6b71e0e52c,2024-01-03,17:39:15,ST003,London Oxford,Europe,UK,SKU010,Cycling Jersey,Apparel,2,59.99,0.2,119.98,in_store,mobile_pay,CUST001154
384afeeb-d2fa-4323-8703-1128b558717f,2024-01-03,09:24:48,ST004,Berlin Mitte,Europe,DE,SKU001,Running Shoes,Footwear,3,110.49,0.15,331.47,in_store,cash,CUST000167
e64e433d-533a-4021-9ff0-c2589f94c66a,2024-01-03,19:17:04,ST005,New York SoHo,Americas,US,SKU008,Hiking Boots,Footwear,4,135.99,0.15,543.96,online,mobile_pay,CUST001593
3e931673-007e-418a-af98-6ddb6d76624b,2024-01-03,21:49:03,ST002,Casablanca Mall,Africa,MA,SKU005,Training Shorts,Apparel,2,49.99,0,99.98,online,debit_card,CUST000458
871e5b4b-cb75-47b7-964b-c6d5365e6ac1,2024-01-03,17:30:35,ST001,Paris Centre,Europe,FR,SKU006,Gym Bag,Accessories,3,44.99,0.25,134.97,in_store,cash,CUST001960
d35e3998-f9b9-45cd-9856-6958eed4f692,2024-01-03,16:12:52,ST003,London Oxford,Europe,UK,SKU008,Hiking Boots,Footwear,3,135.99,0.15,407.97,mobile_app,debit_card,CUST001962
2ed833e0-768c-4b17-8257-d0ef31af0155,2024-01-03,19:03:47,ST005,New York SoHo,Americas,US,SKU010,Cycling Jersey,Apparel,1,74.99,0,74.99,in_store,cash,CUST000509
a15df30f-39b5-427f-95c5-e47e10e184e4,2024-01-03,12:13:09,ST004,Berlin Mitte,Europe,DE,SKU007,Tennis Racket,Equipment,1,199.99,0,199.99,online,credit_card,CUST000060
510d9fb8-8c09-4d68-98b4-a8076424ec2a,2024-01-03,20:58:09,ST004,Berlin Mitte,Europe,DE,SKU002,Sport Jacket,Apparel,3,80.99,0.1,242.97,online,mobile_pay,CUST001138
a75cb151-628a-4285-8ea9-a2adbe935eab,2024-01-03,13:06:59,ST002,Casablanca Mall,Africa,MA,SKU010,Cycling Jersey,Apparel,4,56.24,0.25,224.96,online,mobile_pay,CUST000566
413283d5-be1b-4f50-a59c-924d749cff76,2024-01-03,10:37:08,ST002,Casablanca Mall,Africa,MA,SKU010,Cycling Jersey,Apparel,4,74.99,0,299.96,online,credit_card,CUST000254
1a7fc3c7-68bc-417c-ba62-8030a3b06a62,2024-01-03,10:20:53,ST001,Paris Centre,Europe,FR,SKU006,Gym Bag,Accessories,4,59.99,0,239.96,mobile_app,mobile_pay,CUST001127
869e0689-4d3f-480d-b309-a1b474e3772a,2024-01-03,10:20:39,ST001,Paris Centre,Europe,FR,SKU007,Tennis Racket,Equipment,3,179.99,0.1,539.97,in_store,cash,CUST000664
3f0c0740-567e-498e-9f60-1b99457aae5e,2024-01-03,08:46:45,ST005,New York SoHo,Americas,US,SKU010,Cycling Jersey,Apparel,1,63.74,0.15,63.74,mobile_app,debit_card,CUST001018
1acf8117-283f-4d15-9943-f6499bdb4aab,2024-01-03,09:33:10,ST001,Paris Centre,Europe,FR,SKU002,Sport Jacket,Apparel,2,89.99,0,179.98,mobile_app,debit_card,CUST000189
697dc6b6-217c-480b-b14c-29be91e2ebd6,2024-01-03,14:21:48,ST003,London Oxford,Europe,UK,SKU006,Gym Bag,Accessories,3,59.99,0,179.97,in_store,mobile_pay,CUST000821
9d747eb2-2e2d-4928-915f-39c99b6aa8c9,2024-01-03,20:25:44,ST005,New York SoHo,Americas,US,SKU001,Running Shoes,Footwear,4,103.99,0.2,415.96,in_store,credit_card,CUST001668
46b133dd-484a-46cc-904b-fc301e525a2b,2024-01-03,20:58:55,ST002,Casablanca Mall,Africa,MA,SKU008,Hiking Boots,Footwear,2,159.99,0,319.98,online,debit_card,CUST000491
19337c31-9469-44ed-bf02-bfb705559752,2024-01-03,18:53:44,ST001,Paris Centre,Europe,FR,SKU009,Swim Goggles,Accessories,1,19.99,0,19.99,in_store,mobile_pay,CUST000087
05916b02-6bcf-4a84-bb4d-e5f4a8c7f75a,2024-01-03,21:08:32,ST001,Paris Centre,Europe,FR,SKU004,Water Bottle,Accessories,2,24.99,0,49.98,online,cash,CUST000794
78f096c1-14ab-4f32-b117-0ab222920bdd,2024-01-03,08:42:45,ST004,Berlin Mitte,Europe,DE,SKU001,Running Shoes,Footwear,3,116.99,0.1,350.97,mobile_app,mobile_pay,CUST001127
fabf3eaf-5e76-4d3c-b251-4a76705fffd8,2024-01-03,08:13:14,ST001,Paris Centre,Europe,FR,SKU001,Running Shoes,Footwear,2,110.49,0.15,220.98,mobile_app,mobile_pay,CUST000015
7405ae73-31ad-47d2-bbe1-e358a7a1701e,2024-01-03,21:10:25,ST003,London Oxford,Europe,UK,SKU002,Sport Jacket,Apparel,3,76.49,0.15,229.47,in_store,debit_card,CUST001099
317c8482-1c36-4d5b-823f-082b774f059e,2024-01-03,16:23:32,ST001,Paris Centre,Europe,FR,SKU010,Cycling Jersey,Apparel,3,74.99,0,224.97,online,debit_card,CUST001710
0696ffec-a33e-4834-96cf-0b3b9d1cc4a1,2024-01-03,11:20:57,ST002,Casablanca Mall,Africa,MA,SKU010,Cycling Jersey,Apparel,3,74.99,0,224.97,online,mobile_pay,CUST000245
51c4d9dc-039e-41ee-b807-5865a34fc132,2024-01-03,17:41:42,ST003,London Oxford,Europe,UK,SKU008,Hiking Boots,Footwear,1,143.99,0.1,143.99,mobile_app,mobile_pay,CUST000420
715ea96a-fd43-4dac-809f-41bc26614ec3,2024-01-03,20:06:47,ST002,Casablanca Mall,Africa,MA,SKU002,Sport Jacket,Apparel,1,80.99,0.1,80.99,in_store,debit_card,CUST001556
b275a2b7-7a67-42f9-b767-2071dfeb27ff,2024-01-03,21:19:23,ST005,New York SoHo,Americas,US,SKU005,Training Shorts,Apparel,2,42.49,0.15,84.98,online,credit_card,CUST001327
0a174be8-9b07-4265-9835-31bc9a186ee9,2024-01-03,16:01:19,ST002,Casablanca Mall,Africa,MA,SKU010,Cycling Jersey,Apparel,3,74.99,0,224.97,in_store,debit_card,CUST001699
822962b0-19d5-4f4f-8bd2-4b7dd2c7c80c,2024-01-03,19:24:46,ST002,Casablanca Mall,Africa,MA,SKU006,Gym Bag,Accessories,2,53.99,0.1,107.98,online,mobile_pay,CUST000801
a1b28590-5f8e-4285-b896-939e3e38c8b2,2024-01-03,16:38:18,ST005,New York SoHo,Americas,US,SKU003,Yoga Mat,Accessories,4,35.99,0.1,143.96,mobile_app,debit_card,CUST000160
966958c1-451e-41c9-a8d3-b9c90cc7b9c8,2024-01-03,08:39:03,ST005,New York SoHo,Americas,US,SKU002,Sport Jacket,Apparel,1,67.49,0.25,67.49,in_store,cash,CUST001905
771a04b0-66dc-4cc2-8840-bb5609337214,2024-01-03,19:36:10,ST001,Paris Centre,Europe,FR,SKU005,Training Shorts,Apparel,4,44.99,0.1,179.96,in_store,credit_card,CUST000754
89a09fc9-7c46-4aeb-bc55-7e04918a377c,2024-01-03,13:04:17,ST002,Casablanca Mall,Africa,MA,SKU004,Water Bottle,Accessories,4,19.99,0.2,79.96,online,credit_card,CUST000610
fc91b8c2-0671-469c-a3d2-3ff3eedf3de5,2024-01-03,12:29:59,ST001,Paris Centre,Europe,FR,SKU002,Sport Jacket,Apparel,3,89.99,0,269.97,in_store,credit_card,CUST001883
8e6dbc38-21af-4cfd-adae-d411f0095b55,2024-01-03,09:05:46,ST001,Paris Centre,Europe,FR,SKU008,Hiking Boots,Footwear,2,159.99,0,319.98,in_store,mobile_pay,CUST001782
7e55cafe-b71d-427a-939a-43926e21c5c2,2024-01-03,08:44:36,ST005,New York SoHo,Americas,US,SKU009,Swim Goggles,Accessories,3,19.99,0,59.97,online,credit_card,CUST001498
850a84bd-5387-4bc5-b41f-aadd6e8cd1c6,2024-01-03,18:24:01,ST002,Casablanca Mall,Africa,MA,SKU004,Water Bottle,Accessories,1,22.49,0.1,22.49,in_store,mobile_pay,CUST000886
1b074ae5-8747-4e8c-8016-f1fb60bb3ee3,2024-01-03,17:57:02,ST004,Berlin Mitte,Europe,DE,SKU007,Tennis Racket,Equipment,2,199.99,0,399.98,mobile_app,credit_card,CUST001965
83df76b5-8b9e-4d57-a760-acd7c2af78f7,2024-01-03,20:17:01,ST003,London Oxford,Europe,UK,SKU005,Training Shorts,Apparel,4,49.99,0,199.96,mobile_app,cash,CUST001973
01384aa0-caa9-43a1-9137-16eee2741873,2024-01-03,08:41:02,ST002,Casablanca Mall,Africa,MA,SKU004,Water Bottle,Accessories,4,18.74,0.25,74.96,mobile_app,mobile_pay,CUST001145
44ccf446-dbb7-4678-bd02-dd44d6da984a,2024-01-03,13:05:38,ST004,Berlin Mitte,Europe,DE,SKU004,Water Bottle,Accessories,1,24.99,0,24.99,online,mobile_pay,CUST001681
bf308033-a453-485a-b307-008177d06eb7,2024-01-03,18:57:23,ST004,Berlin Mitte,Europe,DE,SKU009,Swim Goggles,Accessories,2,19.99,0,39.98,mobile_app,debit_card,CUST000657
df864d52-eed0-451a-b1c1-b0545aa06f56,2024-01-03,14:23:29,ST003,London Oxford,Europe,UK,SKU007,Tennis Racket,Equipment,2,169.99,0.15,339.98,online,cash,CUST000303
0716bef8-3a2d-4bf8-a923-9d37515bfb01,2024-01-03,14:05:38,ST004,Berlin Mitte,Europe,DE,SKU009,Swim Goggles,Accessories,4,19.99,0,79.96,online,debit_card,CUST000682
fa6cbbaf-48b9-4f55-b508-64c64365db2f,2024-01-03,16:55:43,ST003,London Oxford,Europe,UK,SKU008,Hiking Boots,Footwear,4,119.99,0.25,479.96,in_store,credit_card,CUST000704
8f24ed9f-454e-4cf1-a54d-dc8c2cdb72bc,2024-01-03,18:53:47,ST005,New York SoHo,Americas,US,SKU003,Yoga Mat,Accessories,3,33.99,0.15,101.97,in_store,debit_card,CUST001672
2d4448c8-b462-4f92-9d61-f4b2768a5490,2024-01-03,14:56:07,ST002,Casablanca Mall,Africa,MA,SKU007,Tennis Racket,Equipment,1,149.99,0.25,149.99,mobile_app,credit_card,CUST001065
92d2edd1-992f-4624-8827-fe765cffd312,2024-01-03,16:42:10,ST001,Paris Centre,Europe,FR,SKU010,Cycling Jersey,Apparel,1,74.99,0,74.99,mobile_app,debit_card,CUST001401
eed8aa5a-3bc2-4d49-aadc-51f93ec9a6b5,2024-01-03,19:53:51,ST003,London Oxford,Europe,UK,SKU008,Hiking Boots,Footwear,1,159.99,0,159.99,online,mobile_pay,CUST001072
bd8453a0-9e47-4c4d-9693-695b28c47ba1,2024-01-03,14:44:48,ST004,Berlin Mitte,Europe,DE,SKU004,Water Bottle,Accessories,3,19.99,0.2,59.97,in_store,debit_card,CUST001312
577e123a-9497-4a49-a66f-4806988b9fe1,2024-01-03,08:57:50,ST004,Berlin Mitte,Europe,DE,SKU003,Yoga Mat,Accessories,2,31.99,0.2,63.98,mobile_app,credit_card,CUST001015
368f181e-85cf-4ddf-b0be-eb9f57ad5a6e,2024-01-03,20:25:19,ST002,Casablanca Mall,Africa,MA,SKU002,Sport Jacket,Apparel,3,89.99,0,269.97,in_store,credit_card,CUST001949
0f85823a-9c0c-4ea0-a371-f67c6f8fc751,2024-01-03,12:07:13,ST002,Casablanca Mall,Africa,MA,SKU001,Running Shoes,Footwear,1,129.99,0,129.99,in_store,credit_card,CUST000138
7857c78e-7caa-45bf-9ce5-4d78bc0c5db5,2024-01-03,13:42:25,ST003,London Oxford,Europe,UK,SKU008,Hiking Boots,Footwear,1,143.99,0.1,143.99,in_store,cash,CUST000703
e541e559-097b-47c6-ac1b-69d359e83aa8,2024-01-03,14:39:37,ST004,Berlin Mitte,Europe,DE,SKU006,Gym Bag,Accessories,2,59.99,0,119.98,online,credit_card,CUST001391
079c23de-6620-472f-b04d-4e120194e23a,2024-01-03,13:01:16,ST004,Berlin Mitte,Europe,DE,SKU001,Running Shoes,Footwear,4,129.99,0,519.96,mobile_app,mobile_pay,CUST001764
7f4c93d1-90b6-4549-9e6d-944b1e399cb9,2024-01-03,19:37:39,ST004,Berlin Mitte,Europe,DE,SKU009,Swim Goggles,Accessories,1,17.99,0.1,17.99,online,mobile_pay,CUST000056
20b64449-9f54-4548-beeb-8bdade3409e3,2024-01-03,09:30:16,ST004,Berlin Mitte,Europe,DE,SKU001,Running Shoes,Footwear,4,97.49,0.25,389.96,mobile_app,credit_card,CUST000170
15bb86b7-28ff-44b2-96d4-47e5bb09be64,2024-01-03,19:21:15,ST002,Casablanca Mall,Africa,MA,SKU002,Sport Jacket,Apparel,4,80.99,0.1,323.96,mobile_app,mobile_pay,CUST000071
f7eee7ec-2476-40a9-a547-14c1367299c8,2024-01-03,17:26:06,ST003,London Oxford,Europe,UK,SKU005,Training Shorts,Apparel,4,49.99,0,199.96,in_store,debit_card,CUST001216
75c35453-5625-4e38-81a9-e6638d483ea2,2024-01-03,16:11:29,ST001,Paris Centre,Europe,FR,SKU009,Swim Goggles,Accessories,4,19.99,0,79.96,online,mobile_pay,CUST001642
15fd7c74-add2-4672-ae75-4b23ae5c0341,2024-01-03,09:44:33,ST005,New York SoHo,Americas,US,SKU001,Running Shoes,Footwear,3,110.49,0.15,331.47,online,debit_card,CUST001848
ad78c2fa-e202-4ce2-a94f-642d0931e274,2024-01-03,12:38:21,ST004,Berlin Mitte,Europe,DE,SKU005,Training Shorts,Apparel,2,49.99,0,99.98,online,credit_card,CUST001407
f882bf0e-dff9-41c1-9c33-850568d2c288,2024-01-03,15:15:00,ST002,Casablanca Mall,Africa,MA,SKU002,Sport Jacket,Apparel,2,80.99,0.1,161.98,online,debit_card,CUST001583
d5624035-ee41-40ff-9f2e-5f58111ab510,2024-01-03,11:21:55,ST004,Berlin Mitte,Europe,DE,SKU001,Running Shoes,Footwear,3,129.99,0,389.97,mobile_app,mobile_pay,CUST000469
bfb1c2a3-baa3-44d1-ad09-49224cbb218e,2024-01-03,10:08:47,ST004,Berlin Mitte,Europe,DE,SKU002,Sport Jacket,Apparel,1,89.99,0,89.99,mobile_app,credit_card,CUST000898
be443334-4cae-4ed0-8b9f-8b327dbdb057,2024-01-03,19:33:57,ST004,Berlin Mitte,Europe,DE,SKU006,Gym Bag,Accessories,4,59.99,0,239.96,mobile_app,cash,CUST001301
31e5d1fa-fe69-4f90-8f9d-ac55f24fb474,2024-01-03,08:17:27,ST005,New York SoHo,Americas,US,SKU002,Sport Jacket,Apparel,4,80.99,0.1,323.96,mobile_app,mobile_pay,CUST000138
6daabc34-849c-4d43-9df9-126e0fdde7cf,2024-01-03,13:30:25,ST001,Paris Centre,Europe,FR,SKU002,Sport Jacket,Apparel,3,71.99,0.2,215.97,mobile_app,debit_card,CUST001857
a067e0ae-dc49-4e80-bc95-480f8808690b,2024-01-03,09:36:11,ST002,Casablanca Mall,Africa,MA,SKU002,Sport Jacket,Apparel,1,89.99,0,89.99,mobile_app,debit_card,CUST000914
5af46e36-be0d-40e1-8037-3b30d414ffcd,2024-01-03,09:50:42,ST005,New York SoHo,Americas,US,SKU006,Gym Bag,Accessories,3,53.99,0.1,161.97,in_store,mobile_pay,CUST000238
323fca88-e195-442b-b80c-6d56a5ef0f82,2024-01-03,10:19:08,ST005,New York SoHo,Americas,US,SKU001,Running Shoes,Footwear,2,129.99,0,259.98,mobile_app,mobile_pay,CUST000023
bc4b0dcb-2881-45d2-86b3-d785d9c170d1,2024-01-03,16:42:17,ST003,London Oxford,Europe,UK,SKU001,Running Shoes,Footwear,1,129.99,0,129.99,mobile_app,credit_card,CUST000622
7ff74977-5d82-4982-8463-f8b229d4a2eb,2024-01-03,15:51:13,ST002,Casablanca Mall,Africa,MA,SKU006,Gym Bag,Accessories,2,44.99,0.25,89.98,in_store,mobile_pay,CUST000980
d48551e7-6745-415f-ab9d-ef13beac12e2,2024-01-03,14:35:40,ST004,Berlin Mitte,Europe,DE,SKU004,Water Bottle,Accessories,1,24.99,0,24.99,mobile_app,credit_card,CUST000300
03435f30-2d1d-4383-bb56-ddd5976a709a,2024-01-03,20:04:30,ST002,Casablanca Mall,Africa,MA,SKU009,Swim Goggles,Accessories,2,14.99,0.25,29.98,mobile_app,credit_card,CUST001160
d35b621c-3898-4e97-ac3c-d38deba7c116,2024-01-03,18:23:14,ST002,Casablanca Mall,Africa,MA,SKU004,Water Bottle,Accessories,4,18.74,0.25,74.96,online,mobile_pay,CUST000123
0177883f-bd2b-4d3a-9011-52843b8a8dc4,2024-01-03,14:01:12,ST004,Berlin Mitte,Europe,DE,SKU001,Running Shoes,Footwear,3,97.49,0.25,292.47,mobile_app,cash,CUST000801
b9621e0c-4c0d-4eff-a645-8780df705bf5,2024-01-03,10:30:39,ST004,Berlin Mitte,Europe,DE,SKU010,Cycling Jersey,Apparel,2,59.99,0.2,119.98,mobile_app,mobile_pay,CUST001324
67cfd63b-7484-4b82-a9d9-3adb0283c962,2024-01-03,20:04:27,ST002,Casablanca Mall,Africa,MA,SKU004,Water Bottle,Accessories,3,22.49,0.1,67.47,mobile_app,credit_card,CUST000855
44dae508-8f66-48f4-92d5-0edf03ea34c2,2024-01-03,20:09:49,ST001,Paris Centre,Europe,FR,SKU009,Swim Goggles,Accessories,1,15.99,0.2,15.99,mobile_app,credit_card,CUST000757
7f5589cb-0bac-4005-ac17-414b9e4391b0,2024-01-03,18:51:58,ST003,London Oxford,Europe,UK,SKU007,Tennis Racket,Equipment,3,179.99,0.1,539.97,online,cash,CUST001713
8346fc7e-06ba-43dd-9c8a-8a07a249dbe2,2024-01-03,21:30:32,ST005,New York SoHo,Americas,US,SKU010,Cycling Jersey,Apparel,3,74.99,0,224.97,online,mobile_pay,CUST001552
b23667fb-49d5-4401-8fe9-717ca039dfbe,2024-01-03,13:05:44,ST005,New York SoHo,Americas,US,SKU009,Swim Goggles,Accessories,2,17.99,0.1,35.98,online,cash,CUST001092
b9c89310-919c-4f57-83d6-8021c0e62081,2024-01-03,18:17:59,ST005,New York SoHo,Americas,US,SKU010,Cycling Jersey,Apparel,1,74.99,0,74.99,online,cash,CUST001218
350b8186-4ed9-4b2d-89ce-64bf85638fe3,2024-01-03,11:36:12,ST005,New York SoHo,Americas,US,SKU004,Water Bottle,Accessories,3,24.99,0,74.97,online,cash,CUST000393
06428441-564b-4203-83cc-c9b94eb10373,2024-01-03,12:38:27,ST003,London Oxford,Europe,UK,SKU009,Swim Goggles,Accessories,4,19.99,0,79.96,mobile_app,debit_card,CUST001574
7f308c42-3892-4ed8-b3b8-8fc97bf819f8,2024-01-03,18:43:23,ST005,New York SoHo,Americas,US,SKU003,Yoga Mat,Accessories,3,39.99,0,119.97,mobile_app,cash,CUST000419
14ad35d4-32fb-4a2f-93f2-b5a5fd625181,2024-01-03,19:46:56,ST004,Berlin Mitte,Europe,DE,SKU010,Cycling Jersey,Apparel,2,74.99,0,149.98,online,debit_card,CUST000422
14130161-a448-4ba1-a3ab-247b48e21a3f,2024-01-03,20:31:23,ST005,New York SoHo,Americas,US,SKU006,Gym Bag,Accessories,2,47.99,0.2,95.98,in_store,mobile_pay,CUST000992
27aa6bc9-1a6a-4463-bfb3-1d0cf0405c76,2024-01-03,13:09:16,ST003,London Oxford,Europe,UK,SKU010,Cycling Jersey,Apparel,4,63.74,0.15,254.96,mobile_app,credit_card,CUST000518
7eed8969-0389-4901-8b9f-5f26c10b9cda,2024-01-03,09:12:51,ST001,Paris Centre,Europe,FR,SKU007,Tennis Racket,Equipment,4,199.99,0,799.96,online,mobile_pay,CUST000932
66adc397-b7a8-4b12-85a7-ad8381109bd1,2024-01-03,17:26:12,ST005,New York SoHo,Americas,US,SKU010,Cycling Jersey,Apparel,3,63.74,0.15,191.22,online,credit_card,CUST000876
a214bddf-bd9a-45f8-a1cd-a85178942a9c,2024-01-03,14:24:20,ST004,Berlin Mitte,Europe,DE,SKU010,Cycling Jersey,Apparel,1,67.49,0.1,67.49,in_store,debit_card,CUST000371
b421983c-ddb6-4618-b64b-0f90791cf015,2024-01-03,21:04:17,ST001,Paris Centre,Europe,FR,SKU006,Gym Bag,Accessories,1,59.99,0,59.99,in_store,cash,CUST000261
05355b0a-5c8c-4867-972e-1934c4c4d38a,2024-01-03,18:36:03,ST001,Paris Centre,Europe,FR,SKU007,Tennis Racket,Equipment,2,199.99,0,399.98,in_store,credit_card,CUST000692
1360e521-c408-4abf-8e75-b9bc1f051190,2024-01-03,11:14:14,ST005,New York SoHo,Americas,US,SKU005,Training Shorts,Apparel,3,44.99,0.1,134.97,mobile_app,cash,CUST001901
deda6334-63c2-43ce-92ff-5f2f6aab5c9e,2024-01-03,08:35:37,ST005,New York SoHo,Americas,US,SKU006,Gym Bag,Accessories,2,59.99,0,119.98,online,debit_card,CUST000352
cd7ba136-3961-436c-be93-eca3a6c982fb,2024-01-03,09:36:47,ST004,Berlin Mitte,Europe,DE,SKU004,Water Bottle,Accessories,1,24.99,0,24.99,mobile_app,cash,CUST001658
782452e1-fcd1-456d-a8a4-b260e6d82b42,2024-01-03,21:26:14,ST004,Berlin Mitte,Europe,DE,SKU002,Sport Jacket,Apparel,1,89.99,0,89.99,in_store,mobile_pay,CUST001249
648cab19-5a69-4a01-bb58-18babdce476e,2024-01-03,09:00:15,ST002,Casablanca Mall,Africa,MA,SKU003,Yoga Mat,Accessories,2,39.99,0,79.98,mobile_app,cash,CUST000892
cce65956-605a-46ce-bfb8-d279feeef8b8,2024-01-04,11:06:54,ST005,New York SoHo,Americas,US,SKU007,Tennis Racket,Equipment,4,199.99,0,799.96,in_store,mobile_pay,CUST001460
60e39a47-fede-4a83-9c69-e53d765bf673,2024-01-04,14:54:39,ST004,Berlin Mitte,Europe,DE,SKU008,Hiking Boots,Footwear,2,127.99,0.2,255.98,online,credit_card,CUST001109
d7e94b18-65d9-4d3d-a5e5-970b06604a3a,2024-01-04,20:56:33,ST003,London Oxford,Europe,UK,SKU004,Water Bottle,Accessories,4,22.49,0.1,89.96,online,cash,CUST000043
2dea7c1c-ff94-4d50-b434-5977688cb495,2024-01-04,15:38:13,ST004,Berlin Mitte,Europe,DE,SKU009,Swim Goggles,Accessories,4,14.99,0.25,59.96,online,debit_card,CUST001441
2ef26b38-5c2c-4c16-a6e3-64de927ea06f,2024-01-04,20:25:13,ST001,Paris Centre,Europe,FR,SKU010,Cycling Jersey,Apparel,4,74.99,0,299.96,in_store,cash,CUST000724
01eae8ef-7f53-42c7-9f2a-735034d4261c,2024-01-04,12:57:14,ST004,Berlin Mitte,Europe,DE,SKU005,Training Shorts,Apparel,2,39.99,0.2,79.98,online,mobile_pay,CUST001968
f0e71a47-db21-4158-9d57-5e3bd22381a8,2024-01-04,19:04:28,ST001,Paris Centre,Europe,FR,SKU010,Cycling Jersey,Apparel,2,59.99,0.2,119.98,mobile_app,credit_card,CUST000797
19c708f5-edb0-4ce5-a9b6-2db184c496cf,2024-01-04,08:31:27,ST005,New York SoHo,Americas,US,SKU006,Gym Bag,Accessories,3,53.99,0.1,161.97,mobile_app,mobile_pay,CUST001863
3d6d1eeb-f412-4734-b088-b519ace9155c,2024-01-04,13:14:17,ST004,Berlin Mitte,Europe,DE,SKU002,Sport Jacket,Apparel,4,89.99,0,359.96,online,cash,CUST000981
0c5db83e-5641-48ad-9bb2-a913d67968c1,2024-01-04,17:41:33,ST002,Casablanca Mall,Africa,MA,SKU003,Yoga Mat,Accessories,2,29.99,0.25,59.98,mobile_app,debit_card,CUST001733
75fedf7e-d932-4b53-b351-6c62413d73b1,2024-01-04,20:14:05,ST001,Paris Centre,Europe,FR,SKU007,Tennis Racket,Equipment,3,199.99,0,599.97,mobile_app,debit_card,CUST000190
68abc69c-f35b-4f4e-a698-62d35a86bb1e,2024-01-04,09:33:59,ST005,New York SoHo,Americas,US,SKU009,Swim Goggles,Accessories,1,19.99,0,19.99,online,mobile_pay,CUST000306
d472e06f-2b32-449a-a0d4-4c0efd1b34f2,2024-01-04,21:58:11,ST003,London Oxford,Europe,UK,SKU003,Yoga Mat,Accessories,4,39.99,0,159.96,in_store,mobile_pay,CUST000639
73ac41f6-7d37-41f3-ba49-17383a33a057,2024-01-04,21:05:39,ST002,Casablanca Mall,Africa,MA,SKU009,Swim Goggles,Accessories,1,19.99,0,19.99,in_store,debit_card,CUST000591
7d6cb9e0-ad33-412b-b3ba-8e57806493d5,2024-01-04,11:01:51,ST005,New York SoHo,Americas,US,SKU008,Hiking Boots,Footwear,4,159.99,0,639.96,in_store,credit_card,CUST000138
30890398-510b-4201-962f-5379225cb7e9,2024-01-04,09:49:29,ST001,Paris Centre,Europe,FR,SKU005,Training Shorts,Apparel,2,42.49,0.15,84.98,mobile_app,cash,CUST001482
7112266b-8c06-49e0-a295-18e2d70f0d96,2024-01-04,20:00:20,ST002,Casablanca Mall,Africa,MA,SKU003,Yoga Mat,Accessories,2,39.99,0,79.98,in_store,cash,CUST001052
426f411a-fa52-4cb6-a0ab-60ee421b0a2d,2024-01-04,10:10:03,ST001,Paris Centre,Europe,FR,SKU009,Swim Goggles,Accessories,1,17.99,0.1,17.99,online,debit_card,CUST001734
4b78317c-5567-4eb9-804e-537b5a331295,2024-01-04,20:17:29,ST002,Casablanca Mall,Africa,MA,SKU004,Water Bottle,Accessories,3,21.24,0.15,63.72,in_store,mobile_pay,CUST000359
5c4e2ba5-1249-473e-baeb-1072dead8197,2024-01-04,17:48:02,ST001,Paris Centre,Europe,FR,SKU004,Water Bottle,Accessories,2,19.99,0.2,39.98,in_store,mobile_pay,CUST000279
34426045-0988-42db-80b4-3f190d97b96d,2024-01-04,20:31:43,ST001,Paris Centre,Europe,FR,SKU005,Training Shorts,Apparel,4,42.49,0.15,169.96,online,mobile_pay,CUST001821
6b2091a9-9ff6-4ea2-96c4-77f296c1c70c,2024-01-04,17:36:45,ST005,New York SoHo,Americas,US,SKU008,Hiking Boots,Footwear,3,119.99,0.25,359.97,mobile_app,mobile_pay,CUST001540
66f2bcff-172f-47fd-ae90-c84b19ac685a,2024-01-04,16:54:31,ST003,London Oxford,Europe,UK,SKU009,Swim Goggles,Accessories,4,19.99,0,79.96,in_store,credit_card,CUST000424
a148c714-0a9e-43e0-92cd-20391a9eb127,2024-01-04,12:07:38,ST001,Paris Centre,Europe,FR,SKU010,Cycling Jersey,Apparel,3,56.24,0.25,168.72,online,mobile_pay,CUST000770
bc7b9164-6303-427c-b44e-0d1b2f9900c3,2024-01-04,15:12:48,ST003,London Oxford,Europe,UK,SKU006,Gym Bag,Accessories,1,59.99,0,59.99,in_store,debit_card,CUST000892
143b21bb-5109-4516-9976-8ee2597ebd0d,2024-01-04,20:19:25,ST002,Casablanca Mall,Africa,MA,SKU008,Hiking Boots,Footwear,2,127.99,0.2,255.98,in_store,debit_card,CUST000034
edaadc53-5aac-4f71-8eae-5c7e57fa2a7c,2024-01-04,14:29:45,ST002,Casablanca Mall,Africa,MA,SKU008,Hiking Boots,Footwear,3,143.99,0.1,431.97,online,cash,CUST001808
42cacd6b-b003-44b9-9411-1a70acfbef31,2024-01-04,08:15:09,ST002,Casablanca Mall,Africa,MA,SKU008,Hiking Boots,Footwear,2,143.99,0.1,287.98,mobile_app,credit_card,CUST000606
a2179e7d-bdc9-4649-9cdb-f50a13b889a8,2024-01-04,14:56:41,ST003,London Oxford,Europe,UK,SKU001,Running Shoes,Footwear,3,116.99,0.1,350.97,online,credit_card,CUST001226
0f21f497-87c4-4129-ae8d-960c541ef87d,2024-01-04,21:54:30,ST003,London Oxford,Europe,UK,SKU006,Gym Bag,Accessories,4,59.99,0,239.96,in_store,cash,CUST000679
6e8a48cf-1cec-475c-bf25-7f5e799d375f,2024-01-04,09:09:47,ST002,Casablanca Mall,Africa,MA,SKU005,Training Shorts,Apparel,2,49.99,0,99.98,mobile_app,cash,CUST000123
d7c4a9f1-aca7-4179-957c-bedef116d71c,2024-01-04,16:23:01,ST001,Paris Centre,Europe,FR,SKU009,Swim Goggles,Accessories,2,15.99,0.2,31.98,online,mobile_pay,CUST000685
1d15ad3c-21f8-4aa4-a66e-90a3982dba0a,2024-01-04,13:18:23,ST005,New York SoHo,Americas,US,SKU008,Hiking Boots,Footwear,3,135.99,0.15,407.97,in_store,credit_card,CUST001810
9bb099b0-311b-4034-a708-157443b19ec2,2024-01-04,16:02:42,ST004,Berlin Mitte,Europe,DE,SKU008,Hiking Boots,Footwear,4,119.99,0.25,479.96,mobile_app,credit_card,CUST001983
0be9523f-51e5-421e-a4d4-eefa4f79fc0d,2024-01-04,19:28:46,ST002,Casablanca Mall,Africa,MA,SKU007,Tennis Racket,Equipment,3,159.99,0.2,479.97,mobile_app,cash,CUST000295
e78007e1-c239-435c-882e-2ffa885a20d6,2024-01-04,14:17:25,ST002,Casablanca Mall,Africa,MA,SKU004,Water Bottle,Accessories,1,21.24,0.15,21.24,in_store,credit_card,CUST000091
0768ab97-4af1-4653-8053-b410cfd6dc82,2024-01-04,14:36:12,ST003,London Oxford,Europe,UK,SKU001,Running Shoes,Footwear,2,129.99,0,259.98,online,debit_card,CUST000875
0848bbc4-c2f9-4878-a301-6056d0d3e979,2024-01-04,08:04:10,ST005,New York SoHo,Americas,US,SKU010,Cycling Jersey,Apparel,3,74.99,0,224.97,in_store,cash,CUST001490
c7582683-dd47-4ba0-afe4-b007bec28785,2024-01-04,10:59:43,ST004,Berlin Mitte,Europe,DE,SKU002,Sport Jacket,Apparel,2,80.99,0.1,161.98,online,credit_card,CUST000164
85cdfe8e-113d-4d7c-80c3-a0d0ecfa012a,2024-01-04,15:16:36,ST004,Berlin Mitte,Europe,DE,SKU006,Gym Bag,Accessories,3,44.99,0.25,134.97,mobile_app,cash,CUST001294
73d445fa-9e8a-43e8-9057-528ec996fb87,2024-01-04,18:53:45,ST003,London Oxford,Europe,UK,SKU009,Swim Goggles,Accessories,2,15.99,0.2,31.98,mobile_app,cash,CUST001652
012bf014-c17b-4e6f-9f30-300ea86a8944,2024-01-04,08:27:30,ST005,New York SoHo,Americas,US,SKU004,Water Bottle,Accessories,2,18.74,0.25,37.48,online,cash,CUST001925
f974cfd9-3852-4921-8d6a-97a609eee36a,2024-01-04,14:03:37,ST005,New York SoHo,Americas,US,SKU005,Training Shorts,Apparel,4,39.99,0.2,159.96,online,cash,CUST000219
bbef3685-ad41-4414-9cb5-cfdbaa88dca4,2024-01-04,20:14:56,ST002,Casablanca Mall,Africa,MA,SKU009,Swim Goggles,Accessories,2,14.99,0.25,29.98,in_store,mobile_pay,CUST001854
8015a35c-7369-4709-a806-db527252b382,2024-01-04,19:25:26,ST002,Casablanca Mall,Africa,MA,SKU002,Sport Jacket,Apparel,3,80.99,0.1,242.97,mobile_app,cash,CUST000613
2b3ce34b-6c40-448a-acc4-409fa12ef657,2024-01-04,15:59:42,ST001,Paris Centre,Europe,FR,SKU004,Water Bottle,Accessories,2,21.24,0.15,42.48,in_store,cash,CUST001897
523cef9a-d38f-4ffc-ac68-6b70a8728ea0,2024-01-04,14:09:26,ST001,Paris Centre,Europe,FR,SKU007,Tennis Racket,Equipment,4,149.99,0.25,599.96,online,credit_card,CUST000684
021cfb0a-ef9a-4858-b672-7e75a16456b3,2024-01-04,15:56:31,ST003,London Oxford,Europe,UK,SKU002,Sport Jacket,Apparel,3,89.99,0,269.97,online,debit_card,CUST000831
e8909ee6-1477-4e3e-ab65-67e2dba4c17a,2024-01-04,17:51:10,ST004,Berlin Mitte,Europe,DE,SKU004,Water Bottle,Accessories,3,24.99,0,74.97,online,debit_card,CUST001225
98dbfdb2-db15-4bcb-a52d-6009a4869f1b,2024-01-04,09:06:05,ST003,London Oxford,Europe,UK,SKU010,Cycling Jersey,Apparel,4,56.24,0.25,224.96,in_store,credit_card,CUST000308
32cd5307-c0e9-4a81-b6e0-9fdbf2fd7967,2024-01-04,20:51:44,ST005,New York SoHo,Americas,US,SKU007,Tennis Racket,Equipment,4,199.99,0,799.96,mobile_app,debit_card,CUST000106
7fd2fee8-7524-40be-bed3-6dc92644aae6,2024-01-04,10:18:53,ST001,Paris Centre,Europe,FR,SKU008,Hiking Boots,Footwear,2,159.99,0,319.98,online,cash,CUST001365
e2fb1ef9-b170-43d0-bc0e-dfb52e7949bc,2024-01-04,12:21:06,ST005,New York SoHo,Americas,US,SKU002,Sport Jacket,Apparel,1,89.99,0,89.99,in_store,credit_card,CUST000081
7c2b2c21-63fa-46fe-a1dc-8c003d123b73,2024-01-04,10:57:25,ST005,New York SoHo,Americas,US,SKU001,Running Shoes,Footwear,2,97.49,0.25,194.98,online,credit_card,CUST000548
d1eda6fd-04e2-47b2-a05c-5cc1ebe0136a,2024-01-04,17:18:08,ST005,New York SoHo,Americas,US,SKU005,Training Shorts,Apparel,1,37.49,0.25,37.49,in_store,mobile_pay,CUST001242
040e3b1d-5c97-4b86-9c6b-d156ea79a372,2024-01-04,17:14:44,ST003,London Oxford,Europe,UK,SKU003,Yoga Mat,Accessories,1,35.99,0.1,35.99,online,credit_card,CUST000806
